nation,year,emissions_transfers
albania,1990,-0.00973225276854928
albania,1991,-0.0883130465717981
albania,1992,-0.108817547205205
albania,1993,-0.0913837400730576
albania,1994,-0.122455279673176
albania,1995,-0.124784797205148
albania,1996,-0.275265128468275
albania,1997,-0.184753247156764
albania,1998,-0.213240357286551
albania,1999,-0.217332010340425
albania,2000,-0.286656446510912
albania,2001,-0.345152913947516
albania,2002,-0.369772585729732
albania,2003,-0.437446983258223
albania,2004,-0.356384466302826
albania,2005,-0.411516976934641
albania,2006,-0.483729270961802
albania,2007,-0.547765462226197
albania,2008,-0.585522141573741
albania,2009,-0.68450950998687
albania,2010,-0.49960262468131
albania,2011,-0.499566302151924
albania,2012,-0.544329730910052
albania,2013,-0.35206427842574
albania,2014,-0.139970662316136
albania,2015,-0.327749025314963
albania,2016,-0.324917809221321
albania,2017,-0.17665533282163
albania,2018,-0.286324548276208
albania,2019,-0.274403746819039
albania,2020,-0.273603071741254
albania,2021,-0.289632244944465
argentina,1990,-0.233562725775968
argentina,1991,-1.0052665985088
argentina,1992,-1.94379656121709
argentina,1993,-1.63017629622586
argentina,1994,-1.55249869854771
argentina,1995,-0.85022647392428
argentina,1996,-0.86813394783114
argentina,1997,-1.934061238788
argentina,1998,-2.30460970442642
argentina,1999,-0.441413841503575
argentina,2000,0.347467175555103
argentina,2001,1.21185195315176
argentina,2002,11.6144653672537
argentina,2003,5.90630993949086
argentina,2004,6.43918133533457
argentina,2005,5.66884463765658
argentina,2006,6.36680082595002
argentina,2007,4.75786705762329
argentina,2008,3.96227662343519
argentina,2009,5.5792392527233
argentina,2010,3.83298729082438
argentina,2011,-0.0137117747291455
argentina,2012,0.420035898893786
argentina,2013,-2.4372532247045
argentina,2014,0.862975633748846
argentina,2015,-2.23705994416109
argentina,2016,0.726901235069413
argentina,2017,-1.11181640456824
argentina,2018,0.804080678224452
argentina,2019,3.13175199163354
argentina,2020,2.50993022566259
argentina,2021,3.40129854318403
armenia,1990,0.800674650446032
armenia,1991,0.747592831713534
armenia,1992,0.574267880015149
armenia,1993,0.191762379769473
armenia,1994,0.245877525536556
armenia,1995,0.185459938595483
armenia,1996,-0.0787023734371263
armenia,1997,-0.225282848592687
armenia,1998,-0.167468535695666
armenia,1999,-0.581778117467476
armenia,2000,-0.209873410763919
armenia,2001,-0.254220477755447
armenia,2002,-0.370617986704222
armenia,2003,-0.138975220537812
armenia,2004,-0.148642637268673
armenia,2005,-0.381113604263647
armenia,2006,-0.198012132314451
armenia,2007,-1.36704651198213
armenia,2008,-0.260237395199556
armenia,2009,-0.415578520118162
armenia,2010,-0.284495957214272
armenia,2011,-0.0845570925707717
armenia,2012,-0.210108586770772
armenia,2013,-0.137359165786932
armenia,2014,-0.0586557290710668
armenia,2015,-0.113541784477554
armenia,2016,-0.0867840908065618
armenia,2017,-0.0703134195013442
armenia,2018,-0.351673217563974
armenia,2019,-0.174777746327982
armenia,2020,-0.174571352157112
armenia,2021,-0.202002828453524
australia,1990,9.50767455266686
australia,1991,9.71525299174027
australia,1992,10.369119122332
australia,1993,11.3048181794395
australia,1994,10.2856154384386
australia,1995,11.847840100502
australia,1996,11.9868392191933
australia,1997,12.1961798070053
australia,1998,10.5239230180236
australia,1999,12.9213021292076
australia,2000,16.1317152544255
australia,2001,15.8779408292058
australia,2002,12.1049520168558
australia,2003,9.46029385699404
australia,2004,10.4783646407722
australia,2005,11.5206486165187
australia,2006,9.93180870136827
australia,2007,8.82957162535912
australia,2008,11.3167893008217
australia,2009,3.56188296020926
australia,2010,2.87400261142425
australia,2011,2.78877798372434
australia,2012,1.3316968776206
australia,2013,5.09344745738997
australia,2014,3.55932173412542
australia,2015,5.36251964144383
australia,2016,10.6148134255249
australia,2017,9.95490438646142
australia,2018,13.7725182566416
australia,2019,14.6320995377534
australia,2020,11.7935451619022
australia,2021,13.1817971363666
austria,1990,-7.43367973335362
austria,1991,-6.91086197542955
austria,1992,-8.96875403850089
austria,1993,-7.75034041360982
austria,1994,-7.59142815352737
austria,1995,-7.90544446457461
austria,1996,-9.17719338065499
austria,1997,-7.59580474097748
austria,1998,-8.60901407584962
austria,1999,-8.51036081847098
austria,2000,-7.06932517115958
austria,2001,-7.21077010055209
austria,2002,-6.32446220791052
austria,2003,-6.43559255054781
austria,2004,-7.37366025196841
austria,2005,-7.55319293451904
austria,2006,-9.07452180388686
austria,2007,-8.58703884447158
austria,2008,-8.24580531171319
austria,2009,-7.6365054074322
austria,2010,-7.96722533738107
austria,2011,-9.07481179410852
austria,2012,-8.81284490778942
austria,2013,-7.40522047609544
austria,2014,-8.49697811536293
austria,2015,-6.20184153021878
austria,2016,-6.85499781316952
austria,2017,-6.07756287638339
austria,2018,-6.73006413753885
austria,2019,-5.78463515947869
austria,2020,-5.10413200475682
austria,2021,-6.04625799450877
azerbaijan,1990,6.31402526853444
azerbaijan,1991,7.74797207663724
azerbaijan,1992,11.7114075061875
azerbaijan,1993,6.65607488165147
azerbaijan,1994,6.28154385521492
azerbaijan,1995,2.75804780840934
azerbaijan,1996,0.801686198246879
azerbaijan,1997,1.15206423611712
azerbaijan,1998,0.43270080569623
azerbaijan,1999,0.532532928471088
azerbaijan,2000,1.62479988705113
azerbaijan,2001,0.880064236903066
azerbaijan,2002,-0.412440676534897
azerbaijan,2003,-0.940104104068483
azerbaijan,2004,-2.18866113296757
azerbaijan,2005,-0.266143996454508
azerbaijan,2006,-0.652072988180843
azerbaijan,2007,-0.196324499301507
azerbaijan,2008,-0.200529409724135
azerbaijan,2009,-0.758846450306312
azerbaijan,2010,-0.737053327424019
azerbaijan,2011,-0.574951349549583
azerbaijan,2012,-0.78075165089118
azerbaijan,2013,-0.763354951094286
azerbaijan,2014,-0.796570346558909
azerbaijan,2015,-0.678619433392534
azerbaijan,2016,-0.215859177893401
azerbaijan,2017,0.0938226263267516
azerbaijan,2018,-0.209455777899933
azerbaijan,2019,-0.0430099193260904
azerbaijan,2020,-0.445353537063729
azerbaijan,2021,-0.148539944914484
bahrain,1990,0.159103484538144
bahrain,1991,-0.0509870484300921
bahrain,1992,-0.189801315044143
bahrain,1993,0.33670926994033
bahrain,1994,0.0566312523355781
bahrain,1995,0.125662796210591
bahrain,1996,0.334615461711991
bahrain,1997,0.842235956657939
bahrain,1998,0.624196044834718
bahrain,1999,2.37819239343395
bahrain,2000,2.24208989915194
bahrain,2001,1.52297505923743
bahrain,2002,1.36298221655853
bahrain,2003,2.26963787818496
bahrain,2004,2.80048184809114
bahrain,2005,3.22745999591941
bahrain,2006,3.12630916595938
bahrain,2007,4.19844153518835
bahrain,2008,4.42925985345267
bahrain,2009,3.0230844823067
bahrain,2010,2.97907440327669
bahrain,2011,4.35329966381724
bahrain,2012,4.03327056821021
bahrain,2013,5.06689579510675
bahrain,2014,4.48347882549747
bahrain,2015,3.88609555378607
bahrain,2016,3.68268981308785
bahrain,2017,3.6311468614947
bahrain,2018,3.47774482440507
bahrain,2019,4.36348501149359
bahrain,2020,4.24399056653628
bahrain,2021,5.48951446736698
bangladesh,1990,-1.14756820178664
bangladesh,1991,-1.26286764903934
bangladesh,1992,-1.45145493530221
bangladesh,1993,-1.34826259740795
bangladesh,1994,-1.54896074652364
bangladesh,1995,-1.45618587330399
bangladesh,1996,-1.56036731649131
bangladesh,1997,-1.63498789945799
bangladesh,1998,-1.62025123598514
bangladesh,1999,-1.41119370368762
bangladesh,2000,0.257047817902123
bangladesh,2001,0.437150724883175
bangladesh,2002,0.329306880880944
bangladesh,2003,-0.265616832736264
bangladesh,2004,-0.249611721862093
bangladesh,2005,-0.323464313767213
bangladesh,2006,0.032366561898586
bangladesh,2007,0.101256379761697
bangladesh,2008,0.1677652423115
bangladesh,2009,0.118057975631654
bangladesh,2010,0.29258078240677
bangladesh,2011,0.650920219908368
bangladesh,2012,-0.212894611867867
bangladesh,2013,0.209524822883296
bangladesh,2014,-10.5619586413629
bangladesh,2015,0.0202234490832254
bangladesh,2016,-10.2290119063792
bangladesh,2017,-11.2420596802677
bangladesh,2018,-12.3055379360891
bangladesh,2019,-12.6744187964276
bangladesh,2020,-12.7466760460723
bangladesh,2021,-13.9673158092351
belarus,1990,12.7203114277392
belarus,1991,10.1262816024639
belarus,1992,13.1392500671674
belarus,1993,11.5529417804675
belarus,1994,10.2608262585394
belarus,1995,7.09420572080795
belarus,1996,3.71804344969484
belarus,1997,4.45032272979715
belarus,1998,-3.10185990986814
belarus,1999,-2.71357372442617
belarus,2000,3.4978183432755
belarus,2001,4.01533226723749
belarus,2002,3.97897162510497
belarus,2003,3.95218295189269
belarus,2004,4.49606533952413
belarus,2005,4.44871240024962
belarus,2006,4.05046136740402
belarus,2007,2.96467266935209
belarus,2008,2.93002958898709
belarus,2009,1.13167926097257
belarus,2010,0.187069736332496
belarus,2011,2.79778392756797
belarus,2012,-0.299713560711353
belarus,2013,-0.615236266655604
belarus,2014,0.174819510836215
belarus,2015,-0.333008737475634
belarus,2016,-0.167387298305437
belarus,2017,-0.145709036437541
belarus,2018,-0.354192348282375
belarus,2019,-0.244524146403606
belarus,2020,0.143642709333948
belarus,2021,-0.149570948196409
belgium,1990,-9.46243910478145
belgium,1991,-8.82278970733031
belgium,1992,-13.6257153983607
belgium,1993,-11.2817908457375
belgium,1994,-10.337387477798
belgium,1995,-11.1016005154258
belgium,1996,-9.84948381631617
belgium,1997,-12.7246330632804
belgium,1998,-13.7676618873302
belgium,1999,-17.2465560925217
belgium,2000,-17.3857867358918
belgium,2001,-17.2715949060176
belgium,2002,-18.3146271675458
belgium,2003,-21.4094677942039
belgium,2004,-24.5331330595313
belgium,2005,-27.4582367113155
belgium,2006,-27.848644362667
belgium,2007,-31.1799433816081
belgium,2008,-31.1434497878785
belgium,2009,-25.320220619154
belgium,2010,-27.7012401980328
belgium,2011,-31.3412740793664
belgium,2012,-29.1648030047771
belgium,2013,-29.2675783703321
belgium,2014,-31.4296651362539
belgium,2015,-29.2653024992328
belgium,2016,-29.6151198369044
belgium,2017,-27.9056590012923
belgium,2018,-29.635293463543
belgium,2019,-27.7776250112844
belgium,2020,-23.9440565347789
belgium,2021,-28.3774771559624
benin,1990,-0.0961385067314306
benin,1991,-0.100695214928162
benin,1992,-0.100253499380194
benin,1993,-0.0958819662723045
benin,1994,-0.116820620784388
benin,1995,-0.129021892906578
benin,1996,-0.14112099169375
benin,1997,-0.18534722348941
benin,1998,-0.242433171350248
benin,1999,-0.147801413863561
benin,2000,-0.251193991676952
benin,2001,-0.381150683974243
benin,2002,-0.318257613553214
benin,2003,-0.363678760408958
benin,2004,-0.25026944704679
benin,2005,-0.345236532138111
benin,2006,-0.647458876738473
benin,2007,-0.656153981776567
benin,2008,-0.985523556836429
benin,2009,-0.610009478203982
benin,2010,-0.684616220503827
benin,2011,-1.22021406803395
benin,2012,-0.767176134140384
benin,2013,-0.857063422186397
benin,2014,-0.777957666165942
benin,2015,-0.678660447088858
benin,2016,-0.316496084686799
benin,2017,-0.245044173526065
benin,2018,-0.131263676907134
benin,2019,-0.0957558038575301
benin,2020,-0.213103500705405
benin,2021,-0.257621841088234
botswana,1990,0
botswana,1991,0
botswana,1992,0
botswana,1993,0
botswana,1994,0
botswana,1995,0
botswana,1996,0
botswana,1997,0
botswana,1998,0
botswana,1999,0
botswana,2000,0.135070950980409
botswana,2001,0.180019792833417
botswana,2002,-0.100553113079981
botswana,2003,0.335215390241831
botswana,2004,0.338583431725108
botswana,2005,0.394085820534736
botswana,2006,0.49453825848516
botswana,2007,0.410305354134745
botswana,2008,0.318756252363604
botswana,2009,0.0007725077635925
botswana,2010,-1.51316628417504
botswana,2011,-2.33966484260463
botswana,2012,-1.86659805473814
botswana,2013,-1.73198183412781
botswana,2014,-1.83552127659754
botswana,2015,-2.00895115937809
botswana,2016,-1.88562742279203
botswana,2017,-1.18595353852282
botswana,2018,-1.1268612800628
botswana,2019,-1.37391861828719
botswana,2020,-1.46091382733659
botswana,2021,-1.45526585249198
brazil,1990,-7.31141261547952
brazil,1991,-6.15253240909687
brazil,1992,-5.53121697915731
brazil,1993,-4.96240553245579
brazil,1994,-5.96647889011484
brazil,1995,-8.20348747023766
brazil,1996,-8.91761551036122
brazil,1997,-9.71303680379033
brazil,1998,-8.74894929684967
brazil,1999,-1.59755898859632
brazil,2000,-2.75388021884569
brazil,2001,0.840771918592054
brazil,2002,4.40959657443001
brazil,2003,5.62591412706784
brazil,2004,6.83545772295634
brazil,2005,3.91933119696827
brazil,2006,2.63029890185177
brazil,2007,-0.653062282804441
brazil,2008,-8.34190935213543
brazil,2009,-6.56399749835713
brazil,2010,-12.1599340735593
brazil,2011,-15.4561585891728
brazil,2012,-15.0352171342555
brazil,2013,-16.0209120088359
brazil,2014,-14.8529205140343
brazil,2015,-5.126298400054
brazil,2016,1.33110746502021
brazil,2017,-0.380169623786571
brazil,2018,-0.0906456857593412
brazil,2019,-0.846354896165394
brazil,2020,4.62348319232942
brazil,2021,9.5479386028035
brunei_darussalam,1990,0.403072723152945
brunei_darussalam,1991,0.641285135686545
brunei_darussalam,1992,0.471488637058068
brunei_darussalam,1993,0.266922190107322
brunei_darussalam,1994,0.077465553459108
brunei_darussalam,1995,0.151551255679415
brunei_darussalam,1996,-0.0273149918507412
brunei_darussalam,1997,0.451579981117402
brunei_darussalam,1998,0.0434778958709681
brunei_darussalam,1999,0.427208306722475
brunei_darussalam,2000,0.493762121613111
brunei_darussalam,2001,0.471863670686895
brunei_darussalam,2002,0.336212425676517
brunei_darussalam,2003,0.0525471864683893
brunei_darussalam,2004,0.0805032624268811
brunei_darussalam,2005,0.0928060569350266
brunei_darussalam,2006,0.284372393426723
brunei_darussalam,2007,0.280990242416204
brunei_darussalam,2008,0.398968872541094
brunei_darussalam,2009,0.351216023351719
brunei_darussalam,2010,0.398194434067983
brunei_darussalam,2011,0.219597422555687
brunei_darussalam,2012,0.121566526659885
brunei_darussalam,2013,-0.256830456537999
brunei_darussalam,2014,0.03804781263683
brunei_darussalam,2015,-0.16882715792531
brunei_darussalam,2016,0.158078214772438
brunei_darussalam,2017,0.248104826718675
brunei_darussalam,2018,-0.0097215872285461
brunei_darussalam,2019,0.193465361087101
brunei_darussalam,2020,0.191344625775456
brunei_darussalam,2021,0.439695366574607
bulgaria,1990,4.17915737606268
bulgaria,1991,4.57285193434354
bulgaria,1992,4.1268895781124
bulgaria,1993,3.522245245125
bulgaria,1994,4.03226924327234
bulgaria,1995,3.09737737540866
bulgaria,1996,2.61901884980269
bulgaria,1997,2.51539416664215
bulgaria,1998,1.9685924882893
bulgaria,1999,1.30164578724009
bulgaria,2000,0.818655978665655
bulgaria,2001,0.962623135108149
bulgaria,2002,0.782911176469016
bulgaria,2003,1.14102908740674
bulgaria,2004,1.02934901807891
bulgaria,2005,0.566981759862461
bulgaria,2006,0.255136184316019
bulgaria,2007,0.452088004717551
bulgaria,2008,-0.266917936489351
bulgaria,2009,0.233415108549194
bulgaria,2010,0.783493813092532
bulgaria,2011,1.68591595048986
bulgaria,2012,1.20480903044123
bulgaria,2013,1.19995166904079
bulgaria,2014,1.71557921538974
bulgaria,2015,2.07410489163438
bulgaria,2016,1.58105964755375
bulgaria,2017,1.73692385347931
bulgaria,2018,0.77960754867593
bulgaria,2019,0.719437866732541
bulgaria,2020,0.175735387764446
bulgaria,2021,0.473009212374141
burkina_faso,1990,-0.061063685528691
burkina_faso,1991,-0.0630644348609009
burkina_faso,1992,-0.0646701078050759
burkina_faso,1993,-0.0639203588956688
burkina_faso,1994,-0.0675896721559338
burkina_faso,1995,-0.0772660805255098
burkina_faso,1996,-0.0641888579291658
burkina_faso,1997,-0.0762083322756361
burkina_faso,1998,-0.243990578411931
burkina_faso,1999,-0.357331090980084
burkina_faso,2000,-0.0965113539874968
burkina_faso,2001,-0.143833177671661
burkina_faso,2002,-0.133515150123342
burkina_faso,2003,-0.140990883553507
burkina_faso,2004,-0.166506235414789
burkina_faso,2005,-0.154637191839463
burkina_faso,2006,-0.170653613725272
burkina_faso,2007,-0.172758606483329
burkina_faso,2008,-0.140085446609513
burkina_faso,2009,-0.304462575735792
burkina_faso,2010,-0.311969241317488
burkina_faso,2011,-0.186985513722127
burkina_faso,2012,-0.180753186978494
burkina_faso,2013,-0.225727200154786
burkina_faso,2014,-0.238730401604854
burkina_faso,2015,-0.215290616095192
burkina_faso,2016,-0.163095689415891
burkina_faso,2017,-0.132716852148994
burkina_faso,2018,-0.167133297433451
burkina_faso,2019,-0.172178337874648
burkina_faso,2020,-0.0883784567564518
burkina_faso,2021,-0.139138870989513
cambodia,1990,-0.162086415190539
cambodia,1991,-0.170066527944056
cambodia,1992,-0.18425876419873
cambodia,1993,-0.163343403023345
cambodia,1994,-0.174302093312221
cambodia,1995,-0.138890983860099
cambodia,1996,-0.194248317191851
cambodia,1997,-0.199725252024174
cambodia,1998,-0.241198593668658
cambodia,1999,-0.227093709948355
cambodia,2000,-0.789663597511533
cambodia,2001,-0.91791635815847
cambodia,2002,-1.33826468096371
cambodia,2003,-1.09879765184337
cambodia,2004,-1.48973995224443
cambodia,2005,-1.87844772708909
cambodia,2006,-2.08579659437116
cambodia,2007,-2.1005898413781
cambodia,2008,-2.55435965731541
cambodia,2009,-1.93281763420138
cambodia,2010,-2.91757783077301
cambodia,2011,-4.61608630298006
cambodia,2012,-4.39632966770186
cambodia,2013,-5.28403266615353
cambodia,2014,-4.52309737646663
cambodia,2015,-5.49342075968611
cambodia,2016,-4.54163213473282
cambodia,2017,-4.52310667312614
cambodia,2018,-5.34890903605959
cambodia,2019,-5.81673917856652
cambodia,2020,-6.04548595870824
cambodia,2021,-5.95664635515325
canada,1990,-6.7621353221962
canada,1991,-8.81426911309876
canada,1992,-8.60994988139855
canada,1993,-4.9477814564905
canada,1994,-2.42342135152339
canada,1995,-1.14697089277988
canada,1996,0.706082127302068
canada,1997,-4.12638750050095
canada,1998,-3.04072464283053
canada,1999,0.68686641089235
canada,2000,-3.77120560274676
canada,2001,-0.125526311039295
canada,2002,-5.04430965873507
canada,2003,1.10685919219225
canada,2004,-1.19415997927953
canada,2005,-9.32947866557197
canada,2006,-2.04734628715877
canada,2007,-1.5555125644766
canada,2008,-1.87692102235332
canada,2009,-8.48001384498664
canada,2010,-13.9294138340915
canada,2011,-9.83279241956484
canada,2012,-3.34447299372582
canada,2013,-2.30382995354088
canada,2014,2.08237444960855
canada,2015,7.99502166970939
canada,2016,9.88123975150248
canada,2017,10.6176563621106
canada,2018,13.2810765388254
canada,2019,14.768884446234
canada,2020,11.349110616218
canada,2021,9.59956447539491
chile,1990,0.222853626254967
chile,1991,-0.00739003452286369
chile,1992,-0.351718752157971
chile,1993,-0.4031754881645
chile,1994,-0.0706766861799633
chile,1995,0.0364093516138038
chile,1996,-0.0320203525412666
chile,1997,0.246194851856584
chile,1998,0.325034749357412
chile,1999,0.422055392837216
chile,2000,-0.313518577565645
chile,2001,-0.185589090394606
chile,2002,-0.408555700382063
chile,2003,0.321174650235301
chile,2004,0.569091857251397
chile,2005,0.0870662982464658
chile,2006,-0.00544698743087224
chile,2007,0.114343592415835
chile,2008,-2.56654007508334
chile,2009,0.482132442510839
chile,2010,-0.633441791463625
chile,2011,-1.71595807882386
chile,2012,-2.46505634770938
chile,2013,-2.21391726773784
chile,2014,-1.4897651229927
chile,2015,-1.20475817337744
chile,2016,-0.868112537193177
chile,2017,-1.0956815795997
chile,2018,-2.13690330722772
chile,2019,-1.54864490225946
chile,2020,-0.812950542395722
chile,2021,-1.55157993690467
china_mainland,1990,44.8987712206781
china_mainland,1991,56.2819751888393
china_mainland,1992,42.2473380750215
china_mainland,1993,44.9069362096534
china_mainland,1994,96.5202099416762
china_mainland,1995,100.35034506069
china_mainland,1996,104.668473057831
china_mainland,1997,124.736591708235
china_mainland,1998,110.483583097454
china_mainland,1999,105.040000437855
china_mainland,2000,105.533385866905
china_mainland,2001,101.080608191112
china_mainland,2002,123.614773770451
china_mainland,2003,208.341230219819
china_mainland,2004,246.112898924234
china_mainland,2005,317.783656847054
china_mainland,2006,370.874789837315
china_mainland,2007,392.509373091853
china_mainland,2008,418.24244945915
china_mainland,2009,319.240357899676
china_mainland,2010,350.389247925797
china_mainland,2011,380.595278071378
china_mainland,2012,349.646268760651
china_mainland,2013,336.089589061438
china_mainland,2014,322.903793518399
china_mainland,2015,272.610586272385
china_mainland,2016,245.63367390294
china_mainland,2017,237.080632514356
china_mainland,2018,201.560159189494
china_mainland,2019,215.142047658612
china_mainland,2020,253.78852956709
china_mainland,2021,276.32570168916
colombia,1990,-1.39975906406415
colombia,1991,-1.05685559847648
colombia,1992,-1.61148855087167
colombia,1993,-1.59375353761895
colombia,1994,-1.54748156411128
colombia,1995,-2.04364000020834
colombia,1996,-1.78928821435671
colombia,1997,-1.92385001266663
colombia,1998,-1.85079596656067
colombia,1999,-0.198045717016536
colombia,2000,0.563169696487105
colombia,2001,0.400653619311671
colombia,2002,0.0668604322837023
colombia,2003,-0.112023269425958
colombia,2004,-0.6566810553075
colombia,2005,-0.927887111873332
colombia,2006,-1.7225465362311
colombia,2007,-3.04783883805765
colombia,2008,-2.6907006730067
colombia,2009,-1.80744905883263
colombia,2010,-2.4763395905081
colombia,2011,-3.25207052659957
colombia,2012,-3.92679018122518
colombia,2013,-3.62001279881313
colombia,2014,-4.15474991962806
colombia,2015,-3.50100682460364
colombia,2016,-2.69661983926219
colombia,2017,-2.58209576755462
colombia,2018,-2.95257940525698
colombia,2019,-2.42528325131745
colombia,2020,-2.54732353159507
colombia,2021,-2.55641040078042
costa_rica,1990,-0.614082075888072
costa_rica,1991,-0.532699154925057
costa_rica,1992,-0.545693183139903
costa_rica,1993,-0.512144305405539
costa_rica,1994,-0.458021517009995
costa_rica,1995,-0.529532599488646
costa_rica,1996,-0.521811338737543
costa_rica,1997,-0.593235891865396
costa_rica,1998,-0.790185581533307
costa_rica,1999,-1.14291614230363
costa_rica,2000,-0.709356760374721
costa_rica,2001,-0.667396376107856
costa_rica,2002,-1.17235652893676
costa_rica,2003,-0.723492752743503
costa_rica,2004,-0.747898128697891
costa_rica,2005,-0.763341011428023
costa_rica,2006,-0.978130867386468
costa_rica,2007,-1.10587268484363
costa_rica,2008,-1.2694265106659
costa_rica,2009,-0.737262868645535
costa_rica,2010,-0.99051146813739
costa_rica,2011,-1.35394551541918
costa_rica,2012,-1.34714720398343
costa_rica,2013,-1.23918586947036
costa_rica,2014,-1.18714574738883
costa_rica,2015,-1.27845643719632
costa_rica,2016,-1.19406391332853
costa_rica,2017,-1.18117947837122
costa_rica,2018,-1.29635230685926
costa_rica,2019,-1.26769680861431
costa_rica,2020,-1.14848170944386
costa_rica,2021,-1.26216112806511
cote_d_ivoire,1990,-0.321145012717168
cote_d_ivoire,1991,-0.347131701184922
cote_d_ivoire,1992,-0.539171537266216
cote_d_ivoire,1993,-0.403013285133272
cote_d_ivoire,1994,-0.359441107840362
cote_d_ivoire,1995,-0.320301259681674
cote_d_ivoire,1996,0.0814168819098693
cote_d_ivoire,1997,0.0938620816566653
cote_d_ivoire,1998,-0.532581848368181
cote_d_ivoire,1999,-0.0875871375446418
cote_d_ivoire,2000,-0.0977487049991237
cote_d_ivoire,2001,0.301861332416582
cote_d_ivoire,2002,0.59706417167714
cote_d_ivoire,2003,-0.307604128643376
cote_d_ivoire,2004,-0.0313681517939166
cote_d_ivoire,2005,-0.020247642015653
cote_d_ivoire,2006,-0.310193553576195
cote_d_ivoire,2007,-0.42498200893648
cote_d_ivoire,2008,-0.407412148587757
cote_d_ivoire,2009,-0.39884558591692
cote_d_ivoire,2010,-0.50233771198883
cote_d_ivoire,2011,-0.362043283300143
cote_d_ivoire,2012,-0.722808317637925
cote_d_ivoire,2013,-0.757972151030235
cote_d_ivoire,2014,-0.913165090048254
cote_d_ivoire,2015,-0.969677662416642
cote_d_ivoire,2016,-0.873743981025045
cote_d_ivoire,2017,-0.868832772761611
cote_d_ivoire,2018,-1.22244220192997
cote_d_ivoire,2019,-1.16536389517449
cote_d_ivoire,2020,-0.951059975689927
cote_d_ivoire,2021,-1.09499692184472
croatia,1990,0.538906209576948
croatia,1991,0.36465531414618
croatia,1992,-0.497813669911129
croatia,1993,-0.381331258288186
croatia,1994,-0.488335097127763
croatia,1995,-0.786447706321812
croatia,1996,-0.668523670673447
croatia,1997,-0.652970155761464
croatia,1998,-0.399561350005475
croatia,1999,-0.534739349420932
croatia,2000,-0.544131374065964
croatia,2001,-1.01270803864065
croatia,2002,-1.1785621160151
croatia,2003,-0.57403483932602
croatia,2004,-0.826518534060329
croatia,2005,-0.695993805218519
croatia,2006,-1.30280066342141
croatia,2007,-1.32070150644919
croatia,2008,-2.763299667063
croatia,2009,-1.04775618153873
croatia,2010,-0.852018323158695
croatia,2011,-0.70614568451869
croatia,2012,-1.20592950243274
croatia,2013,-1.39298473067899
croatia,2014,-0.395170743044067
croatia,2015,-0.999086137694687
croatia,2016,-1.22232203556297
croatia,2017,-0.863320046438933
croatia,2018,-1.77986727090223
croatia,2019,-1.53623933453847
croatia,2020,-1.55162654538591
croatia,2021,-1.51761018580045
cyprus,1990,-0.585967458497185
cyprus,1991,-0.481099312428138
cyprus,1992,-0.769132659199857
cyprus,1993,-0.497454893883533
cyprus,1994,-0.431673258593539
cyprus,1995,-0.532163992084067
cyprus,1996,-0.77143654398721
cyprus,1997,-0.521350039475736
cyprus,1998,-0.906940286119538
cyprus,1999,-0.418934959889524
cyprus,2000,-0.163519199225939
cyprus,2001,-0.243233471446602
cyprus,2002,-0.324603344247307
cyprus,2003,-0.277301389340916
cyprus,2004,-0.40598033426997
cyprus,2005,-0.465659820503301
cyprus,2006,-0.468219761941866
cyprus,2007,-0.614304023064582
cyprus,2008,-0.850229078971757
cyprus,2009,-0.0712902061765313
cyprus,2010,-0.150327321703188
cyprus,2011,-0.153628308932557
cyprus,2012,-0.241702812844145
cyprus,2013,0.0241965583168253
cyprus,2014,-0.0357231737439836
cyprus,2015,0.0764767938168367
cyprus,2016,0.138046695348302
cyprus,2017,-0.0891881696199448
cyprus,2018,-0.131506113496319
cyprus,2019,-0.0640487099655842
cyprus,2020,0.144889361841134
cyprus,2021,0.0530446246542802
czechia,1990,3.51959606783509
czechia,1991,4.99407120506132
czechia,1992,-0.695393718920073
czechia,1993,2.10921040160593
czechia,1994,1.9704404926901
czechia,1995,2.18740507491474
czechia,1996,3.43823975961961
czechia,1997,3.3301279236391
czechia,1998,3.06440760839226
czechia,1999,1.72997212690632
czechia,2000,1.83940381911716
czechia,2001,1.40073949952388
czechia,2002,-0.254637835204853
czechia,2003,1.81817907957835
czechia,2004,3.50254866115137
czechia,2005,4.19187664365407
czechia,2006,3.05702157172683
czechia,2007,1.79885074458099
czechia,2008,-0.336445308390964
czechia,2009,0.236286717652668
czechia,2010,-0.864743105305145
czechia,2011,-0.160564144624946
czechia,2012,0.135069313128142
czechia,2013,-0.596558300766755
czechia,2014,0.422053901672005
czechia,2015,0.148865501610686
czechia,2016,0.279054921012751
czechia,2017,-0.804663526608234
czechia,2018,-1.85547130839718
czechia,2019,-2.10496829554254
czechia,2020,-2.168399521437
czechia,2021,-3.40226860752195
denmark,1990,-2.33367736271275
denmark,1991,-0.451209362741114
denmark,1992,-3.02114706012342
denmark,1993,-1.76980722274947
denmark,1994,-1.12960900559728
denmark,1995,-1.77369870044565
denmark,1996,0.507773432314377
denmark,1997,-0.539583177040282
denmark,1998,-1.20421664076405
denmark,1999,-2.94301790514627
denmark,2000,-3.08866193926536
denmark,2001,-2.85390273841219
denmark,2002,-2.97779105233386
denmark,2003,-1.90012066727355
denmark,2004,-4.14600856238846
denmark,2005,-4.17784734857515
denmark,2006,-3.57184649939277
denmark,2007,-4.2104033636507
denmark,2008,-4.66910398926145
denmark,2009,-3.64927223969397
denmark,2010,-3.59163536769041
denmark,2011,-4.2622041918459
denmark,2012,-3.54274775407787
denmark,2013,-2.87663357699529
denmark,2014,-3.65446428648331
denmark,2015,-3.81439913710531
denmark,2016,-3.43156017457172
denmark,2017,-3.97373595550928
denmark,2018,-4.24053180773184
denmark,2019,-4.23985594422204
denmark,2020,-3.87788403387628
denmark,2021,-4.66091228948952
dominican_republic,1990,-0.119894605301343
dominican_republic,1991,-0.111128386914697
dominican_republic,1992,-0.125793885416102
dominican_republic,1993,-0.0728265407575601
dominican_republic,1994,-0.0897365116464228
dominican_republic,1995,0.0482865899450848
dominican_republic,1996,0.0394112030926363
dominican_republic,1997,-0.109709503753834
dominican_republic,1998,-0.486855005190346
dominican_republic,1999,-0.665339634707463
dominican_republic,2000,1.84295689001217
dominican_republic,2001,-4.09455879662596
dominican_republic,2002,-2.14951728583753
dominican_republic,2003,-1.14132592958434
dominican_republic,2004,-1.79430635166842
dominican_republic,2005,-3.97225267395793
dominican_republic,2006,-3.88664367219917
dominican_republic,2007,-2.22298323063983
dominican_republic,2008,-1.87438182885756
dominican_republic,2009,-9.72933424157388
dominican_republic,2010,-13.964576032705
dominican_republic,2011,-8.33395062248062
dominican_republic,2012,-10.0785905990188
dominican_republic,2013,-7.36387638411621
dominican_republic,2014,-4.10088441315211
dominican_republic,2015,-3.43119907871698
dominican_republic,2016,-1.56691787194592
dominican_republic,2017,-1.79237836906327
dominican_republic,2018,-1.64757647073347
dominican_republic,2019,-1.40270778741404
dominican_republic,2020,-1.51355651270065
dominican_republic,2021,-1.76760075161916
ecuador,1990,0.073268111004035
ecuador,1991,0.127600716708888
ecuador,1992,0.572798030030546
ecuador,1993,0.406739395364032
ecuador,1994,-0.215243096267125
ecuador,1995,0.303878335485535
ecuador,1996,0.573761198578391
ecuador,1997,-0.111252597403628
ecuador,1998,-0.458760448794516
ecuador,1999,0.0858525175518672
ecuador,2000,0.301419119668826
ecuador,2001,-0.320677983698373
ecuador,2002,-0.537299964479694
ecuador,2003,-0.487917889098046
ecuador,2004,-0.499921726971269
ecuador,2005,-0.650930305865723
ecuador,2006,-1.18741838030947
ecuador,2007,-1.11027801713615
ecuador,2008,-1.46027834732751
ecuador,2009,-0.980822329643226
ecuador,2010,-1.03921315339036
ecuador,2011,-1.30861088767488
ecuador,2012,-1.40635137662215
ecuador,2013,-1.62685959022787
ecuador,2014,-1.52579868849755
ecuador,2015,-1.61011900313841
ecuador,2016,-1.00505988717881
ecuador,2017,-1.55970938660983
ecuador,2018,-1.86032487027496
ecuador,2019,-1.81145734935939
ecuador,2020,-1.73312769219544
ecuador,2021,-1.8407757840199
egypt,1990,-1.41575530639728
egypt,1991,0.266606642247638
egypt,1992,-1.43238330645845
egypt,1993,0.112818694517493
egypt,1994,-0.561503227656047
egypt,1995,-0.255303921191185
egypt,1996,-0.964814931370114
egypt,1997,-0.371779799321079
egypt,1998,-1.27744346015353
egypt,1999,-1.60055768791629
egypt,2000,1.78912178128645
egypt,2001,1.78999569673073
egypt,2002,2.02884052685648
egypt,2003,3.33691332267669
egypt,2004,5.24016984269197
egypt,2005,5.10920594559263
egypt,2006,5.63258470208626
egypt,2007,4.45707923932725
egypt,2008,4.08186448401814
egypt,2009,2.02585394578413
egypt,2010,0.408338228476175
egypt,2011,1.01733252405667
egypt,2012,-2.0879699966237
egypt,2013,-0.604475788305088
egypt,2014,-3.71045664066914
egypt,2015,-6.15988381544443
egypt,2016,-5.67745576685161
egypt,2017,0.846597225173966
egypt,2018,0.295380938648847
egypt,2019,0.649285202633294
egypt,2020,-1.97235640552735
egypt,2021,-5.07104501650103
el_salvador,1990,-0.445376503764375
el_salvador,1991,-0.419524454052941
el_salvador,1992,-0.462293720359452
el_salvador,1993,-0.39950879854739
el_salvador,1994,-0.420914565289113
el_salvador,1995,-0.445782772264604
el_salvador,1996,-0.463396035847779
el_salvador,1997,-0.497952731674385
el_salvador,1998,-0.664273950923254
el_salvador,1999,-0.634430401982236
el_salvador,2000,-0.718893813066927
el_salvador,2001,-0.674249628693466
el_salvador,2002,-0.60389237483598
el_salvador,2003,-0.547730623836491
el_salvador,2004,-0.475060319571009
el_salvador,2005,-0.53407351168848
el_salvador,2006,-0.66441581648709
el_salvador,2007,-0.62301330152308
el_salvador,2008,-0.675167378582581
el_salvador,2009,-0.434013740791321
el_salvador,2010,-0.437702874588466
el_salvador,2011,-0.513979459531965
el_salvador,2012,-0.402209517314366
el_salvador,2013,-0.491528619391566
el_salvador,2014,-0.498813644222821
el_salvador,2015,-0.527011157745455
el_salvador,2016,-0.517679836459054
el_salvador,2017,-0.512555650723693
el_salvador,2018,-0.681410337574853
el_salvador,2019,-0.533832674891172
el_salvador,2020,-0.546372230272807
el_salvador,2021,-0.577609190874269
estonia,1990,1.51691237959141
estonia,1991,1.05817693518698
estonia,1992,0.110174341634311
estonia,1993,0.409218555791816
estonia,1994,0.931624903936966
estonia,1995,0.65162812004579
estonia,1996,0.624318520932865
estonia,1997,0.744152826201739
estonia,1998,-0.0293570134358667
estonia,1999,-1.04970091133946
estonia,2000,-1.3204311700887
estonia,2001,-0.83606550059194
estonia,2002,-1.21475591407349
estonia,2003,-0.938531068991306
estonia,2004,-0.953785751945853
estonia,2005,-0.615577552121362
estonia,2006,-1.29718015242658
estonia,2007,-0.354362684763417
estonia,2008,0.087796409628873
estonia,2009,0.094573834390896
estonia,2010,0.47233281280409
estonia,2011,-0.157698930124308
estonia,2012,0.0441161483321677
estonia,2013,0.677601362241544
estonia,2014,0.412155276970543
estonia,2015,-0.591473553609372
estonia,2016,0.245280941763682
estonia,2017,0.517811945262094
estonia,2018,-0.0347385726312384
estonia,2019,-0.633182427089296
estonia,2020,-0.878666557231427
estonia,2021,-0.950570938483957
ethiopia,1990,-0.258681018785843
ethiopia,1991,-0.280056892547862
ethiopia,1992,-0.308835816057271
ethiopia,1993,-0.294738522187591
ethiopia,1994,-0.318109333900755
ethiopia,1995,-0.326296077193917
ethiopia,1996,-0.319479241608533
ethiopia,1997,-0.388478261939706
ethiopia,1998,-0.551039286085322
ethiopia,1999,-0.532488600039463
ethiopia,2000,-0.0941947636676982
ethiopia,2001,-0.04506482898026
ethiopia,2002,0.156999968220795
ethiopia,2003,0.217659411005324
ethiopia,2004,0.283420972242732
ethiopia,2005,0.241425540226071
ethiopia,2006,0.220938008779522
ethiopia,2007,0.276746823552
ethiopia,2008,0.294659318302378
ethiopia,2009,0.231139164454051
ethiopia,2010,0.359110622541051
ethiopia,2011,0.51412036272383
ethiopia,2012,0.169360542705871
ethiopia,2013,0.414170647506324
ethiopia,2014,0.394406378611791
ethiopia,2015,0.343701011848695
ethiopia,2016,0.351944396433693
ethiopia,2017,-1.26954059228599
ethiopia,2018,-0.971481619128147
ethiopia,2019,-0.959986094325227
ethiopia,2020,-0.884073119493442
ethiopia,2021,-1.02606824502558
finland,1990,-6.49066305696
finland,1991,-5.28552292831917
finland,1992,-13.4813695362943
finland,1993,-7.86668807419543
finland,1994,-4.53060994483979
finland,1995,-4.68245245744518
finland,1996,-2.93151574392817
finland,1997,-2.94848986556865
finland,1998,-3.32264089428145
finland,1999,-4.17937054691442
finland,2000,-6.02069958698262
finland,2001,-5.11303936916248
finland,2002,-4.50933426565931
finland,2003,-4.58105233350918
finland,2004,-4.47325703742577
finland,2005,-6.4714040124935
finland,2006,-5.82247791404659
finland,2007,-5.99382011127287
finland,2008,-6.56478301169932
finland,2009,-3.79030783348073
finland,2010,-5.06081757942538
finland,2011,-3.83974732418613
finland,2012,-4.53543923628519
finland,2013,-4.03454068021922
finland,2014,-3.77418072187622
finland,2015,-2.98494578186998
finland,2016,-2.69061780904171
finland,2017,-2.95475746585346
finland,2018,-3.31289100488962
finland,2019,-2.94696602653644
finland,2020,-2.82655530035012
finland,2021,-3.75282476719446
france_including_monaco,1990,-27.1968338492385
france_including_monaco,1991,-23.6223549632738
france_including_monaco,1992,-37.7239448741874
france_including_monaco,1993,-31.6891726894071
france_including_monaco,1994,-30.2342831921197
france_including_monaco,1995,-31.5541309037718
france_including_monaco,1996,-27.7577920830377
france_including_monaco,1997,-25.7984987593079
france_including_monaco,1998,-26.1824290494601
france_including_monaco,1999,-27.5161977890228
france_including_monaco,2000,-30.7651018888995
france_including_monaco,2001,-29.4145921466887
france_including_monaco,2002,-28.5895233040027
france_including_monaco,2003,-29.7863424678134
france_including_monaco,2004,-35.1506454455238
france_including_monaco,2005,-36.9829051363892
france_including_monaco,2006,-39.3341621995261
france_including_monaco,2007,-42.0600333539503
france_including_monaco,2008,-42.1235084870478
france_including_monaco,2009,-36.5716707502041
france_including_monaco,2010,-34.5809501468875
france_including_monaco,2011,-40.1243279200517
france_including_monaco,2012,-33.5998079612426
france_including_monaco,2013,-29.5025498375065
france_including_monaco,2014,-29.3600861076994
france_including_monaco,2015,-24.8500567403557
france_including_monaco,2016,-26.0887618343703
france_including_monaco,2017,-24.7045808167435
france_including_monaco,2018,-28.5110178547467
france_including_monaco,2019,-26.8868999272203
france_including_monaco,2020,-25.6827542347792
france_including_monaco,2021,-29.7635907141719
georgia,1990,1.6516980729902
georgia,1991,1.23425735815043
georgia,1992,1.59948699741048
georgia,1993,0.503397461099584
georgia,1994,0.313521983202621
georgia,1995,0.00355847809333221
georgia,1996,-1.01934537876543
georgia,1997,-0.687583199277439
georgia,1998,-0.704928481886902
georgia,1999,-0.489244208378235
georgia,2000,-0.443750642395397
georgia,2001,-0.555843976882884
georgia,2002,-0.550806035017286
georgia,2003,-0.570573780787531
georgia,2004,-0.861877973086376
georgia,2005,-1.0271954435277
georgia,2006,-0.784168142350773
georgia,2007,-1.03068608605188
georgia,2008,-1.07689068709338
georgia,2009,-0.385169689185782
georgia,2010,-0.465236556265097
georgia,2011,-0.616489634188973
georgia,2012,-0.711683783222679
georgia,2013,-0.654814728574226
georgia,2014,-0.632211918981911
georgia,2015,-0.534614085655007
georgia,2016,-0.414808219432373
georgia,2017,-0.294245470229495
georgia,2018,-0.656654963780145
georgia,2019,-0.296061607513503
georgia,2020,-0.627999747756084
georgia,2021,-0.743693940489436
germany,1990,-38.260161334262
germany,1991,-34.7847267102255
germany,1992,-64.9463361669109
germany,1993,-54.8731764500448
germany,1994,-52.3459581414709
germany,1995,-54.6181929317506
germany,1996,-44.8278641120671
germany,1997,-40.0576884990423
germany,1998,-42.8568578543403
germany,1999,-53.0142690717706
germany,2000,-50.4132430983614
germany,2001,-45.0164641571459
germany,2002,-34.9805153966983
germany,2003,-45.6896831168399
germany,2004,-45.0576232014279
germany,2005,-50.1485422365904
germany,2006,-45.0966339399473
germany,2007,-51.8930906322854
germany,2008,-50.6479055363851
germany,2009,-50.2987471021688
germany,2010,-52.1243203418495
germany,2011,-47.5373481357757
germany,2012,-28.4921496145355
germany,2013,-26.0186022664242
germany,2014,-30.4066418586069
germany,2015,-26.031422256805
germany,2016,-29.3347426671281
germany,2017,-30.5972684199195
germany,2018,-35.0566194468152
germany,2019,-36.5417160921163
germany,2020,-34.3954807944905
germany,2021,-41.4057843272783
ghana,1990,-0.293653399650286
ghana,1991,-0.297198064560536
ghana,1992,-0.315970406859352
ghana,1993,-0.308217906265777
ghana,1994,-0.317954026516229
ghana,1995,-0.340507506218902
ghana,1996,-0.598828147956798
ghana,1997,-0.854329424585454
ghana,1998,-0.727601081958347
ghana,1999,-1.08270813469229
ghana,2000,-0.720812601775136
ghana,2001,-0.715709766220607
ghana,2002,-0.483163604071933
ghana,2003,-0.79091874033046
ghana,2004,-0.81906332863813
ghana,2005,-1.13265616213581
ghana,2006,-1.17099293303289
ghana,2007,-1.22531973704882
ghana,2008,-1.5093390635991
ghana,2009,-1.33684263193809
ghana,2010,-1.38885415971085
ghana,2011,-1.95469025603115
ghana,2012,-2.62211938511849
ghana,2013,-2.1077681806453
ghana,2014,-2.13087899470829
ghana,2015,-2.05177671049359
ghana,2016,-1.64642177259965
ghana,2017,-1.83206431438694
ghana,2018,-1.29714855923737
ghana,2019,-1.04245287887904
ghana,2020,-1.28074084137951
ghana,2021,-1.10305863923834
greece,1990,-3.55946892554057
greece,1991,-3.27622818862045
greece,1992,-5.36701260879834
greece,1993,-4.13335338894421
greece,1994,-3.5230686142867
greece,1995,-3.71839496174656
greece,1996,-2.68535206835705
greece,1997,-1.73148257220472
greece,1998,-2.39594408424439
greece,1999,-1.51213793079762
greece,2000,-0.428677855954511
greece,2001,-0.285224259889237
greece,2002,-1.21480049752858
greece,2003,3.20792655441636
greece,2004,4.25370727678754
greece,2005,5.53261056878978
greece,2006,4.47815241510003
greece,2007,4.79060629656029
greece,2008,3.78948649504958
greece,2009,-0.453457662446102
greece,2010,1.48638440620658
greece,2011,3.29232861783001
greece,2012,4.57586208697048
greece,2013,5.00804015025751
greece,2014,5.2127692975512
greece,2015,5.19741843665962
greece,2016,3.89997670765228
greece,2017,4.95688126759406
greece,2018,3.86611840537989
greece,2019,3.63077147910657
greece,2020,1.07024622332507
greece,2021,1.81527229040667
guatemala,1990,-0.497853628134725
guatemala,1991,-0.506047491975525
guatemala,1992,-0.594479110614076
guatemala,1993,-0.549343186351076
guatemala,1994,-0.513661047848364
guatemala,1995,-0.572767884652192
guatemala,1996,-0.612732861789479
guatemala,1997,-0.73715925734
guatemala,1998,-0.948011090054491
guatemala,1999,-0.899041590844669
guatemala,2000,-3.6131695749247
guatemala,2001,0.397727416120458
guatemala,2002,0.384224716198869
guatemala,2003,0.364371005672328
guatemala,2004,0.464643012402658
guatemala,2005,0.530564257802993
guatemala,2006,0.267137909267165
guatemala,2007,0.332733450371648
guatemala,2008,0.230136689790076
guatemala,2009,0.376033982309906
guatemala,2010,0.209509092584354
guatemala,2011,0.455552462039324
guatemala,2012,0.530739684009407
guatemala,2013,0.56715859758997
guatemala,2014,0.661681534749937
guatemala,2015,0.687186702535962
guatemala,2016,0.730677613429343
guatemala,2017,0.546149342608824
guatemala,2018,-1.26128839785111
guatemala,2019,-1.19739983826445
guatemala,2020,-1.11579206725345
guatemala,2021,-1.23214090180339
guinea,1990,0
guinea,1991,0
guinea,1992,0
guinea,1993,0
guinea,1994,0
guinea,1995,0
guinea,1996,0
guinea,1997,0
guinea,1998,0
guinea,1999,0
guinea,2000,0.0481148735803057
guinea,2001,0.0800549703158375
guinea,2002,0.0875794342177253
guinea,2003,-0.284381445498827
guinea,2004,0.0190611272137932
guinea,2005,0.021070375309231
guinea,2006,0.0299874104922266
guinea,2007,0.0295910435969322
guinea,2008,0.0129060200112715
guinea,2009,-0.319158102764858
guinea,2010,-0.507060485946527
guinea,2011,-0.587699770643953
guinea,2012,-0.588910253769549
guinea,2013,0.0148159942101074
guinea,2014,0.0277340358565836
guinea,2015,0.0109255268937171
guinea,2016,-0.647928831894942
guinea,2017,-0.523961276806409
guinea,2018,-0.55597326240785
guinea,2019,-0.535004222762829
guinea,2020,-0.297231704726203
guinea,2021,-0.346450748126683
honduras,1990,-0.225083524616634
honduras,1991,-0.239010033643188
honduras,1992,-0.279257260048507
honduras,1993,-0.241079238725111
honduras,1994,-0.215551353870606
honduras,1995,-0.170659983723478
honduras,1996,-0.246514965816922
honduras,1997,-0.376660541836
honduras,1998,-0.398968447068795
honduras,1999,-0.556654997183799
honduras,2000,0.293938967814592
honduras,2001,0.402906557928489
honduras,2002,0.440113987322231
honduras,2003,0.374905048775156
honduras,2004,0.434528714481017
honduras,2005,0.403518465007439
honduras,2006,0.357650712214351
honduras,2007,0.390419711788829
honduras,2008,-1.47794541551822
honduras,2009,0.2889164718504
honduras,2010,0.355457177033437
honduras,2011,0.544847732118684
honduras,2012,0.609909999268627
honduras,2013,-2.22707600914223
honduras,2014,0.590752231293767
honduras,2015,0.603010166681875
honduras,2016,0.55584726477668
honduras,2017,0.576703467341596
honduras,2018,0.513283732239637
honduras,2019,0.581215452900093
honduras,2020,0.438386631157539
honduras,2021,0.519638499670581
hong_kong_special_adminstrative_region_of_china,1990,-16.0861198630909
hong_kong_special_adminstrative_region_of_china,1991,-17.3367353942886
hong_kong_special_adminstrative_region_of_china,1992,-18.3138742876301
hong_kong_special_adminstrative_region_of_china,1993,-16.6939358543091
hong_kong_special_adminstrative_region_of_china,1994,-24.7121046809673
hong_kong_special_adminstrative_region_of_china,1995,-26.1406898811416
hong_kong_special_adminstrative_region_of_china,1996,-25.6375224714244
hong_kong_special_adminstrative_region_of_china,1997,-29.185135859835
hong_kong_special_adminstrative_region_of_china,1998,-20.9898429551553
hong_kong_special_adminstrative_region_of_china,1999,-17.3287287356794
hong_kong_special_adminstrative_region_of_china,2000,-12.0385920714762
hong_kong_special_adminstrative_region_of_china,2001,-10.8566547085561
hong_kong_special_adminstrative_region_of_china,2002,-9.88523850846105
hong_kong_special_adminstrative_region_of_china,2003,-10.9097682629715
hong_kong_special_adminstrative_region_of_china,2004,-11.14492805444
hong_kong_special_adminstrative_region_of_china,2005,-12.1119411986969
hong_kong_special_adminstrative_region_of_china,2006,-12.4072579680961
hong_kong_special_adminstrative_region_of_china,2007,-11.5535678315127
hong_kong_special_adminstrative_region_of_china,2008,-11.6125092288749
hong_kong_special_adminstrative_region_of_china,2009,-8.32949267052648
hong_kong_special_adminstrative_region_of_china,2010,-10.908773733348
hong_kong_special_adminstrative_region_of_china,2011,-14.7183188574695
hong_kong_special_adminstrative_region_of_china,2012,-17.8998113862961
hong_kong_special_adminstrative_region_of_china,2013,-21.2732675725387
hong_kong_special_adminstrative_region_of_china,2014,-18.5064275162754
hong_kong_special_adminstrative_region_of_china,2015,-13.2666609934069
hong_kong_special_adminstrative_region_of_china,2016,-11.1211066360944
hong_kong_special_adminstrative_region_of_china,2017,-12.0033258706287
hong_kong_special_adminstrative_region_of_china,2018,-11.7654643887869
hong_kong_special_adminstrative_region_of_china,2019,-11.8778234028194
hong_kong_special_adminstrative_region_of_china,2020,-13.3873927308257
hong_kong_special_adminstrative_region_of_china,2021,-15.6703547465108
hungary,1990,-5.02904207579838
hungary,1991,-3.80993804489858
hungary,1992,-8.97824742267875
hungary,1993,-6.47343388826509
hungary,1994,-4.86614398241002
hungary,1995,-4.02335537248004
hungary,1996,-1.99548400055893
hungary,1997,-2.23960875289281
hungary,1998,-2.69835954512351
hungary,1999,-2.79575591242916
hungary,2000,-4.02338831620055
hungary,2001,-4.55459456006323
hungary,2002,-4.37606671059
hungary,2003,-5.35530888555434
hungary,2004,-5.30232020146296
hungary,2005,-4.89201954711009
hungary,2006,-5.22199485977544
hungary,2007,-6.44190084508727
hungary,2008,-7.14153994081397
hungary,2009,-4.85771554787575
hungary,2010,-5.47718109824239
hungary,2011,-5.1861922799685
hungary,2012,-4.07898587235171
hungary,2013,-4.63249977234611
hungary,2014,-3.84599375709865
hungary,2015,-3.42697001845758
hungary,2016,-3.65571247319067
hungary,2017,-4.36396485231754
hungary,2018,-4.74349472488723
hungary,2019,-4.35961247521587
hungary,2020,-3.64227908326391
hungary,2021,-4.66303493526661
india,1990,0.699234675144396
india,1991,5.07075807105309
india,1992,2.42522593396583
india,1993,6.92202792704913
india,1994,8.36989566307287
india,1995,11.2643774685878
india,1996,15.0913282717045
india,1997,14.7221672657849
india,1998,15.3034319743306
india,1999,11.9649913933673
india,2000,18.9286614305325
india,2001,20.9196727864126
india,2002,25.3322519652835
india,2003,21.0984251441866
india,2004,24.302549281981
india,2005,24.3691579373022
india,2006,31.0046544456452
india,2007,26.2415910110169
india,2008,29.6047982802621
india,2009,23.7372942760417
india,2010,27.2028556789798
india,2011,36.4660791649399
india,2012,37.0700717145623
india,2013,58.3266106298026
india,2014,51.4533108551692
india,2015,37.9416655123963
india,2016,47.8814188224002
india,2017,41.7895422326959
india,2018,45.7978640848378
india,2019,45.135398381446
india,2020,47.439954284786
india,2021,61.8169920473708
indonesia,1990,2.28880593787407
indonesia,1991,3.96557695931119
indonesia,1992,4.04136420828677
indonesia,1993,5.71726245134061
indonesia,1994,5.3800515550805
indonesia,1995,4.88490734880281
indonesia,1996,6.51444431466875
indonesia,1997,9.01684170335649
indonesia,1998,24.7730878558934
indonesia,1999,12.1935410555294
indonesia,2000,11.2935775075686
indonesia,2001,13.8551026806751
indonesia,2002,9.00759930172775
indonesia,2003,6.09235226188758
indonesia,2004,5.61114963927778
indonesia,2005,5.3005247488988
indonesia,2006,4.64177941459431
indonesia,2007,5.43803097977474
indonesia,2008,-0.619923453002045
indonesia,2009,0.993402903725482
indonesia,2010,0.0990411470139492
indonesia,2011,-0.848335739042852
indonesia,2012,-5.9666358548557
indonesia,2013,-6.51588269559051
indonesia,2014,-6.03044369332611
indonesia,2015,-1.79296343615945
indonesia,2016,-2.49648339392013
indonesia,2017,-1.85699739987589
indonesia,2018,-3.08916583321226
indonesia,2019,-2.65464681861872
indonesia,2020,-4.53593067214834
indonesia,2021,-2.33652421267007
ireland,1990,-1.80198620374198
ireland,1991,-2.07414424036174
ireland,1992,-2.59218591027446
ireland,1993,-1.86394589413025
ireland,1994,-1.72694365802127
ireland,1995,-1.72462180968207
ireland,1996,-3.4232698933683
ireland,1997,-2.81715921563215
ireland,1998,-2.28008562984275
ireland,1999,-3.50952064355631
ireland,2000,-2.49751963137211
ireland,2001,-2.47101618841828
ireland,2002,-3.25294043113385
ireland,2003,-7.21154503034966
ireland,2004,-5.59082666949888
ireland,2005,-6.67485040028875
ireland,2006,-6.68495375642485
ireland,2007,-6.81168271539824
ireland,2008,-4.88029261343986
ireland,2009,-2.90469735819464
ireland,2010,-2.25416180294655
ireland,2011,-2.67766359441119
ireland,2012,-2.32640980604334
ireland,2013,-2.51709563918147
ireland,2014,-2.80887666961608
ireland,2015,-2.09464823784796
ireland,2016,-2.35300316130094
ireland,2017,-2.9265428672368
ireland,2018,-3.15446344944611
ireland,2019,-3.47009815973226
ireland,2020,-2.3736482785457
ireland,2021,-2.4463208064955
islamic_republic_of_iran,1990,2.15479188563041
islamic_republic_of_iran,1991,2.38376072836182
islamic_republic_of_iran,1992,2.16991918489561
islamic_republic_of_iran,1993,6.2277786552576
islamic_republic_of_iran,1994,8.19403849479098
islamic_republic_of_iran,1995,5.98692178796547
islamic_republic_of_iran,1996,3.44566426654688
islamic_republic_of_iran,1997,0.296301805905102
islamic_republic_of_iran,1998,-0.642961536026803
islamic_republic_of_iran,1999,13.4950566206232
islamic_republic_of_iran,2000,20.7487916483047
islamic_republic_of_iran,2001,20.4458342098731
islamic_republic_of_iran,2002,25.5371237314167
islamic_republic_of_iran,2003,12.5371896082986
islamic_republic_of_iran,2004,14.1044628437242
islamic_republic_of_iran,2005,17.4963113486423
islamic_republic_of_iran,2006,17.2891124790053
islamic_republic_of_iran,2007,4.15606773256911
islamic_republic_of_iran,2008,3.29907142248075
islamic_republic_of_iran,2009,5.69986348570984
islamic_republic_of_iran,2010,19.6778067543114
islamic_republic_of_iran,2011,21.5784920388184
islamic_republic_of_iran,2012,11.8981066866287
islamic_republic_of_iran,2013,24.8003541183199
islamic_republic_of_iran,2014,23.4695066410957
islamic_republic_of_iran,2015,10.2130031580885
islamic_republic_of_iran,2016,22.0584892045379
islamic_republic_of_iran,2017,24.9186877608837
islamic_republic_of_iran,2018,29.5121230798026
islamic_republic_of_iran,2019,19.9005139122841
islamic_republic_of_iran,2020,15.2274016342242
islamic_republic_of_iran,2021,18.7149819345368
israel,1990,-3.7085519314544
israel,1991,-3.7734615554378
israel,1992,-4.31979586199078
israel,1993,-3.78478672222488
israel,1994,-3.69806259144847
israel,1995,-4.00085422062962
israel,1996,-4.00816764043649
israel,1997,-3.90640300016385
israel,1998,-4.0126684359434
israel,1999,-2.29986085350916
israel,2000,-2.28670420334349
israel,2001,-1.76618180022208
israel,2002,-2.17580989263599
israel,2003,-3.83590265479554
israel,2004,-4.73530601402671
israel,2005,-4.66979574655714
israel,2006,-5.06386983480652
israel,2007,-5.01367142279613
israel,2008,-6.21291578684631
israel,2009,-4.39477448959492
israel,2010,-4.61047788413372
israel,2011,-5.12510535683753
israel,2012,-3.61593880226709
israel,2013,-4.44539718188148
israel,2014,-5.74802714854204
israel,2015,-4.73933557442768
israel,2016,-5.26657413391685
israel,2017,-5.07825677162142
israel,2018,-5.8808582054651
israel,2019,-5.62630947219555
israel,2020,-4.91171354271094
israel,2021,-6.27078833783512
italy_including_san_marino,1990,-35.0173391454171
italy_including_san_marino,1991,-33.5452040000557
italy_including_san_marino,1992,-47.2125403662067
italy_including_san_marino,1993,-34.8740482906755
italy_including_san_marino,1994,-32.0375677484491
italy_including_san_marino,1995,-31.0795196747057
italy_including_san_marino,1996,-23.8723550469183
italy_including_san_marino,1997,-23.5448509453536
italy_including_san_marino,1998,-22.8567520181877
italy_including_san_marino,1999,-25.8924061494368
italy_including_san_marino,2000,-28.1755711662805
italy_including_san_marino,2001,-25.0397094967688
italy_including_san_marino,2002,-26.7028010402864
italy_including_san_marino,2003,-26.1157696386186
italy_including_san_marino,2004,-29.2609097680574
italy_including_san_marino,2005,-31.7454923526851
italy_including_san_marino,2006,-39.1695030489567
italy_including_san_marino,2007,-37.3285345167659
italy_including_san_marino,2008,-37.2202200381802
italy_including_san_marino,2009,-38.2814617025637
italy_including_san_marino,2010,-45.742835904242
italy_including_san_marino,2011,-43.0270548811594
italy_including_san_marino,2012,-33.8863824376474
italy_including_san_marino,2013,-33.0503982693705
italy_including_san_marino,2014,-33.2678157770353
italy_including_san_marino,2015,-25.2260475413637
italy_including_san_marino,2016,-22.5190535396317
italy_including_san_marino,2017,-25.3578905235623
italy_including_san_marino,2018,-27.6220099972011
italy_including_san_marino,2019,-25.6914411716812
italy_including_san_marino,2020,-22.8148770011324
italy_including_san_marino,2021,-26.27098171475
jamaica,1990,0.0172341843572887
jamaica,1991,0.0847177767541254
jamaica,1992,0.161103879966992
jamaica,1993,0.0533273231685993
jamaica,1994,0.15901692297764
jamaica,1995,0.127956499941609
jamaica,1996,0.65462800682429
jamaica,1997,0.579458308421877
jamaica,1998,-0.0734069938528625
jamaica,1999,0.0766504043038858
jamaica,2000,1.01057362816054
jamaica,2001,0.929192585164317
jamaica,2002,0.827570701402948
jamaica,2003,0.913072876656514
jamaica,2004,1.03262006253016
jamaica,2005,0.94026306767521
jamaica,2006,1.09474233424492
jamaica,2007,0.870621972623711
jamaica,2008,1.02533444274877
jamaica,2009,0.661680000000924
jamaica,2010,0.575914661122253
jamaica,2011,0.646708079940846
jamaica,2012,0.623849082253622
jamaica,2013,0.678660189178735
jamaica,2014,0.451337160463806
jamaica,2015,0.421334398094478
jamaica,2016,0.31894341187658
jamaica,2017,0.40736298470596
jamaica,2018,0.201663509059796
jamaica,2019,0.179849216641978
jamaica,2020,-0.115652920625212
jamaica,2021,-0.110080541617664
japan,1990,-43.737576300365
japan,1991,-45.6143275008001
japan,1992,-66.6854835598467
japan,1993,-60.7353432903361
japan,1994,-65.8247076376879
japan,1995,-71.0532091078492
japan,1996,-65.8358839864314
japan,1997,-61.1620325924963
japan,1998,-46.1498548769571
japan,1999,-61.1925597121748
japan,2000,-77.7797365818456
japan,2001,-71.7255123387956
japan,2002,-60.834879106203
japan,2003,-65.423600286504
japan,2004,-68.9086796348373
japan,2005,-69.0610170709272
japan,2006,-67.9964912364192
japan,2007,-60.4742918628654
japan,2008,-73.8794922534294
japan,2009,-63.5505350400032
japan,2010,-63.5540076740866
japan,2011,-71.9257873444946
japan,2012,-76.4648279030016
japan,2013,-59.549339495699
japan,2014,-49.470791633161
japan,2015,-37.4218172953379
japan,2016,-35.2787584796395
japan,2017,-33.7228044478251
japan,2018,-38.1335618365612
japan,2019,-39.9485079376778
japan,2020,-40.5054661231445
japan,2021,-44.4275769532744
jordan,1990,-1.55887849876623
jordan,1991,-1.25237342795283
jordan,1992,-1.39454355631324
jordan,1993,-1.26865373527363
jordan,1994,-1.28859165875789
jordan,1995,-1.43199391276984
jordan,1996,-0.325936248051932
jordan,1997,-0.963783585485567
jordan,1998,-1.05215321229156
jordan,1999,-0.823808721513747
jordan,2000,-0.682248040362704
jordan,2001,-1.10303491008396
jordan,2002,-1.12588649999375
jordan,2003,-0.80859095250896
jordan,2004,-0.903571291416245
jordan,2005,-1.10339415842535
jordan,2006,-1.05574211813705
jordan,2007,-1.19892812219491
jordan,2008,-2.15123713782299
jordan,2009,-2.43388367520013
jordan,2010,-1.80031130426331
jordan,2011,-2.38698262908163
jordan,2012,-2.86465771416793
jordan,2013,-3.19685853667005
jordan,2014,-2.68276418206271
jordan,2015,-2.71152565227456
jordan,2016,-1.98234347896604
jordan,2017,-1.63785288857974
jordan,2018,-1.74672653096899
jordan,2019,-1.60272278496895
jordan,2020,-1.82942667778628
jordan,2021,-2.01990048275628
kazakhstan,1990,-3.14721630088034
kazakhstan,1991,14.644631374485
kazakhstan,1992,29.4155686361677
kazakhstan,1993,11.8595909544141
kazakhstan,1994,8.94089653683665
kazakhstan,1995,10.547364325094
kazakhstan,1996,10.8412887266407
kazakhstan,1997,10.6271675737303
kazakhstan,1998,8.4504417081876
kazakhstan,1999,5.88292531337665
kazakhstan,2000,11.0087331930288
kazakhstan,2001,6.09728688440376
kazakhstan,2002,9.02081811115058
kazakhstan,2003,14.0026555418722
kazakhstan,2004,15.2533197206813
kazakhstan,2005,15.8033805013302
kazakhstan,2006,15.9096424442008
kazakhstan,2007,14.3702503449372
kazakhstan,2008,18.5398840728837
kazakhstan,2009,19.3007440440115
kazakhstan,2010,29.9982501456023
kazakhstan,2011,30.8082934904341
kazakhstan,2012,31.9358370147581
kazakhstan,2013,27.6009324786002
kazakhstan,2014,32.4412477254118
kazakhstan,2015,22.5998970117082
kazakhstan,2016,26.841631339903
kazakhstan,2017,28.8352733153745
kazakhstan,2018,36.9205961347602
kazakhstan,2019,30.9972374073809
kazakhstan,2020,22.7372248864263
kazakhstan,2021,24.8694078619718
kenya,1990,-0.643985084949387
kenya,1991,-0.679452255111965
kenya,1992,-0.791674050881736
kenya,1993,-0.656054915174072
kenya,1994,-0.691025391247166
kenya,1995,-0.761724934010589
kenya,1996,-0.0511129714435117
kenya,1997,-0.318723335753952
kenya,1998,-0.832224371672826
kenya,1999,-0.311087917155471
kenya,2000,-0.421836939485298
kenya,2001,-0.77383904956946
kenya,2002,-0.605080989466771
kenya,2003,-0.742189097284606
kenya,2004,-0.669946665941565
kenya,2005,-0.837991942019553
kenya,2006,-1.00344450180901
kenya,2007,-1.20513381727596
kenya,2008,-1.3341326135463
kenya,2009,-1.32268688103092
kenya,2010,-1.34225090095064
kenya,2011,-1.64572569862519
kenya,2012,-2.17407860177346
kenya,2013,-2.72446882320932
kenya,2014,-3.61363274493203
kenya,2015,-2.91150122546582
kenya,2016,-2.57231737023955
kenya,2017,-2.36277609194658
kenya,2018,-2.43012857105166
kenya,2019,-2.40287816461186
kenya,2020,-2.20925660473069
kenya,2021,-2.43663778759546
kuwait,1990,-0.342815832857861
kuwait,1991,-2.09859028341637
kuwait,1992,-1.0977175890614
kuwait,1993,0.276374672356615
kuwait,1994,0.821938662711466
kuwait,1995,0.84842128882196
kuwait,1996,1.83948295754649
kuwait,1997,2.01968675538348
kuwait,1998,-0.422655656555026
kuwait,1999,2.95121212170534
kuwait,2000,5.92010963165752
kuwait,2001,5.3597079104055
kuwait,2002,4.01403053563176
kuwait,2003,2.85449643269578
kuwait,2004,3.41755701196234
kuwait,2005,2.38975740838789
kuwait,2006,3.31459508988805
kuwait,2007,2.56821403169798
kuwait,2008,3.49229130240498
kuwait,2009,3.26925390530744
kuwait,2010,3.35875852131124
kuwait,2011,3.24829705842753
kuwait,2012,6.04801438209164
kuwait,2013,1.94826995747955
kuwait,2014,0.025457011594181
kuwait,2015,-0.80549953090221
kuwait,2016,0.516184160414685
kuwait,2017,0.896390122885876
kuwait,2018,0.606297799874572
kuwait,2019,0.386082766518129
kuwait,2020,-0.649780986484313
kuwait,2021,-0.296109385683071
kyrgyzstan,1990,-0.2171410605075
kyrgyzstan,1991,-0.495479170726303
kyrgyzstan,1992,-1.88064996886324
kyrgyzstan,1993,-1.30980624752044
kyrgyzstan,1994,-1.24762553521951
kyrgyzstan,1995,-1.71761915750705
kyrgyzstan,1996,-0.858720344004781
kyrgyzstan,1997,0.0640222992186037
kyrgyzstan,1998,-1.34344576024687
kyrgyzstan,1999,-0.321285642530879
kyrgyzstan,2000,-0.439052761772731
kyrgyzstan,2001,-0.235327933572629
kyrgyzstan,2002,-0.197774396796502
kyrgyzstan,2003,0.0392378365703621
kyrgyzstan,2004,-0.227684948873828
kyrgyzstan,2005,-0.51131933222562
kyrgyzstan,2006,-0.874581587313825
kyrgyzstan,2007,-0.844204195096584
kyrgyzstan,2008,-2.39833950484787
kyrgyzstan,2009,-1.73968963424817
kyrgyzstan,2010,-1.36599898392207
kyrgyzstan,2011,-1.43461914995773
kyrgyzstan,2012,-2.1857224513668
kyrgyzstan,2013,-2.00932291704826
kyrgyzstan,2014,-2.09550717985988
kyrgyzstan,2015,-1.5897628615254
kyrgyzstan,2016,-2.02596690647726
kyrgyzstan,2017,-1.98165441826235
kyrgyzstan,2018,-2.33459916320068
kyrgyzstan,2019,-2.26003869693935
kyrgyzstan,2020,-2.12988412974399
kyrgyzstan,2021,-2.342479260909
lao_people_s_democratic_republic,1990,-0.0793791868232592
lao_people_s_democratic_republic,1991,-0.0869046613899349
lao_people_s_democratic_republic,1992,-0.0895791297821004
lao_people_s_democratic_republic,1993,-0.0926731447115103
lao_people_s_democratic_republic,1994,-0.111728972338559
lao_people_s_democratic_republic,1995,-0.130395974402324
lao_people_s_democratic_republic,1996,-0.124614112563221
lao_people_s_democratic_republic,1997,-0.109438116663574
lao_people_s_democratic_republic,1998,-0.118002847849485
lao_people_s_democratic_republic,1999,-0.103281138468032
lao_people_s_democratic_republic,2000,-0.410134952155627
lao_people_s_democratic_republic,2001,-0.411373140180953
lao_people_s_democratic_republic,2002,-0.410172371161205
lao_people_s_democratic_republic,2003,-0.213633244097368
lao_people_s_democratic_republic,2004,-0.293578131275751
lao_people_s_democratic_republic,2005,-0.265583326957706
lao_people_s_democratic_republic,2006,-0.346159989378669
lao_people_s_democratic_republic,2007,-0.385450145635539
lao_people_s_democratic_republic,2008,-0.474296014488651
lao_people_s_democratic_republic,2009,-0.634881231201744
lao_people_s_democratic_republic,2010,0.203665677290211
lao_people_s_democratic_republic,2011,0.257573283101125
lao_people_s_democratic_republic,2012,0.21527918700163
lao_people_s_democratic_republic,2013,0.249648838468623
lao_people_s_democratic_republic,2014,0.252889708010483
lao_people_s_democratic_republic,2015,0.514843212238243
lao_people_s_democratic_republic,2016,1.01415500527718
lao_people_s_democratic_republic,2017,-0.409314929207509
lao_people_s_democratic_republic,2018,-0.358948346401236
lao_people_s_democratic_republic,2019,-0.60293130861157
lao_people_s_democratic_republic,2020,-0.646851764298704
lao_people_s_democratic_republic,2021,-0.349472730615461
latvia,1990,-0.518953197426719
latvia,1991,-0.528000622076005
latvia,1992,-1.14687318341621
latvia,1993,-0.739812085332549
latvia,1994,-0.921998302437358
latvia,1995,-0.971465125759425
latvia,1996,-1.37676089758988
latvia,1997,-1.35783346990231
latvia,1998,-1.40161121693998
latvia,1999,-1.25814557882549
latvia,2000,-2.07770217346362
latvia,2001,-1.69723053467131
latvia,2002,-1.65021242741851
latvia,2003,-1.87511337538535
latvia,2004,-1.695466730529
latvia,2005,-1.52936520741063
latvia,2006,-1.88394731808218
latvia,2007,-2.48360243691946
latvia,2008,-2.19276926370218
latvia,2009,-1.24596951671293
latvia,2010,-1.3109491977505
latvia,2011,-1.54454497614462
latvia,2012,-1.58081397111631
latvia,2013,-1.46647745798823
latvia,2014,-1.2830582909284
latvia,2015,-1.28445311814781
latvia,2016,-1.31424042682735
latvia,2017,-1.92445637698821
latvia,2018,-2.24223389246311
latvia,2019,-2.10381875045057
latvia,2020,-1.84951014768555
latvia,2021,-2.20160726141523
lithuania,1990,-2.04241132491991
lithuania,1991,-2.19540307509163
lithuania,1992,-8.54864426732625
lithuania,1993,-4.39213362099518
lithuania,1994,-3.52796924154864
lithuania,1995,-3.53029940032354
lithuania,1996,-1.90953746240296
lithuania,1997,-1.78070977861516
lithuania,1998,-1.69753905372492
lithuania,1999,-1.75127461090804
lithuania,2000,-2.28032480937666
lithuania,2001,-2.05279456166912
lithuania,2002,-1.82608404858014
lithuania,2003,-2.72105738829919
lithuania,2004,-2.27441706466685
lithuania,2005,-2.07188741108625
lithuania,2006,-2.45082154813906
lithuania,2007,-2.43358482401759
lithuania,2008,-2.08688252204001
lithuania,2009,-2.29198786688378
lithuania,2010,-1.87184007250974
lithuania,2011,-2.63273410246799
lithuania,2012,-1.96234773413253
lithuania,2013,-2.16713965363234
lithuania,2014,-2.29193099187875
lithuania,2015,-2.00879382749003
lithuania,2016,-2.25596155643599
lithuania,2017,-2.44679573591263
lithuania,2018,-2.60062101073759
lithuania,2019,-2.21162354304126
lithuania,2020,-1.77651245929316
lithuania,2021,-2.29485955745269
luxembourg,1990,0
luxembourg,1991,0
luxembourg,1992,0
luxembourg,1993,0
luxembourg,1994,0
luxembourg,1995,0
luxembourg,1996,0
luxembourg,1997,0
luxembourg,1998,0
luxembourg,1999,-0.146077948230654
luxembourg,2000,0.0897685158953112
luxembourg,2001,0.163360194425302
luxembourg,2002,0.0442607613953583
luxembourg,2003,-0.293845309733899
luxembourg,2004,-0.355111912700484
luxembourg,2005,-0.638138822414204
luxembourg,2006,-0.812514754229847
luxembourg,2007,-0.157331346075759
luxembourg,2008,-1.27897161403987
luxembourg,2009,0.330432462105044
luxembourg,2010,0.114061564566772
luxembourg,2011,-0.293464889693239
luxembourg,2012,-0.316452972971855
luxembourg,2013,-0.346518113319985
luxembourg,2014,-0.41141145006783
luxembourg,2015,-0.450845969387512
luxembourg,2016,-0.200458733831943
luxembourg,2017,-0.123151000627645
luxembourg,2018,-0.00552332199173122
luxembourg,2019,0.122385468340495
luxembourg,2020,0.0172195411156491
luxembourg,2021,-0.0943761046880574
madagascar,1990,-0.124836080114268
madagascar,1991,-0.119751462455404
madagascar,1992,-0.126529669487616
madagascar,1993,-0.137741117136773
madagascar,1994,-0.137744116931766
madagascar,1995,-0.138024012517996
madagascar,1996,-0.0494631681805909
madagascar,1997,-0.0693940910773884
madagascar,1998,-0.162030122235202
madagascar,1999,-0.210183245536581
madagascar,2000,-0.208506374927787
madagascar,2001,-0.238609363895524
madagascar,2002,-0.207669210515579
madagascar,2003,-0.311729949463081
madagascar,2004,-0.281270062995152
madagascar,2005,-0.322338835070702
madagascar,2006,-0.290114929108037
madagascar,2007,-0.318994833727418
madagascar,2008,-0.660773294416847
madagascar,2009,-0.492347873217122
madagascar,2010,-0.364115637258372
madagascar,2011,-0.38293063904256
madagascar,2012,-0.360825705823961
madagascar,2013,-0.421875129904896
madagascar,2014,-0.492736335627254
madagascar,2015,-0.443953485418485
madagascar,2016,-0.41687115880846
madagascar,2017,-0.430387561514508
madagascar,2018,-0.363314806315103
madagascar,2019,-0.359907515221281
madagascar,2020,-0.396275480435831
madagascar,2021,-0.455815351869137
malawi,1990,-0.21700038391111
malawi,1991,-0.207096789657345
malawi,1992,-0.201950310044917
malawi,1993,-0.220834940011499
malawi,1994,-0.222889942186686
malawi,1995,-0.237743863845126
malawi,1996,-0.303402449357927
malawi,1997,-0.293630403974356
malawi,1998,-0.283074809737883
malawi,1999,-0.272598011453696
malawi,2000,0.01227232804884
malawi,2001,0.0139087130150599
malawi,2002,0.00548269780594668
malawi,2003,-0.0180919176673379
malawi,2004,0.017411470168851
malawi,2005,0.0171206790402204
malawi,2006,-0.00754859967485022
malawi,2007,0.0203793160064499
malawi,2008,0.018362389269618
malawi,2009,0.0295590879189349
malawi,2010,0.0171851795712928
malawi,2011,0.0200648626054853
malawi,2012,-0.00134501635350776
malawi,2013,0.0329273920484265
malawi,2014,0.024992732741641
malawi,2015,0.0254408078727045
malawi,2016,-0.00864122215807517
malawi,2017,0.0246052814880966
malawi,2018,-0.253107867293775
malawi,2019,-0.262095957910639
malawi,2020,-0.278179605353969
malawi,2021,-0.315148202888197
malaysia,1990,-3.21701436876807
malaysia,1991,-1.93958571074231
malaysia,1992,-2.33526661744239
malaysia,1993,-0.143385291133615
malaysia,1994,0.174454079924367
malaysia,1995,3.23621785495679
malaysia,1996,2.67602657278869
malaysia,1997,1.9009799396181
malaysia,1998,8.31447687386169
malaysia,1999,2.85379372053516
malaysia,2000,2.7243265602143
malaysia,2001,3.38258525987714
malaysia,2002,2.13717702439476
malaysia,2003,7.27768054543297
malaysia,2004,9.57452130360288
malaysia,2005,8.90196699462094
malaysia,2006,8.59870545710044
malaysia,2007,7.45722507309495
malaysia,2008,7.81485017305848
malaysia,2009,9.47224022670677
malaysia,2010,5.75441356715136
malaysia,2011,3.5509891689067
malaysia,2012,0.746464046805549
malaysia,2013,0.65261688256129
malaysia,2014,1.57313693169466
malaysia,2015,2.08517972865553
malaysia,2016,3.51573579681649
malaysia,2017,4.60421649227143
malaysia,2018,4.04761376962387
malaysia,2019,4.89451669302464
malaysia,2020,5.10035318160034
malaysia,2021,5.08683221488299
malta,1990,-0.264230165917615
malta,1991,-0.266986898765015
malta,1992,-0.321565039784878
malta,1993,-0.231197020778978
malta,1994,-0.278357894178396
malta,1995,-0.347865404335918
malta,1996,-0.360962671706106
malta,1997,-0.292504635952398
malta,1998,-0.610785428681754
malta,1999,-0.443257243377706
malta,2000,-0.58376580364233
malta,2001,-0.568256243361595
malta,2002,-0.632433745697115
malta,2003,-0.409295114299205
malta,2004,-0.397071296952387
malta,2005,-0.174617985501814
malta,2006,-0.324512985844415
malta,2007,-0.546918596038311
malta,2008,-0.880381650207604
malta,2009,-0.57692815025375
malta,2010,-0.901711160880371
malta,2011,-1.51792798881734
malta,2012,-1.42874369861209
malta,2013,-1.121743585681
malta,2014,-1.43208152051109
malta,2015,-1.8455336544115
malta,2016,-2.13395696368323
malta,2017,-1.97362869824174
malta,2018,-2.39740164094911
malta,2019,-2.22416807599595
malta,2020,-1.86777216015945
malta,2021,-2.35538162324532
mauritius,1990,-0.334992445177401
mauritius,1991,-0.353032777354309
mauritius,1992,-0.384328963161788
mauritius,1993,-0.385385935311308
mauritius,1994,-0.423935073965012
mauritius,1995,-0.440172274877867
mauritius,1996,-0.554617751819127
mauritius,1997,-0.535986019412721
mauritius,1998,-0.428741264311855
mauritius,1999,-0.380464159291348
mauritius,2000,-0.526733853584044
mauritius,2001,-0.423728697624534
mauritius,2002,-0.439379768625893
mauritius,2003,-0.446562052431334
mauritius,2004,-0.541917242073906
mauritius,2005,-0.316944556155569
mauritius,2006,-0.328471497695623
mauritius,2007,-0.291144479029188
mauritius,2008,-0.42580378470565
mauritius,2009,-0.315433968657531
mauritius,2010,-0.26626924786767
mauritius,2011,-0.291451730157577
mauritius,2012,-0.30105039487665
mauritius,2013,-0.286359045170255
mauritius,2014,-0.31239718361174
mauritius,2015,-0.225727487600655
mauritius,2016,-0.255050258095922
mauritius,2017,-0.301217503892147
mauritius,2018,-0.340398306650321
mauritius,2019,-0.342145909999246
mauritius,2020,-0.402814900283416
mauritius,2021,-0.456405047056564
mexico,1990,-1.19448723428515
mexico,1991,-2.34421687872084
mexico,1992,-3.69880710714578
mexico,1993,-3.92396032972334
mexico,1994,-3.4956790074841
mexico,1995,2.30042261719521
mexico,1996,0.81683808673337
mexico,1997,-3.36616893482385
mexico,1998,-4.8033701557066
mexico,1999,-5.89188165953328
mexico,2000,-13.098695597331
mexico,2001,-11.2004304202185
mexico,2002,-11.555491210318
mexico,2003,-4.18865245129405
mexico,2004,-8.56182000835049
mexico,2005,-7.28400152362609
mexico,2006,-8.17462989865169
mexico,2007,-6.55293283828325
mexico,2008,-8.74990228769144
mexico,2009,-6.9557551727666
mexico,2010,-10.5677625763067
mexico,2011,-14.8069312431814
mexico,2012,-12.7968400914331
mexico,2013,-16.7905643995827
mexico,2014,-17.5819482566264
mexico,2015,-16.3133828987129
mexico,2016,-13.3685031926833
mexico,2017,-13.9209771620262
mexico,2018,-14.2552575037225
mexico,2019,-12.6152275927084
mexico,2020,-7.17685207610685
mexico,2021,-10.3596337504611
mongolia,1990,0.239327350676026
mongolia,1991,0.87610229424203
mongolia,1992,0.480829451503454
mongolia,1993,0.85571134544551
mongolia,1994,0.553699833215928
mongolia,1995,0.515860994510432
mongolia,1996,0.123074698092139
mongolia,1997,0.420139097723422
mongolia,1998,0.333802629473381
mongolia,1999,0.236964945584042
mongolia,2000,0.104140382134114
mongolia,2001,0.0852868491067205
mongolia,2002,0.110515580976314
mongolia,2003,-0.0980768865740309
mongolia,2004,-0.000284213630314056
mongolia,2005,-0.0573188815919106
mongolia,2006,-0.0805355225628781
mongolia,2007,-0.081466873041443
mongolia,2008,-0.318601680678056
mongolia,2009,-0.115532786912353
mongolia,2010,-0.247061551003918
mongolia,2011,-0.527679721659187
mongolia,2012,-0.458890886121214
mongolia,2013,0.00247909184294315
mongolia,2014,0.121897019343701
mongolia,2015,-0.0620817860473961
mongolia,2016,0.498556222834853
mongolia,2017,1.00442560883199
mongolia,2018,1.18031449046141
mongolia,2019,1.42989488942679
mongolia,2020,0.956598886718261
mongolia,2021,0.823436131479154
morocco,1990,-2.24694975908697
morocco,1991,-1.95488260640748
morocco,1992,-3.04117998449301
morocco,1993,-2.28253300300711
morocco,1994,-2.08477387388575
morocco,1995,-2.13395297740632
morocco,1996,-1.10393348828443
morocco,1997,-0.628001416349942
morocco,1998,-1.11498857057152
morocco,1999,-1.69630417450886
morocco,2000,-1.42769115943886
morocco,2001,-1.25778841852839
morocco,2002,-1.60404992840032
morocco,2003,-0.852218151902774
morocco,2004,-0.923488461237904
morocco,2005,-0.690302538247995
morocco,2006,-0.898703263546263
morocco,2007,-1.46390375338197
morocco,2008,-2.34139426482663
morocco,2009,-1.71946596648138
morocco,2010,-1.3449531697957
morocco,2011,-2.21379037876945
morocco,2012,-1.94335875271882
morocco,2013,-1.89963704465819
morocco,2014,-1.69946737010755
morocco,2015,-1.41794285066814
morocco,2016,-1.97376092217612
morocco,2017,-1.51837761473545
morocco,2018,-1.60457074760262
morocco,2019,-0.98295846209929
morocco,2020,-0.783096419523798
morocco,2021,-0.963160791073801
mozambique,1990,-0.81694867616805
mozambique,1991,-0.759823010000219
mozambique,1992,-0.692700930219685
mozambique,1993,-0.756836003845576
mozambique,1994,-0.776129070925117
mozambique,1995,-0.844074328989007
mozambique,1996,-0.483750803260626
mozambique,1997,-0.193805984385593
mozambique,1998,-0.453917294546615
mozambique,1999,-0.757765866496493
mozambique,2000,-0.825909231654423
mozambique,2001,-0.897958013210942
mozambique,2002,-0.864911963882149
mozambique,2003,-0.897044622427766
mozambique,2004,-0.897599273466456
mozambique,2005,-1.03562781407796
mozambique,2006,-1.1174645485113
mozambique,2007,-1.34886640885123
mozambique,2008,-1.66095635728851
mozambique,2009,-1.68384739943587
mozambique,2010,-1.53345988988006
mozambique,2011,-2.11109881799844
mozambique,2012,-1.85153288583659
mozambique,2013,-2.69907120164667
mozambique,2014,-2.75402395174877
mozambique,2015,-2.35687630509901
mozambique,2016,-2.05166953843305
mozambique,2017,-1.6080472607033
mozambique,2018,-1.58888221190565
mozambique,2019,-1.75689503473969
mozambique,2020,-1.69035590120011
mozambique,2021,-1.88531398094264
namibia,1990,0
namibia,1991,0
namibia,1992,0
namibia,1993,0
namibia,1994,0
namibia,1995,0
namibia,1996,0
namibia,1997,0
namibia,1998,0
namibia,1999,0
namibia,2000,0.0100106293297452
namibia,2001,0.00239623137833367
namibia,2002,0.0479898920661708
namibia,2003,0.0539756921046411
namibia,2004,0.0157517336205588
namibia,2005,0.0213290395398871
namibia,2006,0.0442488436107908
namibia,2007,-0.070243398774545
namibia,2008,-0.144473965105068
namibia,2009,-0.053681737951258
namibia,2010,-1.17162914669412
namibia,2011,-1.16152493267376
namibia,2012,-1.56863682521583
namibia,2013,-1.80959919533653
namibia,2014,-2.13668411696653
namibia,2015,-1.96723211951599
namibia,2016,-1.95598359444634
namibia,2017,-1.4069871582764
namibia,2018,-1.27004620244712
namibia,2019,-1.33574989292365
namibia,2020,-1.30424011732833
namibia,2021,-1.48919828261667
nepal,1990,-0.118187133647933
nepal,1991,-0.135900014295583
nepal,1992,-0.135504056061323
nepal,1993,-0.140544724603757
nepal,1994,-0.139727369312157
nepal,1995,-0.131154357542189
nepal,1996,-0.127032906644484
nepal,1997,-0.114999573072547
nepal,1998,-0.514376031539366
nepal,1999,-0.834034636314539
nepal,2000,0.0935806309333682
nepal,2001,-0.202779202242023
nepal,2002,-0.292846664343637
nepal,2003,0.072547177766489
nepal,2004,-0.47062929171979
nepal,2005,-0.442170744627708
nepal,2006,-0.507687417060277
nepal,2007,-0.605318564122987
nepal,2008,-0.760955841609239
nepal,2009,0.124238473409375
nepal,2010,0.107093917172007
nepal,2011,0.106920485017501
nepal,2012,0.109553874996611
nepal,2013,0.0866257376311912
nepal,2014,0.174540138127897
nepal,2015,0.157251401642223
nepal,2016,0.177295518407761
nepal,2017,0.218492305427705
nepal,2018,-3.31568301403211
nepal,2019,-3.19349743761606
nepal,2020,-2.98654157497204
nepal,2021,-3.77589428208697
netherlands,1990,-10.7621228905206
netherlands,1991,-10.5690733410107
netherlands,1992,-18.3263372292114
netherlands,1993,-13.2426580184868
netherlands,1994,-12.0411459443379
netherlands,1995,-12.5572042704133
netherlands,1996,-9.43989326223615
netherlands,1997,-9.83830347513819
netherlands,1998,-10.9789557988721
netherlands,1999,6.51223580314507
netherlands,2000,11.4435098124926
netherlands,2001,13.5882547136004
netherlands,2002,12.2045612594218
netherlands,2003,-0.781534551046988
netherlands,2004,-2.39119102225342
netherlands,2005,-10.4739245751118
netherlands,2006,-15.7999218070036
netherlands,2007,-7.25066433404599
netherlands,2008,-12.5297167610024
netherlands,2009,-6.43361252384273
netherlands,2010,-10.9331818962683
netherlands,2011,-11.5794575386967
netherlands,2012,-6.51336026502879
netherlands,2013,-6.70219763141814
netherlands,2014,-3.61709403610593
netherlands,2015,-1.48497236536964
netherlands,2016,-1.32742838096387
netherlands,2017,-1.81634896285184
netherlands,2018,-3.17007674225797
netherlands,2019,-4.05499396731314
netherlands,2020,-4.13275434192966
netherlands,2021,-6.62727791377078
new_zealand,1990,-0.379430871350474
new_zealand,1991,-0.229915900159129
new_zealand,1992,-0.046836753592876
new_zealand,1993,-0.162408670722721
new_zealand,1994,-0.329133840441133
new_zealand,1995,-0.63502607224121
new_zealand,1996,-0.749340068443634
new_zealand,1997,-0.697711496030506
new_zealand,1998,-0.450997034040917
new_zealand,1999,-0.739695777883417
new_zealand,2000,0.0466406098509076
new_zealand,2001,0.214675969996318
new_zealand,2002,0.0609889551052305
new_zealand,2003,-0.395273765899622
new_zealand,2004,-0.859042269452191
new_zealand,2005,-1.17833599081986
new_zealand,2006,-0.683716949292853
new_zealand,2007,-1.00699063347484
new_zealand,2008,-0.807426343045409
new_zealand,2009,-0.269037880123882
new_zealand,2010,-0.409760887936214
new_zealand,2011,-0.697871357802365
new_zealand,2012,-0.778766781500929
new_zealand,2013,-1.11746630335821
new_zealand,2014,-0.994353909818166
new_zealand,2015,-0.779010290786758
new_zealand,2016,-1.08154583752112
new_zealand,2017,-0.758370100069726
new_zealand,2018,-0.880798104007216
new_zealand,2019,-0.706895483554705
new_zealand,2020,-1.28726577965798
new_zealand,2021,-1.78942782192418
nicaragua,1990,-0.175858180186499
nicaragua,1991,-0.181468526520527
nicaragua,1992,-0.219989988728726
nicaragua,1993,-0.202523193227191
nicaragua,1994,-0.194704622415167
nicaragua,1995,-0.185486817559079
nicaragua,1996,-0.158401468774348
nicaragua,1997,-0.182679942685812
nicaragua,1998,-0.222456587231677
nicaragua,1999,-0.2458745533366
nicaragua,2000,-0.192834028452281
nicaragua,2001,-0.182158693790428
nicaragua,2002,-0.157567188234699
nicaragua,2003,-0.18410608671781
nicaragua,2004,-0.21602160784282
nicaragua,2005,-0.240920413325791
nicaragua,2006,-0.343865258170034
nicaragua,2007,-0.434023780222655
nicaragua,2008,-0.352259607715456
nicaragua,2009,-0.296725715319518
nicaragua,2010,-0.243983142931295
nicaragua,2011,-0.187684462896588
nicaragua,2012,-0.315719314462158
nicaragua,2013,-0.31828249927047
nicaragua,2014,-0.463040423757746
nicaragua,2015,-0.54338835530481
nicaragua,2016,-0.554058051573502
nicaragua,2017,-0.490198364861912
nicaragua,2018,-0.460833458359635
nicaragua,2019,-0.403684104490802
nicaragua,2020,-0.335881809611116
nicaragua,2021,-0.378854276236961
nigeria,1990,0.268287651318387
nigeria,1991,0.558118577902068
nigeria,1992,0.644581207791113
nigeria,1993,0.272910947740538
nigeria,1994,0.556934237637872
nigeria,1995,2.0560250971105
nigeria,1996,2.48711349675961
nigeria,1997,1.600764893896
nigeria,1998,0.0811502933433843
nigeria,1999,5.93499027483348
nigeria,2000,12.9355490797681
nigeria,2001,7.96350125837942
nigeria,2002,5.09334962549114
nigeria,2003,4.63895360937483
nigeria,2004,2.62760433062731
nigeria,2005,1.99004695511455
nigeria,2006,4.31278903417427
nigeria,2007,-0.0877358650124194
nigeria,2008,-0.804333316526357
nigeria,2009,-2.50362644735881
nigeria,2010,3.16284542056536
nigeria,2011,6.43668226665508
nigeria,2012,8.97954714208342
nigeria,2013,1.07589112448825
nigeria,2014,1.48906478857739
nigeria,2015,-2.08497533280926
nigeria,2016,-0.409710270530901
nigeria,2017,1.06915183856451
nigeria,2018,1.19780784902135
nigeria,2019,2.16995184694448
nigeria,2020,-0.992609045597661
nigeria,2021,-0.236043699231224
norway,2003,0.447708295889608
norway,2004,-0.192976340365728
norway,2005,-0.233849707673109
norway,2006,-1.60798138166821
norway,2007,-2.53331334254415
norway,2008,-1.70304003013548
norway,2009,-2.27898699381991
norway,2010,-2.65498843633052
norway,2011,-1.74574217849797
norway,2012,-1.07880166022675
norway,2013,-1.18271991794399
norway,2014,-0.955434957500083
norway,2015,-1.34240145703402
norway,2016,-1.2840103829126
norway,2017,-1.64394171640608
norway,2018,-1.45742782581488
norway,2019,-1.72124946368266
norway,2020,-1.59192093106954
norway,2021,-1.01328319828029
oman,1990,-0.364204185052564
oman,1991,-0.494183948332903
oman,1992,-0.501326362098341
oman,1993,-0.587011749166901
oman,1994,-0.454114240257909
oman,1995,-0.342812381977509
oman,1996,-0.304818432671939
oman,1997,-0.332307310598746
oman,1998,-0.483133013038866
oman,1999,0.76567682462259
oman,2000,0.85942485576965
oman,2001,0.208175330312683
oman,2002,0.972661657939767
oman,2003,0.0714010840517059
oman,2004,0.666953270936594
oman,2005,1.39663202364027
oman,2006,1.30190444142469
oman,2007,1.19126955216355
oman,2008,0.783709325612907
oman,2009,0.0659249782232756
oman,2010,1.55649246951241
oman,2011,2.2346941094666
oman,2012,2.36726783886682
oman,2013,2.26776708315424
oman,2014,1.66613320444514
oman,2015,0.61541232686119
oman,2016,-0.531588169577141
oman,2017,-0.29185139278961
oman,2018,0.0997056924319963
oman,2019,-0.611922811513065
oman,2020,0.023763440279378
oman,2021,0.371727172967741
pakistan,1990,-1.23774051184796
pakistan,1991,-0.850086219834175
pakistan,1992,-1.51551196484818
pakistan,1993,-1.41634975213499
pakistan,1994,-1.36647384576734
pakistan,1995,-1.40237342750527
pakistan,1996,-1.50156641476352
pakistan,1997,-1.09573561754841
pakistan,1998,-0.0869393683007118
pakistan,1999,-2.08965795490478
pakistan,2000,-1.31653817601487
pakistan,2001,-1.38156123326894
pakistan,2002,-2.28370426402161
pakistan,2003,-0.763944824737607
pakistan,2004,-3.21570841906949
pakistan,2005,-3.33101643902465
pakistan,2006,-3.64682173697223
pakistan,2007,-3.43043104949099
pakistan,2008,-3.75887090073338
pakistan,2009,-3.18370351107507
pakistan,2010,-3.23707659385956
pakistan,2011,-3.81626089153533
pakistan,2012,-4.44192345386431
pakistan,2013,-3.71006034303248
pakistan,2014,-4.51924972504001
pakistan,2015,-6.02724430797274
pakistan,2016,-6.71629606698458
pakistan,2017,-6.70564490738961
pakistan,2018,-6.20192357418478
pakistan,2019,-5.70188840066467
pakistan,2020,-5.18344836685287
pakistan,2021,-6.2433148446638
panama,1990,-0.0892855176428576
panama,1991,0.00843882390341422
panama,1992,0.14117132016455
panama,1993,0.0853549434771184
panama,1994,0.149727002197546
panama,1995,0.0208348369112997
panama,1996,0.0701367938882083
panama,1997,0.0852705968832323
panama,1998,0.136862132512969
panama,1999,-0.0510168317162465
panama,2000,0.24884465096021
panama,2001,0.484088621696129
panama,2002,0.273297086544547
panama,2003,1.76572209170997
panama,2004,1.63983541796158
panama,2005,2.3812387600941
panama,2006,2.12729998993609
panama,2007,1.85190040935482
panama,2008,1.97708175079114
panama,2009,1.9834210095564
panama,2010,2.16160616198367
panama,2011,2.71083475861931
panama,2012,3.2529553401081
panama,2013,3.19753927348045
panama,2014,2.90303123170937
panama,2015,2.56334347916505
panama,2016,2.24476221750034
panama,2017,-1.82564689421574
panama,2018,-1.73910066464455
panama,2019,-1.10849020697338
panama,2020,-1.537528075317
panama,2021,-1.08337967538999
paraguay,1990,-0.447097953453214
paraguay,1991,-0.469023936478041
paraguay,1992,-0.483883562312771
paraguay,1993,-0.435281531303535
paraguay,1994,-0.461113981760094
paraguay,1995,-0.452298473571918
paraguay,1996,-0.421831946398803
paraguay,1997,-0.465534428919917
paraguay,1998,-0.363978786886025
paraguay,1999,-0.403735964919603
paraguay,2000,-0.498946670464244
paraguay,2001,-0.484530590755073
paraguay,2002,-0.383610973407043
paraguay,2003,-0.454732181506487
paraguay,2004,-0.509707598137591
paraguay,2005,-0.545412894348628
paraguay,2006,-0.560886820031346
paraguay,2007,-0.751677415442662
paraguay,2008,-1.061486074768
paraguay,2009,-0.70204008913454
paraguay,2010,-1.01194468100595
paraguay,2011,-1.29720457983595
paraguay,2012,-1.13490376113231
paraguay,2013,-1.2741855090614
paraguay,2014,-1.26417148631095
paraguay,2015,-1.05907352189347
paraguay,2016,-0.945036142231853
paraguay,2017,-1.09779444057734
paraguay,2018,-1.162265533894
paraguay,2019,-1.20791299314906
paraguay,2020,-1.18233285833585
paraguay,2021,-1.38302923395126
peru,1990,-0.679143467827401
peru,1991,-0.798557509871316
peru,1992,-0.850169405269934
peru,1993,-0.730605971372355
peru,1994,-0.808199788907694
peru,1995,-0.911611181935763
peru,1996,-0.868720713783305
peru,1997,-0.942344104840481
peru,1998,-1.09871979744125
peru,1999,-1.04071847413881
peru,2000,-0.751366530635067
peru,2001,-0.948150605156849
peru,2002,-1.23529365901589
peru,2003,-1.02807410867199
peru,2004,-0.721824786510184
peru,2005,-0.71546455166215
peru,2006,-1.13321664023156
peru,2007,-1.44166492452386
peru,2008,-2.88845523116875
peru,2009,-1.72615606817318
peru,2010,-2.78120635426271
peru,2011,-3.45869412116023
peru,2012,-3.44514114738969
peru,2013,-3.95746751452124
peru,2014,-3.37539551395651
peru,2015,-3.42697568091592
peru,2016,-2.62234972914468
peru,2017,-2.39372431091793
peru,2018,-2.55394584331975
peru,2019,-2.46129507813771
peru,2020,-2.75652132155507
peru,2021,-2.31344907038373
philippines,1990,-5.84671400606185
philippines,1991,-5.32566912366643
philippines,1992,-7.76721420261079
philippines,1993,-6.40073785543382
philippines,1994,-5.78881373484042
philippines,1995,-5.69081617147598
philippines,1996,-5.15549468056846
philippines,1997,-5.0574355711964
philippines,1998,-3.26079658459238
philippines,1999,-4.83748929240284
philippines,2000,-5.08175924149674
philippines,2001,-5.57954575688412
philippines,2002,-5.41323327877057
philippines,2003,-5.79577450792933
philippines,2004,-5.84499314675718
philippines,2005,-5.71413899919776
philippines,2006,-4.71080104892522
philippines,2007,-5.36741056292822
philippines,2008,-6.17252233569023
philippines,2009,-4.61887297688144
philippines,2010,-5.24593143144497
philippines,2011,-6.98426219735097
philippines,2012,-8.13758513124824
philippines,2013,-9.02681023648763
philippines,2014,-9.36571694708429
philippines,2015,-8.56129722523804
philippines,2016,-9.23171220232506
philippines,2017,-8.85832136295898
philippines,2018,-9.25736246057345
philippines,2019,-9.04419073299126
philippines,2020,-9.28061982003845
philippines,2021,-10.9810370827911
plurinational_state_of_bolivia,1990,0.372469815022781
plurinational_state_of_bolivia,1991,0.366383276974386
plurinational_state_of_bolivia,1992,0.31962234746088
plurinational_state_of_bolivia,1993,0.327934424618681
plurinational_state_of_bolivia,1994,0.293449691429214
plurinational_state_of_bolivia,1995,0.25934243198367
plurinational_state_of_bolivia,1996,0.294439713940068
plurinational_state_of_bolivia,1997,0.213145839687368
plurinational_state_of_bolivia,1998,0.0984178892031502
plurinational_state_of_bolivia,1999,-0.128083033075145
plurinational_state_of_bolivia,2000,-0.0695978108977542
plurinational_state_of_bolivia,2001,-0.0345738511613014
plurinational_state_of_bolivia,2002,-0.105937033953975
plurinational_state_of_bolivia,2003,0.212433803416982
plurinational_state_of_bolivia,2004,0.304946133449511
plurinational_state_of_bolivia,2005,0.448408190981954
plurinational_state_of_bolivia,2006,0.369327301241179
plurinational_state_of_bolivia,2007,0.333794814596841
plurinational_state_of_bolivia,2008,0.241405529543967
plurinational_state_of_bolivia,2009,0.265235154778415
plurinational_state_of_bolivia,2010,0.455498080087277
plurinational_state_of_bolivia,2011,0.378161001289812
plurinational_state_of_bolivia,2012,0.351643017717827
plurinational_state_of_bolivia,2013,0.167710231914222
plurinational_state_of_bolivia,2014,0.0757078231679156
plurinational_state_of_bolivia,2015,-0.133020192375573
plurinational_state_of_bolivia,2016,-0.112145894571895
plurinational_state_of_bolivia,2017,-0.0989564528520779
plurinational_state_of_bolivia,2018,-0.0315267530577206
plurinational_state_of_bolivia,2019,-0.0725150509539558
plurinational_state_of_bolivia,2020,-0.316066142329827
plurinational_state_of_bolivia,2021,-0.149073556061796
poland,1990,14.7610157595462
poland,1991,9.98039681898823
poland,1992,4.63986144789716
poland,1993,7.65613375064859
poland,1994,9.86844396680731
poland,1995,11.255186295033
poland,1996,13.1349767871571
poland,1997,12.2933078254091
poland,1998,11.5553772433023
poland,1999,5.50579319236486
poland,2000,4.76179349224323
poland,2001,4.93346587991367
poland,2002,5.80940886556731
poland,2003,9.34463730510483
poland,2004,9.02625020606577
poland,2005,9.09457693670238
poland,2006,5.27359850877772
poland,2007,2.94869100040891
poland,2008,0.113229212439094
poland,2009,1.55426227614207
poland,2010,1.22067503997731
poland,2011,2.19805228474711
poland,2012,0.372410706949765
poland,2013,2.94851006472872
poland,2014,2.19801757363912
poland,2015,0.455967579928753
poland,2016,3.93988797384662
poland,2017,3.9945494120403
poland,2018,1.12913582464803
poland,2019,1.42848256206071
poland,2020,3.24081642428199
poland,2021,3.69053491260993
portugal,1990,-1.81644095983735
portugal,1991,-1.94448645144775
portugal,1992,-2.49434604334813
portugal,1993,-2.46416187332216
portugal,1994,-2.50347739424355
portugal,1995,-2.48271520796814
portugal,1996,-2.46092341207678
portugal,1997,-4.41139441808526
portugal,1998,-5.94223728399221
portugal,1999,-8.49081701973473
portugal,2000,-12.3648596503133
portugal,2001,-13.1624433568353
portugal,2002,-12.1329367294883
portugal,2003,-13.0022753846155
portugal,2004,-11.8708837437352
portugal,2005,-16.1026822981486
portugal,2006,-13.6038817582702
portugal,2007,-14.5071879157835
portugal,2008,-15.0076940503065
portugal,2009,-10.4645066746223
portugal,2010,-11.7093478944346
portugal,2011,-3.07191379816918
portugal,2012,-0.567294487736893
portugal,2013,-0.454386568438093
portugal,2014,-0.278511294008785
portugal,2015,0.0799041802997138
portugal,2016,-1.13264034778637
portugal,2017,-0.832794562693083
portugal,2018,-1.22265396259166
portugal,2019,-1.32241295527453
portugal,2020,-1.62769586170375
portugal,2021,-2.49224681997523
qatar,1990,0.19826085300035
qatar,1991,0.435967535683774
qatar,1992,1.04297241419173
qatar,1993,1.0781363160075
qatar,1994,1.09874004835209
qatar,1995,1.03004171216549
qatar,1996,1.06989026833657
qatar,1997,1.97861741572369
qatar,1998,1.44160053053612
qatar,1999,4.94436947432134
qatar,2000,6.29918484061789
qatar,2001,6.83673973298509
qatar,2002,5.80662673112175
qatar,2003,6.33660780924716
qatar,2004,6.63806252196725
qatar,2005,5.70161177726616
qatar,2006,7.6644982278757
qatar,2007,6.08513475975856
qatar,2008,6.27727195171749
qatar,2009,4.90713532019149
qatar,2010,8.01405038295149
qatar,2011,12.7717616956437
qatar,2012,13.3110518060474
qatar,2013,9.83231314287417
qatar,2014,9.37849869968261
qatar,2015,6.43337650026471
qatar,2016,4.29720498749324
qatar,2017,7.41133067712302
qatar,2018,7.35400824923801
qatar,2019,7.36819761861803
qatar,2020,7.13430122357499
qatar,2021,9.65984674897549
republic_of_cameroon,1990,-0.122917872968785
republic_of_cameroon,1991,-0.119298838516229
republic_of_cameroon,1992,-0.156679730988294
republic_of_cameroon,1993,-0.161011361639014
republic_of_cameroon,1994,-0.0724659852427914
republic_of_cameroon,1995,-0.0656843958816098
republic_of_cameroon,1996,-0.0373361615246286
republic_of_cameroon,1997,-0.185363816817343
republic_of_cameroon,1998,-0.195189147897453
republic_of_cameroon,1999,0.0204400023500115
republic_of_cameroon,2000,-0.162807963776812
republic_of_cameroon,2001,-0.360020510146516
republic_of_cameroon,2002,-0.615575568748751
republic_of_cameroon,2003,-0.200408270617239
republic_of_cameroon,2004,-0.127572829046168
republic_of_cameroon,2005,-0.230338860533272
republic_of_cameroon,2006,-0.206469801509435
republic_of_cameroon,2007,-0.0116654987925324
republic_of_cameroon,2008,-0.118163151365413
republic_of_cameroon,2009,-0.313950521510765
republic_of_cameroon,2010,-0.336065436213148
republic_of_cameroon,2011,-0.325155233647028
republic_of_cameroon,2012,-0.613927415203498
republic_of_cameroon,2013,-0.483330454267686
republic_of_cameroon,2014,-0.498484871284716
republic_of_cameroon,2015,-0.351051040456403
republic_of_cameroon,2016,-0.427689988813643
republic_of_cameroon,2017,-0.44812513719382
republic_of_cameroon,2018,-0.209285390518025
republic_of_cameroon,2019,-0.160911306321835
republic_of_cameroon,2020,-0.230727932084383
republic_of_cameroon,2021,-0.224872332270221
republic_of_korea,1990,-19.1275851488657
republic_of_korea,1991,-18.1054469267346
republic_of_korea,1992,-26.0096253804567
republic_of_korea,1993,-20.0822540681518
republic_of_korea,1994,-19.0786210351321
republic_of_korea,1995,-18.5489832819852
republic_of_korea,1996,-19.0592421967435
republic_of_korea,1997,-14.4428527003124
republic_of_korea,1998,4.71534865744749
republic_of_korea,1999,-7.00835235807161
republic_of_korea,2000,-12.3475416300773
republic_of_korea,2001,-8.07374995489553
republic_of_korea,2002,-13.2473640339261
republic_of_korea,2003,-15.6219490275544
republic_of_korea,2004,-16.7556879999569
republic_of_korea,2005,-22.5564268701057
republic_of_korea,2006,-28.2853507365224
republic_of_korea,2007,-30.2861102607643
republic_of_korea,2008,-29.03339833875
republic_of_korea,2009,-10.0794511568576
republic_of_korea,2010,-15.3348578500133
republic_of_korea,2011,-13.9094829152749
republic_of_korea,2012,-7.53820155745734
republic_of_korea,2013,-6.04156752704725
republic_of_korea,2014,-11.8978876401012
republic_of_korea,2015,-9.13383072554157
republic_of_korea,2016,-4.8705386195208
republic_of_korea,2017,-9.66085007409049
republic_of_korea,2018,-14.2027742848917
republic_of_korea,2019,-16.7850017834665
republic_of_korea,2020,-16.7614210039672
republic_of_korea,2021,-19.9438362707768
romania,1990,3.61275468248946
romania,1991,3.33740751067334
romania,1992,3.18684375697399
romania,1993,2.9322253581768
romania,1994,4.51845226728119
romania,1995,5.51354887894876
romania,1996,7.52420658742484
romania,1997,7.59864758201077
romania,1998,4.54801338355625
romania,1999,2.60582766217157
romania,2000,0.891481984232321
romania,2001,0.731106227925334
romania,2002,0.905203960269002
romania,2003,1.70908536461148
romania,2004,1.24220295013795
romania,2005,0.296120686611847
romania,2006,-0.336275189969548
romania,2007,-1.15713957693957
romania,2008,-2.35531512988615
romania,2009,-1.18468058601584
romania,2010,-2.17634039357516
romania,2011,-0.956370722796567
romania,2012,-0.489570292701895
romania,2013,-0.0927509676887333
romania,2014,-0.682343653278029
romania,2015,-0.399215206033769
romania,2016,-1.10707983819014
romania,2017,-1.41478398068195
romania,2018,-2.21214531230692
romania,2019,-2.25594084952221
romania,2020,-1.86533483118177
romania,2021,-2.40148234432938
russian_federation,1990,134.780926082834
russian_federation,1991,89.6690361009651
russian_federation,1992,324.772325635768
russian_federation,1993,205.580731855918
russian_federation,1994,128.60930185722
russian_federation,1995,123.121399802672
russian_federation,1996,90.8843792660294
russian_federation,1997,83.0326755195337
russian_federation,1998,111.832373143808
russian_federation,1999,131.81290339354
russian_federation,2000,131.797700495582
russian_federation,2001,110.040472502102
russian_federation,2002,105.876315979632
russian_federation,2003,102.457209849231
russian_federation,2004,97.9621921397851
russian_federation,2005,99.3494761724515
russian_federation,2006,103.987241376794
russian_federation,2007,84.7004243738286
russian_federation,2008,86.3290254332671
russian_federation,2009,70.4709853409095
russian_federation,2010,73.9051636554149
russian_federation,2011,71.2921029930456
russian_federation,2012,62.7450998685212
russian_federation,2013,56.726172261627
russian_federation,2014,66.787479977236
russian_federation,2015,86.2648866022741
russian_federation,2016,73.7312663632397
russian_federation,2017,72.5521052824336
russian_federation,2018,95.4752953347552
russian_federation,2019,86.4079287950713
russian_federation,2020,73.2838861876282
russian_federation,2021,96.1292026185513
rwanda,1990,0
rwanda,1991,0
rwanda,1992,0
rwanda,1993,0
rwanda,1994,0
rwanda,1995,0
rwanda,1996,0
rwanda,1997,0
rwanda,1998,0
rwanda,1999,0
rwanda,2000,-0.0476896260985846
rwanda,2001,0.00781469798416251
rwanda,2002,0.00910612748414868
rwanda,2003,0.00262866751305818
rwanda,2004,-0.0100868473484758
rwanda,2005,0.00349257332434319
rwanda,2006,0.000786973510464861
rwanda,2007,-0.00305177229231179
rwanda,2008,-0.00728802779973683
rwanda,2009,0.00182998053408703
rwanda,2010,-0.00865428539049445
rwanda,2011,-0.0157370595322224
rwanda,2012,-0.0282091281543254
rwanda,2013,0.00327420365572906
rwanda,2014,-0.0246661909557911
rwanda,2015,-0.0296971932595265
rwanda,2016,-0.0197693019409806
rwanda,2017,-0.140114505686708
rwanda,2018,-0.167032150593791
rwanda,2019,-0.16361411853393
rwanda,2020,-0.152925859646468
rwanda,2021,-0.184330661881668
saudi_arabia,1990,4.29403839679977
saudi_arabia,1991,7.39012407360002
saudi_arabia,1992,8.24938403198443
saudi_arabia,1993,7.67970584139665
saudi_arabia,1994,7.41876178621484
saudi_arabia,1995,5.13891520323284
saudi_arabia,1996,4.75381242328093
saudi_arabia,1997,3.32731011347484
saudi_arabia,1998,-2.5215980631326
saudi_arabia,1999,11.5590935036994
saudi_arabia,2000,26.2861077167077
saudi_arabia,2001,22.6142594398184
saudi_arabia,2002,27.0063976625332
saudi_arabia,2003,8.30902599880093
saudi_arabia,2004,13.4890509236119
saudi_arabia,2005,14.6551559239614
saudi_arabia,2006,12.2914401988795
saudi_arabia,2007,6.64498562852172
saudi_arabia,2008,6.90152333415814
saudi_arabia,2009,-0.0701867479765212
saudi_arabia,2010,1.83780125849341
saudi_arabia,2011,1.52883770599308
saudi_arabia,2012,5.19524040139302
saudi_arabia,2013,2.23142456603608
saudi_arabia,2014,1.02892210617881
saudi_arabia,2015,-5.62239363942535
saudi_arabia,2016,0.248456468905601
saudi_arabia,2017,3.9996024238234
saudi_arabia,2018,7.88342517270439
saudi_arabia,2019,6.54367456875855
saudi_arabia,2020,-1.13038499332521
saudi_arabia,2021,2.33811506208485
senegal,1990,-0.072126033513059
senegal,1991,-0.0717314288888916
senegal,1992,-0.0892309450206219
senegal,1993,-0.0879414316292568
senegal,1994,-0.0505215741022005
senegal,1995,-0.0894226129009211
senegal,1996,-0.268024137574987
senegal,1997,-0.297507066113816
senegal,1998,-0.273100428397719
senegal,1999,-0.243435223663008
senegal,2000,-0.296954989066995
senegal,2001,-0.242649455048793
senegal,2002,-0.214735389289742
senegal,2003,-0.290852915996631
senegal,2004,-0.269935819564558
senegal,2005,-0.336089770890399
senegal,2006,-0.39969588363194
senegal,2007,-0.498915947059141
senegal,2008,-0.65551361319571
senegal,2009,-0.277316751985609
senegal,2010,-0.131032015695114
senegal,2011,-0.373601099667277
senegal,2012,-0.732973651277492
senegal,2013,-0.537868733141752
senegal,2014,-0.730810768389758
senegal,2015,-0.601141418467288
senegal,2016,-0.791088763686518
senegal,2017,-0.779298929143801
senegal,2018,-0.939252328307874
senegal,2019,-0.701393851564842
senegal,2020,-0.868949537976801
senegal,2021,-1.01365207583124
singapore,1990,-7.64884367801047
singapore,1991,-8.19323039419291
singapore,1992,-10.0625184151291
singapore,1993,-9.61017176405412
singapore,1994,-8.62511400356778
singapore,1995,-13.5027419540991
singapore,1996,-14.6744225977821
singapore,1997,-15.0974516764822
singapore,1998,-13.3687908038108
singapore,1999,-14.7945586125866
singapore,2000,-21.4508677533555
singapore,2001,-16.6683664317925
singapore,2002,-17.4887672141334
singapore,2003,-14.5920864093609
singapore,2004,-20.0590127633527
singapore,2005,-23.9811154144615
singapore,2006,-27.0010916456385
singapore,2007,-27.412468784154
singapore,2008,-38.7719225710989
singapore,2009,-16.2230627610308
singapore,2010,-18.2516171912484
singapore,2011,-48.8219386685426
singapore,2012,-52.9658230138984
singapore,2013,-55.7841410186523
singapore,2014,-37.041300344672
singapore,2015,-27.8610648888582
singapore,2016,-29.8719922488338
singapore,2017,-31.7896500355458
singapore,2018,-30.7425261436162
singapore,2019,-34.7999148156168
singapore,2020,-25.0085713420504
singapore,2021,-29.7216898930461
slovakia,1990,-3.17708512080084
slovakia,1991,-1.09864336833383
slovakia,1992,-1.95446475996819
slovakia,1993,-1.44325784255007
slovakia,1994,-0.298396395924414
slovakia,1995,-0.653865694978389
slovakia,1996,-1.15602509317509
slovakia,1997,-0.858914283293629
slovakia,1998,-1.27386152980036
slovakia,1999,-0.615134135393298
slovakia,2000,-1.39479158156519
slovakia,2001,-1.40259094499961
slovakia,2002,-1.03353227677528
slovakia,2003,-0.440666555768139
slovakia,2004,-0.899458883674674
slovakia,2005,-0.00534100603614363
slovakia,2006,-0.701648276192373
slovakia,2007,-2.09139665833698
slovakia,2008,-2.87535365757149
slovakia,2009,-3.02510344760298
slovakia,2010,-3.4864100118299
slovakia,2011,-3.03318700295164
slovakia,2012,-2.03130539202167
slovakia,2013,-2.0976856268577
slovakia,2014,-1.62188692275304
slovakia,2015,-1.5885077416908
slovakia,2016,-1.57123222889263
slovakia,2017,-1.3011622800339
slovakia,2018,-1.64019661872291
slovakia,2019,-1.76115668799483
slovakia,2020,-1.64821534983993
slovakia,2021,-1.65672689740439
slovenia,1990,-0.375943895183007
slovenia,1991,-0.444074037292832
slovenia,1992,-1.59924068461676
slovenia,1993,-1.11099570024472
slovenia,1994,-0.761600694567464
slovenia,1995,-0.949018033132836
slovenia,1996,-0.618267553969352
slovenia,1997,-0.630123417837224
slovenia,1998,-0.812056151545831
slovenia,1999,-0.740890430664172
slovenia,2000,-1.10028615708521
slovenia,2001,-1.04487646960945
slovenia,2002,-0.805187294549841
slovenia,2003,-0.725525333803135
slovenia,2004,-0.669481957108316
slovenia,2005,-0.561088353342306
slovenia,2006,-1.02478573793624
slovenia,2007,-1.50602275682403
slovenia,2008,-1.38876482693623
slovenia,2009,-0.866083608399493
slovenia,2010,-0.94954613567423
slovenia,2011,-1.3743536060394
slovenia,2012,-0.854800678025382
slovenia,2013,-0.803176472384702
slovenia,2014,-1.09555678887327
slovenia,2015,-1.07540807235785
slovenia,2016,-1.05343293099055
slovenia,2017,-1.42265861961264
slovenia,2018,-1.80955010891776
slovenia,2019,-1.78546341721298
slovenia,2020,-1.62423844357364
slovenia,2021,-2.08538825871291
south_africa,1990,25.5845323250018
south_africa,1991,23.2000937514192
south_africa,1992,19.9524244931256
south_africa,1993,22.143859608092
south_africa,1994,22.2660110613692
south_africa,1995,24.7965546485232
south_africa,1996,27.0919036463734
south_africa,1997,29.1007270073318
south_africa,1998,29.4354692541879
south_africa,1999,22.309582316829
south_africa,2000,25.1195425187709
south_africa,2001,27.0097183240352
south_africa,2002,27.9764609973502
south_africa,2003,34.210781527962
south_africa,2004,34.5286662587177
south_africa,2005,31.9597938878669
south_africa,2006,30.9483757270801
south_africa,2007,34.119240319666
south_africa,2008,42.2743857090287
south_africa,2009,36.4538318735431
south_africa,2010,34.3846521218415
south_africa,2011,35.4430700948011
south_africa,2012,28.547008415374
south_africa,2013,30.2597489862855
south_africa,2014,33.938824699317
south_africa,2015,30.4083590261273
south_africa,2016,33.5191226153444
south_africa,2017,30.734402585573
south_africa,2018,30.3866689216608
south_africa,2019,33.0924852810762
south_africa,2020,32.4853172209672
south_africa,2021,34.8778946295133
spain,1990,-9.39233298076571
spain,1991,-8.29643900566127
spain,1992,-11.9433753947021
spain,1993,-8.72305893665751
spain,1994,-6.36344372319485
spain,1995,-5.88913987016038
spain,1996,-5.08934667870442
spain,1997,-3.23855705730119
spain,1998,-4.68761386478806
spain,1999,-4.77111331713076
spain,2000,-6.87337307135694
spain,2001,-6.53154294437842
spain,2002,-7.34373078242137
spain,2003,-6.09118861654257
spain,2004,-8.88915073090611
spain,2005,-11.7078419414405
spain,2006,-15.4621003857793
spain,2007,-16.6600985424006
spain,2008,-15.6613071893708
spain,2009,-13.3861414602469
spain,2010,-12.3507034279417
spain,2011,-10.1517622140384
spain,2012,-4.64883155965519
spain,2013,-6.46858905915865
spain,2014,-7.32473596504897
spain,2015,-2.97458671193441
spain,2016,-3.83446696930089
spain,2017,-5.46112886240573
spain,2018,-7.70751890189011
spain,2019,-8.4869801867508
spain,2020,-10.1832379111311
spain,2021,-11.4396091858247
sri_lanka,1990,-0.685638980111283
sri_lanka,1991,-0.778400735664787
sri_lanka,1992,-0.77908007192932
sri_lanka,1993,-0.821874906405563
sri_lanka,1994,-0.895843545536894
sri_lanka,1995,-0.951843096057862
sri_lanka,1996,-0.877405275539459
sri_lanka,1997,-0.761506151667839
sri_lanka,1998,-0.913831773472087
sri_lanka,1999,-1.51481008513019
sri_lanka,2000,-2.30938653591198
sri_lanka,2001,-2.41718272882617
sri_lanka,2002,-2.78689900770138
sri_lanka,2003,-1.82644654235283
sri_lanka,2004,-2.14879240146012
sri_lanka,2005,-2.28489692227937
sri_lanka,2006,-2.45789538061916
sri_lanka,2007,-1.95360503499732
sri_lanka,2008,-2.35801504182006
sri_lanka,2009,-1.68209513556335
sri_lanka,2010,-2.45141609742527
sri_lanka,2011,-3.99968310395781
sri_lanka,2012,-3.75778709541437
sri_lanka,2013,-4.32298475787415
sri_lanka,2014,-4.01133899407421
sri_lanka,2015,-4.08875204526892
sri_lanka,2016,-4.26739932280994
sri_lanka,2017,-3.91301727541086
sri_lanka,2018,-4.2573903321054
sri_lanka,2019,-4.16729433305169
sri_lanka,2020,-4.29928639757919
sri_lanka,2021,-4.989768019916
sweden,1990,-7.67252171088687
sweden,1991,-7.36088266719135
sweden,1992,-9.85629000346229
sweden,1993,-8.06173289441619
sweden,1994,-7.18284530555591
sweden,1995,-7.07270896899905
sweden,1996,-7.5001451174296
sweden,1997,-7.59121706949547
sweden,1998,-7.90814172655149
sweden,1999,-7.15666260049213
sweden,2000,-8.44104048626359
sweden,2001,-6.60104668598199
sweden,2002,-6.89442266103588
sweden,2003,-8.35332818186579
sweden,2004,-8.43186600408668
sweden,2005,-10.2175929833039
sweden,2006,-10.5891361971675
sweden,2007,-10.5907777113295
sweden,2008,-10.678958047956
sweden,2009,-8.18835856871566
sweden,2010,-9.01310505191923
sweden,2011,-9.56506162156339
sweden,2012,-8.40557456969479
sweden,2013,-7.89206213106446
sweden,2014,-8.10099586225673
sweden,2015,-7.60074420755881
sweden,2016,-7.58502270844067
sweden,2017,-8.1323868076098
sweden,2018,-8.34549697614363
sweden,2019,-7.56965478818046
sweden,2020,-6.73037864092107
sweden,2021,-8.0880151412465
switzerland,1990,-11.3876341338194
switzerland,1991,-11.4758883654957
switzerland,1992,-13.5372794615159
switzerland,1993,-11.9076352529406
switzerland,1994,-11.9861700816835
switzerland,1995,-12.8530366401307
switzerland,1996,-17.4996595513036
switzerland,1997,-14.5444443511346
switzerland,1998,-19.7264801948613
switzerland,1999,-16.9168470722251
switzerland,2000,-12.5065776045821
switzerland,2001,-16.9719705845439
switzerland,2002,-14.7762088395908
switzerland,2003,-13.838373542944
switzerland,2004,-14.7449422553733
switzerland,2005,-17.1104525252013
switzerland,2006,-19.6872123446977
switzerland,2007,-17.5016962152465
switzerland,2008,-16.8915214290767
switzerland,2009,-16.4745307048311
switzerland,2010,-15.2420290580963
switzerland,2011,-17.1901988542307
switzerland,2012,-29.3421140140495
switzerland,2013,-26.6811178645039
switzerland,2014,-26.8947230693666
switzerland,2015,-28.2839851148288
switzerland,2016,-33.4010622641298
switzerland,2017,-24.5905830925228
switzerland,2018,-24.0577925673091
switzerland,2019,-23.1649019668696
switzerland,2020,-19.8647431553158
switzerland,2021,-22.622221707111
taiwan,1990,-13.920637553109
taiwan,1991,-11.3366127820958
taiwan,1992,-21.1330857131865
taiwan,1993,-14.9723735951765
taiwan,1994,-13.3141035974034
taiwan,1995,-12.8586078588593
taiwan,1996,-6.47244401467734
taiwan,1997,-7.9045199939935
taiwan,1998,-4.79342743586303
taiwan,1999,-5.02730091759914
taiwan,2000,-14.7413883738198
taiwan,2001,-6.98626345411571
taiwan,2002,-6.5652302359032
taiwan,2003,-5.25695036379459
taiwan,2004,-13.393405229691
taiwan,2005,-9.73924673970144
taiwan,2006,-8.36650953338761
taiwan,2007,-2.78984216996605
taiwan,2008,-4.8110104176523
taiwan,2009,2.49447919404787
taiwan,2010,-5.93897249947888
taiwan,2011,-7.5859318470368
taiwan,2012,-2.56111918616212
taiwan,2013,-4.35866076804739
taiwan,2014,-4.5268409844038
taiwan,2015,-0.327879286027198
taiwan,2016,-0.247446520751225
taiwan,2017,-1.2676238619254
taiwan,2018,-2.52007671537194
taiwan,2019,-4.91180852347408
taiwan,2020,-3.37250773009143
taiwan,2021,-2.08121227387745
tajikistan,1990,1.85347517616227
tajikistan,1991,1.41815257648498
tajikistan,1992,0.628706989945157
tajikistan,1993,0.530318906118477
tajikistan,1994,0.197573611903588
tajikistan,1995,0.44577758307295
tajikistan,1996,-0.360155467874973
tajikistan,1997,-0.259450552158945
tajikistan,1998,-0.355357577884947
tajikistan,1999,-0.231618437756441
tajikistan,2000,-0.874198145147768
tajikistan,2001,-0.850917635676017
tajikistan,2002,-1.36042340628696
tajikistan,2003,-0.915922881507479
tajikistan,2004,-0.783142318519018
tajikistan,2005,-1.08629946690762
tajikistan,2006,-1.2608144959957
tajikistan,2007,-0.561481813778508
tajikistan,2008,-0.970004037455886
tajikistan,2009,-0.928116198028938
tajikistan,2010,-1.43844159008906
tajikistan,2011,-1.44195466073771
tajikistan,2012,-1.00761368447979
tajikistan,2013,-2.44504490152202
tajikistan,2014,-4.16388346491264
tajikistan,2015,-0.989135998156389
tajikistan,2016,-2.07305946535595
tajikistan,2017,-2.12507360816442
tajikistan,2018,-1.1502227084239
tajikistan,2019,-1.05878388627897
tajikistan,2020,-0.907832460204192
tajikistan,2021,-0.929315993799407
thailand,1990,-8.79851472527323
thailand,1991,-7.02909184478668
thailand,1992,-13.5674808886608
thailand,1993,-8.746405645571
thailand,1994,-6.3841588445013
thailand,1995,-4.95512295387051
thailand,1996,-2.47954392207692
thailand,1997,2.07242063988947
thailand,1998,8.08269939802063
thailand,1999,5.17338402307493
thailand,2000,4.3092904188721
thailand,2001,3.95703146782793
thailand,2002,2.99920914903068
thailand,2003,3.42382115352496
thailand,2004,2.87924435737296
thailand,2005,1.26168980657783
thailand,2006,2.27776871206211
thailand,2007,3.29443412724459
thailand,2008,0.539384590387726
thailand,2009,1.60575728974037
thailand,2010,-1.54844163441636
thailand,2011,-2.15338351063077
thailand,2012,0.287668121533898
thailand,2013,-0.816213228787092
thailand,2014,5.29365304008506
thailand,2015,6.31388435109714
thailand,2016,8.07318978702968
thailand,2017,6.69569720344208
thailand,2018,4.0954181604442
thailand,2019,2.67834634034669
thailand,2020,-0.0813993089487752
thailand,2021,-2.87937219772097
togo,1990,-0.0841771614426725
togo,1991,-0.0914194813063048
togo,1992,-0.104303584303349
togo,1993,-0.10722687512463
togo,1994,-0.132654129561168
togo,1995,-0.144114837124293
togo,1996,-0.114361997450209
togo,1997,-0.134188448002979
togo,1998,-0.167982010031208
togo,1999,-0.0102037687713904
togo,2000,0.113712125543611
togo,2001,0.105746642230498
togo,2002,0.0490286614744816
togo,2003,0.155480976952072
togo,2004,0.16447563478512
togo,2005,0.13428168408555
togo,2006,-0.605172318823163
togo,2007,0.0556259946585205
togo,2008,0.0711437693480256
togo,2009,0.152963637367979
togo,2010,0.169504337806073
togo,2011,0.165570806852621
togo,2012,0.0217303445994278
togo,2013,0.0385122951751075
togo,2014,-0.0176131976861354
togo,2015,-0.0758508488959895
togo,2016,-0.026476150013838
togo,2017,0.00652174287492913
togo,2018,-1.56192101547595
togo,2019,-1.54919517206628
togo,2020,-1.26397189455391
togo,2021,-1.48261951701034
trinidad_and_tobago,1990,1.42091380414654
trinidad_and_tobago,1991,1.2353682782996
trinidad_and_tobago,1992,1.38973163443609
trinidad_and_tobago,1993,1.23851220927697
trinidad_and_tobago,1994,1.13876469646692
trinidad_and_tobago,1995,1.24782118924898
trinidad_and_tobago,1996,1.49346832191313
trinidad_and_tobago,1997,1.38231358431516
trinidad_and_tobago,1998,1.25569672513527
trinidad_and_tobago,1999,2.39274116202287
trinidad_and_tobago,2000,3.86967992342443
trinidad_and_tobago,2001,3.97043201648513
trinidad_and_tobago,2002,3.77291404857196
trinidad_and_tobago,2003,4.25431461532913
trinidad_and_tobago,2004,4.44968983243649
trinidad_and_tobago,2005,6.31595783520495
trinidad_and_tobago,2006,8.04282549435045
trinidad_and_tobago,2007,7.18327801201847
trinidad_and_tobago,2008,7.06201154472477
trinidad_and_tobago,2009,5.35745738180117
trinidad_and_tobago,2010,6.06899229052845
trinidad_and_tobago,2011,7.76069567963252
trinidad_and_tobago,2012,8.50501802361692
trinidad_and_tobago,2013,8.42679694925911
trinidad_and_tobago,2014,7.53373256639967
trinidad_and_tobago,2015,6.12895051481944
trinidad_and_tobago,2016,3.28151593006317
trinidad_and_tobago,2017,4.23809699921942
trinidad_and_tobago,2018,4.71110109282814
trinidad_and_tobago,2019,3.92930471715279
trinidad_and_tobago,2020,2.38857237189563
trinidad_and_tobago,2021,3.92157708234035
tunisia,1990,-0.627231167703236
tunisia,1991,-0.256546745871995
tunisia,1992,-1.6514908275679
tunisia,1993,-0.812910371261267
tunisia,1994,-0.369495820944411
tunisia,1995,-0.441777676375864
tunisia,1996,-0.159193889596641
tunisia,1997,0.0036514640347356
tunisia,1998,0.186362983056388
tunisia,1999,-0.155554055235506
tunisia,2000,1.47209049480902
tunisia,2001,1.66465934470675
tunisia,2002,1.56452732538016
tunisia,2003,1.49966070782956
tunisia,2004,1.76134883384043
tunisia,2005,1.89697541644795
tunisia,2006,1.87598303936823
tunisia,2007,2.23246318369325
tunisia,2008,2.39768820191549
tunisia,2009,1.76479222475283
tunisia,2010,2.07154344332092
tunisia,2011,2.0317213092872
tunisia,2012,2.19817607093811
tunisia,2013,2.10868690096624
tunisia,2014,2.03915277386624
tunisia,2015,2.06292692074039
tunisia,2016,2.02175141551255
tunisia,2017,2.22443156619966
tunisia,2018,0.465110765371088
tunisia,2019,0.526579577014735
tunisia,2020,0.310237097643346
tunisia,2021,0.697165873587355
turkiye,1990,-17.4018256482683
turkiye,1991,-15.1491883058461
turkiye,1992,-23.3157254950215
turkiye,1993,-16.4153942104397
turkiye,1994,-11.6523972563709
turkiye,1995,-11.5907088233284
turkiye,1996,-3.0068285674506
turkiye,1997,-3.44955420144475
turkiye,1998,-4.02773253813523
turkiye,1999,-6.26899175694933
turkiye,2000,-6.87905074427484
turkiye,2001,2.27803629106784
turkiye,2002,-1.09673427237032
turkiye,2003,-2.97156164235128
turkiye,2004,-9.51269695990439
turkiye,2005,-11.0450385316638
turkiye,2006,-12.6989184496036
turkiye,2007,-13.9275782374659
turkiye,2008,-11.283867691246
turkiye,2009,-2.75427045265762
turkiye,2010,-10.4315998760258
turkiye,2011,-12.5137447078425
turkiye,2012,-11.5727992229998
turkiye,2013,-10.9146480567996
turkiye,2014,-9.67826845519899
turkiye,2015,-7.75866657322636
turkiye,2016,-3.82842648840077
turkiye,2017,-3.27846272851679
turkiye,2018,-1.37477770495562
turkiye,2019,1.37364690838521
turkiye,2020,3.86291671077205
turkiye,2021,8.39448723106349
uganda,1990,-0.210793723815031
uganda,1991,-0.212425803858806
uganda,1992,-0.221922107402234
uganda,1993,-0.269141953832524
uganda,1994,-0.277187897041911
uganda,1995,-0.283701998433644
uganda,1996,-0.191497571245922
uganda,1997,-0.213725547843259
uganda,1998,-0.361284887927414
uganda,1999,-0.382800948081879
uganda,2000,-0.404985345966993
uganda,2001,-0.388735328240618
uganda,2002,-0.411147906616842
uganda,2003,-0.33489872380361
uganda,2004,-0.371552154141391
uganda,2005,-0.41909704090165
uganda,2006,-0.452493142849842
uganda,2007,-0.494582807333242
uganda,2008,-0.546641147135814
uganda,2009,-0.661253276967311
uganda,2010,-0.651311833150301
uganda,2011,-0.734681831116203
uganda,2012,-0.628689529935236
uganda,2013,-0.617949851432227
uganda,2014,-0.666651621730958
uganda,2015,-0.606977012016341
uganda,2016,-0.594813201848717
uganda,2017,-0.631390462224494
uganda,2018,-0.611784012409941
uganda,2019,-0.610623637617578
uganda,2020,-0.560492507580404
uganda,2021,-0.643953263498345
ukraine,1990,55.5526865859919
ukraine,1991,47.955151817377
ukraine,1992,40.5103992297701
ukraine,1993,37.3808916725134
ukraine,1994,39.6449598830521
ukraine,1995,46.6149726236448
ukraine,1996,17.3763450343649
ukraine,1997,17.3622006044872
ukraine,1998,23.0941518308072
ukraine,1999,16.5796614358124
ukraine,2000,17.397975639325
ukraine,2001,12.7912084292703
ukraine,2002,12.2174701075344
ukraine,2003,19.1515816934518
ukraine,2004,22.9937233549461
ukraine,2005,17.059688793866
ukraine,2006,18.241600886259
ukraine,2007,11.9862889073966
ukraine,2008,7.33301179212968
ukraine,2009,7.20787948300307
ukraine,2010,12.5461395553383
ukraine,2011,10.8154178440049
ukraine,2012,8.59189854266171
ukraine,2013,6.58192231448115
ukraine,2014,9.62482210988731
ukraine,2015,10.6185613573686
ukraine,2016,14.7535481379175
ukraine,2017,11.4332879686919
ukraine,2018,5.55398962860682
ukraine,2019,4.38870359515099
ukraine,2020,4.8466965947084
ukraine,2021,3.69169257858831
united_arab_emirates,1990,-1.12298823204377
united_arab_emirates,1991,-1.23323597163832
united_arab_emirates,1992,-1.60310292626161
united_arab_emirates,1993,-1.00630172062276
united_arab_emirates,1994,-1.21538448543104
united_arab_emirates,1995,-1.83634942043573
united_arab_emirates,1996,-1.64590684687521
united_arab_emirates,1997,-2.0484360658185
united_arab_emirates,1998,-3.44466645257664
united_arab_emirates,1999,-0.666178937238733
united_arab_emirates,2000,5.26457492366001
united_arab_emirates,2001,1.26760984017246
united_arab_emirates,2002,-3.13034282202367
united_arab_emirates,2003,-5.18614253760545
united_arab_emirates,2004,-5.66846763064496
united_arab_emirates,2005,-8.22017944691261
united_arab_emirates,2006,-13.6073309205944
united_arab_emirates,2007,-15.3371320930496
united_arab_emirates,2008,-18.1348995799265
united_arab_emirates,2009,-9.54561569271558
united_arab_emirates,2010,-5.84191334277523
united_arab_emirates,2011,-6.46953120946348
united_arab_emirates,2012,-6.08281920693506
united_arab_emirates,2013,-7.19056504557523
united_arab_emirates,2014,-8.47807194150744
united_arab_emirates,2015,-5.44429594049537
united_arab_emirates,2016,-5.94547958766913
united_arab_emirates,2017,-7.91630881908068
united_arab_emirates,2018,-10.0996392284981
united_arab_emirates,2019,-4.58089311739671
united_arab_emirates,2020,0.3906995027112
united_arab_emirates,2021,-1.1158059428074
united_kingdom,1990,-18.4664493735496
united_kingdom,1991,-18.3819714314719
united_kingdom,1992,-26.9709879655203
united_kingdom,1993,-21.2116703362995
united_kingdom,1994,-20.6721351263255
united_kingdom,1995,-21.3355746089202
united_kingdom,1996,-23.4975816266833
united_kingdom,1997,-29.8643893097904
united_kingdom,1998,-34.7851807491394
united_kingdom,1999,-32.8913048867346
united_kingdom,2000,-47.7823111635419
united_kingdom,2001,-40.5496732028454
united_kingdom,2002,-47.8020273678769
united_kingdom,2003,-48.2879786567329
united_kingdom,2004,-50.9134693352447
united_kingdom,2005,-49.0709841183924
united_kingdom,2006,-50.8134260294015
united_kingdom,2007,-52.6068233367858
united_kingdom,2008,-47.6758095040492
united_kingdom,2009,-36.7425560517366
united_kingdom,2010,-45.0002883062451
united_kingdom,2011,-38.9511432877237
united_kingdom,2012,-40.4699385013552
united_kingdom,2013,-38.4218440782219
united_kingdom,2014,-43.0251052969635
united_kingdom,2015,-45.3547300133579
united_kingdom,2016,-47.5166028173898
united_kingdom,2017,-43.367963281623
united_kingdom,2018,-41.9963313527519
united_kingdom,2019,-40.6863314069067
united_kingdom,2020,-36.7199416105178
united_kingdom,2021,-45.2879449226637
united_republic_of_tanzania,1990,-0.418659234636358
united_republic_of_tanzania,1991,-0.4317133000444
united_republic_of_tanzania,1992,-0.429426692020503
united_republic_of_tanzania,1993,-0.434597181630685
united_republic_of_tanzania,1994,-0.470384928972612
united_republic_of_tanzania,1995,-0.461976375720717
united_republic_of_tanzania,1996,-0.363133075283665
united_republic_of_tanzania,1997,-0.391810096390262
united_republic_of_tanzania,1998,-0.468582510025083
united_republic_of_tanzania,1999,-0.527878812737522
united_republic_of_tanzania,2000,-0.64666292919505
united_republic_of_tanzania,2001,-0.659626620684319
united_republic_of_tanzania,2002,-0.654795767648979
united_republic_of_tanzania,2003,-0.665998465740957
united_republic_of_tanzania,2004,-0.711377836257034
united_republic_of_tanzania,2005,-0.917460676143681
united_republic_of_tanzania,2006,-0.764056977320753
united_republic_of_tanzania,2007,-0.950665341871048
united_republic_of_tanzania,2008,-1.53321240927654
united_republic_of_tanzania,2009,-1.13068459240196
united_republic_of_tanzania,2010,-1.14328383740535
united_republic_of_tanzania,2011,-1.80349993159448
united_republic_of_tanzania,2012,-1.7089667724443
united_republic_of_tanzania,2013,-2.34481941086779
united_republic_of_tanzania,2014,-2.43898323024085
united_republic_of_tanzania,2015,-2.6055797309354
united_republic_of_tanzania,2016,-1.72781645906768
united_republic_of_tanzania,2017,-1.47736912619818
united_republic_of_tanzania,2018,-1.60332369881306
united_republic_of_tanzania,2019,-1.46817876168967
united_republic_of_tanzania,2020,-1.43455295227139
united_republic_of_tanzania,2021,-1.6608314430546
united_states_of_america,1990,19.9036999415862
united_states_of_america,1991,27.7526229594234
united_states_of_america,1992,7.09652746451638
united_states_of_america,1993,17.8406675429005
united_states_of_america,1994,14.1168234951754
united_states_of_america,1995,14.4131409605393
united_states_of_america,1996,19.8117366072959
united_states_of_america,1997,11.5000405861217
united_states_of_america,1998,-21.384525792284
united_states_of_america,1999,-50.8266429608377
united_states_of_america,2000,-66.540362916069
united_states_of_america,2001,-73.4578684277585
united_states_of_america,2002,-94.7507906979918
united_states_of_america,2003,-130.613431682948
united_states_of_america,2004,-137.821515643328
united_states_of_america,2005,-161.53949534615
united_states_of_america,2006,-178.775480737425
united_states_of_america,2007,-138.945025008586
united_states_of_america,2008,-109.233544401153
united_states_of_america,2009,-81.5292716754275
united_states_of_america,2010,-78.0835863338666
united_states_of_america,2011,-74.451818389698
united_states_of_america,2012,-84.0962329720451
united_states_of_america,2013,-70.539308280114
united_states_of_america,2014,-84.0993452672737
united_states_of_america,2015,-112.938876240821
united_states_of_america,2016,-111.297639185571
united_states_of_america,2017,-114.351253997191
united_states_of_america,2018,-114.725619374375
united_states_of_america,2019,-115.594598477111
united_states_of_america,2020,-128.801721593025
united_states_of_america,2021,-147.369096009107
uruguay,1990,-0.253585644666598
uruguay,1991,-0.245812857463476
uruguay,1992,-0.268258583478249
uruguay,1993,-0.323979494004606
uruguay,1994,-0.367513309707681
uruguay,1995,-0.397229558475426
uruguay,1996,-0.519161535529357
uruguay,1997,-0.679124598000695
uruguay,1998,-0.781336349552274
uruguay,1999,-0.918255834272917
uruguay,2000,-0.746753729530955
uruguay,2001,-0.681553060800773
uruguay,2002,-0.490093543703913
uruguay,2003,-0.450354617127852
uruguay,2004,-0.523558965015033
uruguay,2005,-0.503554136007982
uruguay,2006,-0.468422403745586
uruguay,2007,-0.770479084327447
uruguay,2008,-0.789867404170079
uruguay,2009,-0.609222498629286
uruguay,2010,-0.99565619787619
uruguay,2011,-1.12559578827521
uruguay,2012,-1.14515310261857
uruguay,2013,-1.3415774318553
uruguay,2014,-1.27939254805713
uruguay,2015,-1.09317223632574
uruguay,2016,-0.886890334449213
uruguay,2017,-1.03918551918342
uruguay,2018,-1.08617144103646
uruguay,2019,-1.07854058947338
uruguay,2020,-1.0235409469772
uruguay,2021,-1.07809460006765
venezuela,1990,7.50644626158848
venezuela,1991,4.70667357996327
venezuela,1992,2.84989041502729
venezuela,1993,4.1114742668304
venezuela,1994,4.96008980648838
venezuela,1995,4.06097652915414
venezuela,1996,6.01670580575892
venezuela,1997,3.71845169318125
venezuela,1998,3.22424555485922
venezuela,1999,12.0561907449508
venezuela,2000,19.0735998917264
venezuela,2001,13.0251067522685
venezuela,2002,22.6321408918795
venezuela,2003,13.1126448529663
venezuela,2004,12.73444487477
venezuela,2005,14.2079067862962
venezuela,2006,16.0876403946743
venezuela,2007,13.1931221114976
venezuela,2008,13.3785538153001
venezuela,2009,5.87942215647817
venezuela,2010,13.6509956843175
venezuela,2011,13.211316249761
venezuela,2012,23.8111434604733
venezuela,2013,25.0587055467266
venezuela,2014,7.08447880629449
venezuela,2015,21.1025841740485
venezuela,2016,22.28412804691
venezuela,2017,20.0061693963949
venezuela,2018,36.1503130312442
venezuela,2019,22.3366569232915
venezuela,2020,6.22396288263449
venezuela,2021,8.5638138584981
viet_nam,1990,-0.498397955389243
viet_nam,1991,-0.434030112244737
viet_nam,1992,-0.421491630632453
viet_nam,1993,-0.577441390548789
viet_nam,1994,-0.502577160618825
viet_nam,1995,-0.524242607276703
viet_nam,1996,-0.719087813212431
viet_nam,1997,-0.0264539093921137
viet_nam,1998,0.162088078189155
viet_nam,1999,1.29903023968632
viet_nam,2000,4.66546995741266
viet_nam,2001,5.22919520676134
viet_nam,2002,6.06407366483018
viet_nam,2003,4.641903345284
viet_nam,2004,5.5299047113963
viet_nam,2005,6.13541190470395
viet_nam,2006,6.62449689892764
viet_nam,2007,6.38596777095159
viet_nam,2008,7.11133221352105
viet_nam,2009,7.99012900453983
viet_nam,2010,10.3920010085298
viet_nam,2011,12.4492746405174
viet_nam,2012,11.1344292330373
viet_nam,2013,11.8627591690173
viet_nam,2014,15.2282424235067
viet_nam,2015,18.5005777805369
viet_nam,2016,19.5802110494844
viet_nam,2017,22.0579592543925
viet_nam,2018,25.7876250936919
viet_nam,2019,35.6300280322756
viet_nam,2020,37.8119499445798
viet_nam,2021,34.2135898573476
zambia,1990,-0.0899522313928259
zambia,1991,-0.151203600965085
zambia,1992,-0.15441889565926
zambia,1993,-0.191695837179564
zambia,1994,-0.222220635883484
zambia,1995,-0.283504104928497
zambia,1996,-0.352842211495779
zambia,1997,-0.469446111432924
zambia,1998,-0.428983578329347
zambia,1999,-0.403356650266408
zambia,2000,-0.533148329795109
zambia,2001,-0.573857923045148
zambia,2002,-0.571691941636802
zambia,2003,-0.502522748005373
zambia,2004,-0.558140380581725
zambia,2005,-0.491473261828628
zambia,2006,-0.646358886545766
zambia,2007,-0.925973534810362
zambia,2008,-1.0771589030427
zambia,2009,-0.668054427321858
zambia,2010,-0.561308572413309
zambia,2011,-0.915446470869772
zambia,2012,-0.828888316384908
zambia,2013,-0.861193866301868
zambia,2014,-1.0136301445402
zambia,2015,-0.865762700882946
zambia,2016,-0.504728996707069
zambia,2017,-0.345634473776113
zambia,2018,-0.229412921843926
zambia,2019,-0.302677690717033
zambia,2020,0.169676134823261
zambia,2021,0.284990987647684
zimbabwe,1990,-0.6680894181247
zimbabwe,1991,-0.5322901108542
zimbabwe,1992,-0.256605277619138
zimbabwe,1993,-0.202951521548034
zimbabwe,1994,0.00257773728082
zimbabwe,1995,-0.251470039121013
zimbabwe,1996,-0.445127044747449
zimbabwe,1997,-0.287540993409909
zimbabwe,1998,0.156841010781569
zimbabwe,1999,0.465792271002997
zimbabwe,2000,0.500922334555312
zimbabwe,2001,0.306424392623243
zimbabwe,2002,-0.0677350082594681
zimbabwe,2003,-0.231560566203153
zimbabwe,2004,-0.0850729091279736
zimbabwe,2005,-0.0632369971018547
zimbabwe,2006,-0.243807596078665
zimbabwe,2007,-0.326676838256673
zimbabwe,2008,-0.725224535797673
zimbabwe,2009,-0.39230608655853
zimbabwe,2010,-0.139353982548073
zimbabwe,2011,-0.0197105229261876
zimbabwe,2012,-0.17226250157348
zimbabwe,2013,-0.13652574819146
zimbabwe,2014,-0.217721798736576
zimbabwe,2015,-0.312664127024115
zimbabwe,2016,-0.331175269158511
zimbabwe,2017,-0.080518780069998
zimbabwe,2018,0.0241200348090049
zimbabwe,2019,-0.0390293976683358
zimbabwe,2020,-0.223249084007632
zimbabwe,2021,-0.299015677484507
