nation,year,consumption_emissions
albania,1990,1.51644677289419
albania,1991,1.2592261215642
albania,1992,0.79580337222546
albania,1993,0.729483826132734
albania,1994,0.647511521617855
albania,1995,0.694944434058469
albania,1996,0.825895020132819
albania,1997,0.605880218547389
albania,1998,0.692145685424068
albania,1999,1.03234178560882
albania,2000,1.11223666855267
albania,2001,1.22415291394752
albania,2002,1.39277258572973
albania,2003,1.61198286091173
albania,2004,1.49630925039834
albania,2005,1.57456638650774
albania,2006,1.5510641452505
albania,2007,1.62554100931675
albania,2008,1.78558849209018
albania,2009,1.88717108203927
albania,2010,1.80524263559834
albania,2011,1.95007831088555
albania,2012,1.86803606278778
albania,2013,1.79514982067279
albania,2014,1.77742985682104
albania,2015,1.61381454024312
albania,2016,1.58910419358379
albania,2017,1.62126441893657
albania,2018,1.62228340235628
albania,2019,1.59180105735869
albania,2020,1.6433960339521
albania,2021,1.62607386560507
argentina,1990,30.8228334681341
argentina,1991,33.0756115766747
argentina,1992,35.0307463428765
argentina,1993,33.7746863889176
argentina,1994,33.8858550118214
argentina,1995,35.0313909471532
argentina,1996,36.6582114656152
argentina,1997,39.1949083534168
argentina,1998,40.2426530494046
argentina,1999,40.7453324351692
argentina,2000,38.6168364353007
argentina,2001,35.4754507237041
argentina,2002,22.35240602271
argentina,2003,30.6640567504655
argentina,2004,36.331674823659
argentina,2005,38.3238333164919
argentina,2006,41.179573854181
argentina,2007,42.5898605941234
argentina,2008,47.1412877564775
argentina,2009,43.0318303193291
argentina,2010,46.8914493838481
argentina,2011,51.781207922174
argentina,2012,51.7885102280849
argentina,2013,54.1669870854399
argentina,2014,50.5552919914015
argentina,2015,54.568893905851
argentina,2016,51.1072794850318
argentina,2017,52.1213359769252
argentina,2018,48.486128479426
argentina,2019,45.5886669477825
argentina,2020,43.0358068523335
argentina,2021,48.3302244926163
armenia,1990,1.64134109686464
armenia,1991,1.24689414182382
armenia,1992,0.987876709223985
armenia,1993,0.493348726535279
armenia,1994,0.486846933103068
armenia,1995,0.732305878101067
armenia,1996,0.761101988968281
armenia,1997,1.11304510334392
armenia,1998,1.10062742511411
armenia,1999,1.41152804678169
armenia,2000,1.1627683343447
armenia,2001,1.21838559784278
armenia,2002,1.21035415228272
armenia,2003,1.0820865742496
armenia,2004,1.15606539927741
armenia,2005,1.5754828728226
armenia,2006,1.39931944672493
armenia,2007,2.75902519113356
armenia,2008,1.78174121616026
armenia,2009,1.60644424064218
armenia,2010,1.44518100088239
armenia,2011,1.44069191789828
armenia,2012,1.77895465663977
armenia,2013,1.64800436229348
armenia,2014,1.58816246003733
armenia,2015,1.60626103905843
armenia,2016,1.50682048634208
armenia,2017,1.58236389652553
armenia,2018,1.94168030845989
armenia,2019,1.88987333372631
armenia,2020,2.0301996854732
armenia,2021,2.12893676298174
australia,1990,66.4094291742072
australia,1991,66.5767862583378
australia,1992,67.2861137728776
australia,1993,67.5362044419914
australia,1994,69.87293248185
australia,1995,71.4096888532258
australia,1996,73.1497586225566
australia,1997,75.2308828465042
australia,1998,80.6702759712216
australia,1999,80.9540271273839
australia,2000,79.3944025803198
australia,2001,81.7703644283112
australia,2002,86.8406084496105
australia,2003,91.3698756425172
australia,2004,94.017665368726
australia,2005,93.8847485226515
australia,2006,97.1741774652363
australia,2007,100.252377149515
australia,2008,99.015006489213
australia,2009,107.649131145538
australia,2010,107.800716228659
australia,2011,107.54331521536
australia,2012,109.634386840277
australia,2013,103.882538114759
australia,2014,103.713978312946
australia,2015,104.18397607454
australia,2016,101.353962006043
australia,2017,102.942329433289
australia,2018,99.5873945308393
australia,2019,98.853509102183
australia,2020,96.4720579493784
australia,2021,92.3331961792886
austria,1990,24.4006992937906
austria,1991,24.860003886063
austria,1992,25.416939133725
austria,1993,24.314785738476
austria,1994,24.2580883663978
austria,1995,25.3847180853298
austria,1996,27.5692661418772
austria,1997,25.9596490532175
austria,1998,26.8732144003703
austria,1999,26.4337534875011
austria,2000,25.1292923150543
austria,2001,26.3623308419699
austria,2002,25.9682768680985
austria,2003,27.5605633973091
austria,2004,28.5797760672651
austria,2005,29.1409110545902
austria,2006,30.0399732983545
austria,2007,28.8156948656266
austria,2008,28.3046116162922
austria,2009,26.0085931616414
austria,2010,27.6226081540102
austria,2011,28.1548494132308
austria,2012,27.1760872110259
austria,2013,25.9030485134853
austria,2014,26.0122346972112
austria,2015,24.3147349063431
austria,2016,25.2028620821796
austria,2017,25.0755614887175
austria,2018,24.8992487446785
austria,2019,24.3316214111234
austria,2020,22.0586220183369
austria,2021,24.0644435629813
azerbaijan,1990,7.64645628291516
azerbaijan,1991,5.83068513918327
azerbaijan,1992,3.62003362342235
azerbaijan,1993,6.55519646009168
azerbaijan,1994,5.1662874283162
azerbaijan,1995,6.33293195299012
azerbaijan,1996,7.72514483317362
azerbaijan,1997,6.99283128848251
azerbaijan,1998,8.24220999510223
azerbaijan,1999,7.33362252302078
azerbaijan,2000,6.4989204819445
azerbaijan,2001,6.87524716153249
azerbaijan,2002,8.21002090198311
azerbaijan,2003,9.26089790145621
azerbaijan,2004,10.9913464644263
azerbaijan,2005,9.59834928129603
azerbaijan,2006,10.0739687440842
azerbaijan,2007,8.39413691714884
azerbaijan,2008,9.21704470719968
azerbaijan,2009,8.7016891640937
azerbaijan,2010,8.25589925318821
azerbaijan,2011,8.81998639669997
azerbaijan,2012,9.72544117903125
azerbaijan,2013,9.92144000562178
azerbaijan,2014,10.1711406048714
azerbaijan,2015,10.1444902172519
azerbaijan,2016,9.69384202043506
azerbaijan,2017,9.35133099265908
azerbaijan,2018,9.64608964959444
azerbaijan,2019,10.3426538781425
azerbaijan,2020,10.3114092990012
azerbaijan,2021,10.6029743723755
bahrain,1990,2.99475271635428
bahrain,1991,3.15994517887084
bahrain,1992,3.05347957128463
bahrain,1993,4.25935035487014
bahrain,1994,3.88523958704956
bahrain,1995,3.91994771325644
bahrain,1996,4.03728546077076
bahrain,1997,3.8763390212774
bahrain,1998,4.38845555724208
bahrain,1999,2.62039693239861
bahrain,2000,3.0072998487954
bahrain,2001,2.67322935338742
bahrain,2002,2.96780742590504
bahrain,2003,2.30718821778461
bahrain,2004,2.08038739531278
bahrain,2005,2.17757627974297
bahrain,2006,2.17422293623122
bahrain,2007,3.10808804546284
bahrain,2008,3.67153652701012
bahrain,2009,4.64560309285205
bahrain,2010,4.95636093830341
bahrain,2011,3.41625434710587
bahrain,2012,3.36820044193123
bahrain,2013,3.4368314434503
bahrain,2014,3.94985344603403
bahrain,2015,4.97297958691314
bahrain,2016,4.9307116170563
bahrain,2017,5.33042075158124
bahrain,2018,5.42971921436708
bahrain,2019,5.89392022740284
bahrain,2020,5.96232764909849
bahrain,2021,4.91269581671068
bangladesh,1990,4.99079864783026
bangladesh,1991,5.28633467868712
bangladesh,1992,5.64902689330688
bangladesh,1993,5.73224090439962
bangladesh,1994,6.33553690341391
bangladesh,1995,7.19901163190017
bangladesh,1996,7.42631057087261
bangladesh,1997,7.94663311435885
bangladesh,1998,7.95152864415908
bangladesh,1999,8.2548039213733
bangladesh,2000,6.98220179718486
bangladesh,2001,8.03307545299928
bangladesh,2002,8.39919824843075
bangladesh,2003,9.39752035475526
bangladesh,2004,10.0600406114341
bangladesh,2005,10.6063738476671
bangladesh,2006,11.3456814730359
bangladesh,2007,11.5368789914173
bangladesh,2008,12.1960098668588
bangladesh,2009,13.2957171335387
bangladesh,2010,14.443105172912
bangladesh,2011,14.7847631862052
bangladesh,2012,16.7816170599395
bangladesh,2013,16.6570106026934
bangladesh,2014,28.5775149851805
bangladesh,2015,19.9463579994272
bangladesh,2016,31.0268499211206
bangladesh,2017,33.2785704755302
bangladesh,2018,34.8371129478177
bangladesh,2019,40.1831189698362
bangladesh,2020,38.2966107205943
bangladesh,2021,40.902736140042
belarus,1990,16.8498455291475
belarus,1991,18.2775546088325
belarus,1992,12.3746621173991
belarus,1993,10.4344532407037
belarus,1994,8.26521072349707
belarus,1995,9.52851323698008
belarus,1996,13.1309695798422
belarus,1997,12.3587424656789
belarus,1998,19.4974514773108
belarus,1999,18.5338540096429
belarus,2000,11.4874390077549
belarus,2001,10.7234727302021
belarus,2002,10.7164824244101
belarus,2003,11.0827479720873
belarus,2004,11.4028240374384
belarus,2005,11.7385926199188
belarus,2006,12.8009543192782
belarus,2007,13.4704095716258
belarus,2008,14.2196452366196
belarus,2009,15.4015480625675
belarus,2010,16.8558124844348
belarus,2011,13.9346367517109
belarus,2012,17.369927468268
belarus,2013,18.1167526777537
belarus,2014,17.1965979805342
belarus,2015,16.3807465833684
belarus,2016,16.0337855224908
belarus,2017,16.3525465583698
belarus,2018,17.3184206360596
belarus,2019,17.1922162147911
belarus,2020,15.9741386590658
belarus,2021,16.7811749093886
belgium,1990,42.2934432651634
belgium,1991,42.4916287669699
belgium,1992,47.0559795813907
belgium,1993,44.4214950028727
belgium,1994,44.3976356738333
belgium,1995,45.4728589536919
belgium,1996,45.1875672369881
belgium,1997,46.564868153107
belgium,1998,49.3090093712436
belgium,1999,51.2752515715629
belgium,2000,51.971360904406
belgium,2001,51.6782713160405
belgium,2002,52.9388120862739
belgium,2003,56.4117412117377
belgium,2004,59.6780078055471
belgium,2005,61.7453332246648
belgium,2006,61.6567725761439
belgium,2007,64.0574730130561
belgium,2008,63.9409487227867
belgium,2009,54.7320936973956
belgium,2010,58.9796534468477
belgium,2011,60.0171897711771
belgium,2012,57.1136346933278
belgium,2013,57.3010791743638
belgium,2014,57.9114466114671
belgium,2015,56.8705516349915
belgium,2016,56.8048103273358
belgium,2017,54.9403314533897
belgium,2018,56.9189516563415
belgium,2019,54.9256216633537
belgium,2020,48.8079722750703
belgium,2021,54.4877611901271
benin,1990,0.25425703449188
benin,1991,0.269813742688611
benin,1992,0.283372027140643
benin,1993,0.316248154669061
benin,1994,0.365599784851761
benin,1995,0.390011911621487
benin,1996,0.464212070920201
benin,1997,0.519401496727089
benin,1998,0.546433171350248
benin,1999,0.54680141386356
benin,2000,0.653193991676952
benin,2001,0.842150683974243
benin,2002,0.894145947926265
benin,2003,1.01706241605462
benin,2004,0.958129709055523
benin,2005,1.024748072999
benin,2006,1.56206212065613
benin,2007,1.7290142437853
benin,2008,2.05511806712963
benin,2009,1.76298889180348
benin,2010,1.96174223422809
benin,2011,2.4428447604856
benin,2012,1.96874257206927
benin,2013,2.10323559935421
benin,2014,2.08690963123144
benin,2015,2.13304803682507
benin,2016,2.08887989741853
benin,2017,2.10207229695859
benin,2018,2.16032934520455
benin,2019,2.0379345985018
benin,2020,2.32682140210771
benin,2021,2.52160639450871
botswana,1990,0.737
botswana,1991,0.719
botswana,1992,0.758
botswana,1993,0.872
botswana,1994,0.827
botswana,1995,0.831
botswana,1996,0.752
botswana,1997,0.764
botswana,1998,0.912
botswana,1999,0.862
botswana,2000,0.895929049019591
botswana,2001,0.869980207166583
botswana,2002,1.18555311307998
botswana,2003,0.708784609758169
botswana,2004,0.72441646290875
botswana,2005,0.722913916325197
botswana,2006,0.633461741514839
botswana,2007,0.743694645865255
botswana,2008,0.910243747636396
botswana,2009,1.05147748587156
botswana,2010,2.75150560611362
botswana,2011,3.43922878278593
botswana,2012,3.25216336051502
botswana,2013,3.27757534541858
botswana,2014,3.70510762907902
botswana,2015,3.48853886229846
botswana,2016,3.61821492867605
botswana,2017,3.1175398910043
botswana,2018,3.1749670368949
botswana,2019,3.22491861828719
botswana,2020,2.97591382733659
botswana,2021,3.12837061020667
brazil,1990,66.9888143622044
brazil,1991,68.7600651601886
brazil,1992,69.2869484202054
brazil,1993,71.6398072791807
brazil,1994,75.2901688464467
brazil,1995,81.5326359418533
brazil,1996,87.8780412745534
brazil,1997,93.4873271968034
brazil,1998,95.3643968951029
brazil,1999,90.9141528750592
brazil,2000,95.5985854590204
brazil,2001,93.6368481687442
brazil,2002,90.5044318098494
brazil,2003,88.4365858729321
brazil,2004,91.8091929320654
brazil,2005,95.5269024274859
brazil,2006,98.0441006614671
brazil,2007,107.250496780621
brazil,2008,120.961450836852
brazil,2009,112.943637236348
brazil,2010,132.320687348668
brazil,2011,141.706158589173
brazil,2012,151.036581763076
brazil,2013,161.331501528486
brazil,2014,167.118477282593
brazil,2015,149.600370452456
brazil,2016,133.152516989128
brazil,2017,136.057397180006
brazil,2018,130.548783028036
brazil,2019,130.066984496769
brazil,2020,116.693200322975
brazil,2021,126.152480239823
brunei_darussalam,1990,1.08592727684705
brunei_darussalam,1991,1.32671486431346
brunei_darussalam,1992,1.40751136294193
brunei_darussalam,1993,1.46807780989268
brunei_darussalam,1994,1.43808238977233
brunei_darussalam,1995,1.43833281804793
brunei_darussalam,1996,1.63176931960359
brunei_darussalam,1997,1.20978637150268
brunei_darussalam,1998,1.48361782137794
brunei_darussalam,1999,1.20435578825569
brunei_darussalam,2000,0.960588152330573
brunei_darussalam,2001,0.944516178658083
brunei_darussalam,2002,0.938316550306015
brunei_darussalam,2003,1.47525351924613
brunei_darussalam,2004,1.45895563364585
brunei_darussalam,2005,1.38877667010647
brunei_darussalam,2006,1.66532419500122
brunei_darussalam,2007,1.92334832308598
brunei_darussalam,2008,2.10254880649821
brunei_darussalam,2009,1.76257351264387
brunei_darussalam,2010,1.78995571658704
brunei_darussalam,2011,2.38832816102109
brunei_darussalam,2012,2.47118127568877
brunei_darussalam,2013,2.33817728851297
brunei_darussalam,2014,2.37215751550107
brunei_darussalam,2015,2.06110068882446
brunei_darussalam,2016,1.92513893090139
brunei_darussalam,2017,2.29266601408844
brunei_darussalam,2018,2.56006564756248
brunei_darussalam,2019,2.73578040153344
brunei_darussalam,2020,2.83865798101915
brunei_darussalam,2021,2.64261658934073
bulgaria,1990,16.7373234715329
bulgaria,1991,12.2001674138481
bulgaria,1992,11.5135208433396
bulgaria,1993,12.4068005509551
bulgaria,1994,11.3517478389731
bulgaria,1995,12.7074776707462
bulgaria,1996,13.3362476922173
bulgaria,1997,12.7163398596491
bulgaria,1998,12.5278997198223
bulgaria,1999,11.3398600812619
bulgaria,2000,11.5758465925798
bulgaria,2001,12.3894118574773
bulgaria,2002,11.7987903673845
bulgaria,2003,12.6345372569118
bulgaria,2004,12.4875109927503
bulgaria,2005,13.2425634442288
bulgaria,2006,13.892415302171
bulgaria,2007,14.7454337573259
bulgaria,2008,15.0110422170497
bulgaria,2009,12.2555731299711
bulgaria,2010,12.2646514181548
bulgaria,2011,12.8131982539161
bulgaria,2012,11.9747710966947
bulgaria,2013,10.4230642193227
bulgaria,2014,10.610236724489
bulgaria,2015,11.0593600317883
bulgaria,2016,10.7925608588466
bulgaria,2017,11.2081064887151
bulgaria,2018,11.0871060108268
bulgaria,2019,10.8069570924975
bulgaria,2020,9.79522896699856
bulgaria,2021,11.0668062508935
burkina_faso,1990,0.220063685528691
burkina_faso,1991,0.234064434860901
burkina_faso,1992,0.236670107805076
burkina_faso,1993,0.234920358895669
burkina_faso,1994,0.243589672155934
burkina_faso,1995,0.24760188589878
burkina_faso,1996,0.256519562888948
burkina_faso,1997,0.295642471670695
burkina_faso,1998,0.478417917255673
burkina_faso,1999,0.607223513295992
burkina_faso,2000,0.377545698340263
burkina_faso,2001,0.414328470736727
burkina_faso,2002,0.406799198495592
burkina_faso,2003,0.434261804458967
burkina_faso,2004,0.466764028853459
burkina_faso,2005,0.460881857811343
burkina_faso,2006,0.541867956666691
burkina_faso,2007,0.606928768531626
burkina_faso,2008,0.61321460406846
burkina_faso,2009,0.80363744364337
burkina_faso,2010,0.867747639743828
burkina_faso,2011,0.768572074410904
burkina_faso,2012,0.89552228744286
burkina_faso,2013,1.00734297006467
burkina_faso,2014,1.03335040494059
burkina_faso,2015,1.2292057578959
burkina_faso,2016,1.2285944623786
burkina_faso,2017,1.36607914992649
burkina_faso,2018,1.53451048644547
burkina_faso,2019,1.67532075882525
burkina_faso,2020,1.50598591905241
burkina_faso,2021,1.74057056477904
cambodia,1990,0.506086415190539
cambodia,1991,0.526066527944056
cambodia,1992,0.55225876419873
cambodia,1993,0.541343403023345
cambodia,1994,0.578752671659633
cambodia,1995,0.563423236039606
cambodia,1996,0.639476169215057
cambodia,1997,0.623268651789722
cambodia,1998,0.776864504182349
cambodia,1999,0.744093709948354
cambodia,2000,1.32866359751153
cambodia,2001,1.53191635815847
cambodia,2002,1.94026468096371
cambodia,2003,1.74779765184337
cambodia,2004,2.15673995224443
cambodia,2005,2.63544772708909
cambodia,2006,2.90379659437116
cambodia,2007,3.04795392434753
cambodia,2008,3.60968607652938
cambodia,2009,3.176563890722
cambodia,2010,4.30353375157245
cambodia,2011,6.05568728551281
cambodia,2012,5.91816809564946
cambodia,2013,6.82244150894829
cambodia,2014,6.38834129134052
cambodia,2015,7.77661126186951
cambodia,2016,7.52244872861928
cambodia,2017,7.92800020608517
cambodia,2018,9.15181442179467
cambodia,2019,10.789330985595
cambodia,2020,11.2404150499954
cambodia,2021,11.4444918501732
canada,1990,131.89944297012
canada,1991,131.674422556172
canada,1992,135.251006566504
canada,1993,131.736583513284
canada,1994,133.16386976895
canada,1995,135.378875202316
canada,1996,137.993880630977
canada,1997,146.751193819881
canada,1998,147.766781609413
canada,1999,147.916321032889
canada,2000,158.546342232733
canada,2001,152.731159575482
canada,2002,159.076470105363
canada,2003,157.579596144531
canada,2004,159.406338376749
canada,2005,166.197286009267
canada,2006,157.228707935248
canada,2007,163.606619106205
canada,2008,159.302864560105
canada,2009,156.989746544202
canada,2010,165.693087012501
canada,2011,164.105175888966
canada,2012,157.760883545248
canada,2013,157.74589963903
canada,2014,152.489955595791
canada,2015,147.758343750672
canada,2016,142.326655220094
canada,2017,144.036244387055
canada,2018,144.215180193444
canada,2019,143.142610691713
canada,2020,131.348841242038
canada,2021,137.008988197136
chile,1990,8.75861870839786
chile,1991,8.43856072611244
chile,1992,9.08551897049859
chile,1993,9.70935671087192
chile,1994,10.4349967473153
chile,1995,11.3070757285378
chile,1996,13.1942181871001
chile,1997,15.0218115477067
chile,1998,15.3022788270618
chile,1999,16.337756382272
chile,2000,16.2803850076966
chile,2001,14.6283795842266
chile,2002,15.3745957233078
chile,2003,14.7170887405944
chile,2004,15.5958715958054
chile,2005,16.5962015587404
chile,2006,17.4868611271689
chile,2007,19.1204913191562
chile,2008,21.8221458501925
chile,2009,17.5200023469461
chile,2010,20.1060184203743
chile,2011,23.0236726450227
chile,2012,24.1956316798009
chile,2013,24.522000113652
chile,2014,22.6660371748549
chile,2015,23.5252165299804
chile,2016,23.8622438111538
chile,2017,24.0591784903737
chile,2018,25.1824470677176
chile,2019,26.6515643875482
chile,2020,22.6956373470226
chile,2021,25.8214873009982
china_mainland,1990,633.282129434344
china_mainland,1991,654.988816889992
china_mainland,1992,703.054951052178
china_mainland,1993,752.486883702127
china_mainland,1994,750.570044671717
china_mainland,1995,817.127066168606
china_mainland,1996,852.978401078657
china_mainland,1997,834.759649894385
china_mainland,1998,807.799057200035
china_mainland,1999,865.831888426441
china_mainland,2000,890.4275615272
china_mainland,2001,916.52678292439
china_mainland,2002,996.211287800509
china_mainland,2003,1112.92478768411
china_mainland,2004,1177.83657503537
china_mainland,2005,1287.60467799465
china_mainland,2006,1401.59738574565
china_mainland,2007,1513.48864034592
china_mainland,2008,1629.1095711129
china_mainland,2009,1834.44121877281
china_mainland,2010,2002.40190402617
china_mainland,2011,2221.04474756183
china_mainland,2012,2319.39149245336
china_mainland,2013,2381.26200203198
china_mainland,2014,2405.99195382886
china_mainland,2015,2420.33465707213
china_mainland,2016,2419.49447488395
china_mainland,2017,2495.22058835085
china_mainland,2018,2624.29532395875
china_mainland,2019,2710.90651993029
china_mainland,2020,2724.92658088425
china_mainland,2021,2816.61818805858
colombia,1990,16.9286190857627
colombia,1991,16.5192136770791
colombia,1992,18.3949710836228
colombia,1993,18.8802717803115
colombia,1994,19.8437078064694
colombia,1995,18.261092008942
colombia,1996,18.1410004326973
colombia,1997,19.7339478685618
colombia,1998,19.8089830680891
colombia,1999,15.3388183764052
colombia,2000,14.8820705490601
colombia,2001,15.1146770073259
colombia,2002,15.1900199586474
colombia,2003,15.771982640605
colombia,2004,15.5711932983675
colombia,2005,17.3475383291222
colombia,2006,18.7270126814276
colombia,2007,19.5575263402411
colombia,2008,20.9668976140547
colombia,2009,21.5838190020641
colombia,2010,23.2914228328662
colombia,2011,24.0556094574936
colombia,2012,25.8305211458305
colombia,2013,27.6660451710998
colombia,2014,30.9790246464234
colombia,2015,29.91318545536
colombia,2016,29.9034246968955
colombia,2017,27.7663236765543
colombia,2018,26.7276980576321
colombia,2019,28.2162023699011
colombia,2020,27.0373143097134
colombia,2021,28.6575005629529
costa_rica,1990,1.4091188226741
costa_rica,1991,1.43005571098415
costa_rica,1992,1.56694545211256
costa_rica,1993,1.57406896886577
costa_rica,1994,1.87719447859831
costa_rica,1995,1.83978629616304
costa_rica,1996,1.80084441033807
costa_rica,1997,1.93498872547696
costa_rica,1998,2.21870672853715
costa_rica,1999,2.62702254988139
costa_rica,2000,2.18148371879658
costa_rica,2001,2.21394850806507
costa_rica,2002,2.87688712608334
costa_rica,2003,2.52003878644319
costa_rica,2004,2.61516843450819
costa_rica,2005,2.5983307807066
costa_rica,2006,2.89044644509576
costa_rica,2007,3.27856378372543
costa_rica,2008,3.45008796020877
costa_rica,2009,2.85182413739889
costa_rica,2010,3.03544779675939
costa_rica,2011,3.34925526559218
costa_rica,2012,3.32861156787627
costa_rica,2013,3.3220233821744
costa_rica,2014,3.30185891883554
costa_rica,2015,3.29975048673948
costa_rica,2016,3.33815062610519
costa_rica,2017,3.37250265560676
costa_rica,2018,3.48313607335166
costa_rica,2019,3.36878352139097
costa_rica,2020,2.99432784454133
costa_rica,2021,3.34683132982437
cote_d_ivoire,1990,1.62614501271717
cote_d_ivoire,1991,1.52313170118492
cote_d_ivoire,1992,1.58817153726622
cote_d_ivoire,1993,1.79301328513327
cote_d_ivoire,1994,1.48744110784036
cote_d_ivoire,1995,2.01935607110792
cote_d_ivoire,1996,1.97262474036087
cote_d_ivoire,1997,1.87427053747816
cote_d_ivoire,1998,2.37632786365202
cote_d_ivoire,1999,1.75022673714649
cote_d_ivoire,2000,1.90822175085065
cote_d_ivoire,2001,1.78593378876246
cote_d_ivoire,2002,1.4362777344364
cote_d_ivoire,2003,1.75425390314719
cote_d_ivoire,2004,2.04726912013453
cote_d_ivoire,2005,2.08475496952657
cote_d_ivoire,2006,2.18989828501724
cote_d_ivoire,2007,2.24083071745176
cote_d_ivoire,2008,2.23945509836942
cote_d_ivoire,2009,1.9435899352619
cote_d_ivoire,2010,2.20123119670499
cote_d_ivoire,2011,2.14238436101078
cote_d_ivoire,2012,3.05359698834303
cote_d_ivoire,2013,3.39983073338252
cote_d_ivoire,2014,3.61601030636289
cote_d_ivoire,2015,3.57741376623421
cote_d_ivoire,2016,4.1441442435106
cote_d_ivoire,2017,4.14446192019089
cote_d_ivoire,2018,4.04788805933095
cote_d_ivoire,2019,4.04065901244127
cote_d_ivoire,2020,3.95832183050523
cote_d_ivoire,2021,4.29168413116465
croatia,1990,5.73147705113347
croatia,1991,4.27105671089248
croatia,1992,4.96539610510889
croatia,1993,4.96824761867033
croatia,1994,4.86874050810096
croatia,1995,5.37588680008725
croatia,1996,5.40205999977536
croatia,1997,5.71752471303544
croatia,1998,5.58819921193292
croatia,1999,5.99936019731345
croatia,2000,5.90985459638107
croatia,2001,6.68473222998258
croatia,2002,7.15216995543772
croatia,2003,6.90949552662604
croatia,2004,7.07238637047151
croatia,2005,7.06609002174438
croatia,2006,7.7293192699188
croatia,2007,8.10555986070654
croatia,2008,9.2028170541352
croatia,2009,6.99898721163885
croatia,2010,6.58841786620984
croatia,2011,6.34211086585703
croatia,2012,6.41369371280679
croatia,2013,6.42360454737958
croatia,2014,5.22092574264415
croatia,2015,5.863907183593
croatia,2016,6.16473862863572
croatia,2017,5.97903921212969
croatia,2018,6.61724494184424
croatia,2019,6.40999629497925
croatia,2020,6.15602839343701
croatia,2021,6.26941878732468
cyprus,1990,1.85366957188269
cyprus,1991,1.88208322937204
cyprus,1992,2.27176799315593
cyprus,1993,2.06658697866764
cyprus,1994,2.066905975933
cyprus,1995,2.13203656959276
cyprus,1996,2.46682077741749
cyprus,1997,2.24031582663223
cyprus,1998,2.70620011373175
cyprus,1999,2.29086343216099
cyprus,2000,2.10254677107693
cyprus,2001,2.14784599880607
cyprus,2002,2.28132439732449
cyprus,2003,2.34052413921607
cyprus,2004,2.5317254904974
cyprus,2005,2.63741788215106
cyprus,2006,2.70211947059659
cyprus,2007,2.93512676794288
cyprus,2008,3.22897599334077
cyprus,2009,2.38302428542301
cyprus,2010,2.36133260689437
cyprus,2011,2.27907490211804
cyprus,2012,2.22389982028641
cyprus,2013,1.77236691336035
cyprus,2014,1.93277561890474
cyprus,2015,1.82624574896035
cyprus,2016,1.87441773905733
cyprus,2017,2.13717178593033
cyprus,2018,2.12979213362837
cyprus,2019,2.06796125684846
cyprus,2020,1.74127559510655
cyprus,2021,1.86544824067244
czechia,1990,41.3085796993606
czechia,1991,35.6400099560347
czechia,1992,40.4622603378896
czechia,1993,36.1342493623299
czechia,1994,34.238084525169
czechia,1995,33.735690819745
czechia,1996,33.4118344120195
czechia,1997,32.4072139170299
czechia,1998,31.217475138505
czechia,1999,30.1127929795551
czechia,2000,32.8865751991165
czechia,2001,33.3002346727911
czechia,2002,34.0892348217222
czechia,2003,32.9994237375536
czechia,2004,31.511541890602
czechia,2005,30.1123636959154
czechia,2006,31.4831370092848
czechia,2007,33.2399286266745
czechia,2008,33.8929411691937
czechia,2009,31.1499063774497
czechia,2010,32.9309846712818
czechia,2011,31.602155894259
czechia,2012,30.2411434068678
czechia,2013,29.7266608230065
czechia,2014,28.0321487443489
czechia,2015,28.5144182397113
czechia,2016,28.8369032477037
czechia,2017,30.2196664105535
czechia,2018,30.8834149614619
czechia,2019,29.6793914169346
czechia,2020,27.1949725100584
czechia,2021,29.7846991006041
denmark,1990,16.9289207809683
denmark,1991,17.9470088014572
denmark,1992,18.9399653719782
denmark,1993,18.3019352353216
denmark,1994,18.7806116990214
denmark,1995,18.6004986051538
denmark,1996,19.9342707996124
denmark,1997,18.3992506876456
denmark,1998,17.9177258579563
denmark,1999,18.9508795917423
denmark,2000,17.910325856043
denmark,2001,18.109565375182
denmark,2002,18.1400134951974
denmark,2003,18.4518255035678
denmark,2004,19.1842205453221
denmark,2005,18.2430560238311
denmark,2006,19.8109949336204
denmark,2007,19.1419950547867
denmark,2008,18.6582765086947
denmark,2009,16.9820826694531
denmark,2010,17.0167702264949
denmark,2011,16.3355838190335
denmark,2012,14.4219123263202
denmark,2013,14.2748343382658
denmark,2014,13.9086626982374
denmark,2015,13.3969790091482
denmark,2016,13.5070409104815
denmark,2017,13.4346034218412
denmark,2018,13.6862069353027
denmark,2019,12.6869855693292
denmark,2020,11.6015950418621
denmark,2021,12.7417800120781
dominican_republic,1990,2.55876388206455
dominican_republic,1991,2.71437243063462
dominican_republic,1992,2.96918580991279
dominican_republic,1993,3.13198380501099
dominican_republic,1994,3.30929044673864
dominican_republic,1995,4.07479620920854
dominican_republic,1996,4.45959327510182
dominican_republic,1997,4.82196104596363
dominican_republic,1998,5.34170874199196
dominican_republic,1999,5.52921866061659
dominican_republic,2000,3.3403473478599
dominican_republic,2001,9.31961225858804
dominican_republic,2002,7.86707422025175
dominican_republic,2003,6.96692887832434
dominican_republic,2004,6.52498104993701
dominican_republic,2005,8.86868314146383
dominican_republic,2006,9.10278238646545
dominican_republic,2007,7.67956902498823
dominican_republic,2008,7.42346359944177
dominican_republic,2009,15.1279874933482
dominican_republic,2010,19.5741427908349
dominican_republic,2011,14.1521584814429
dominican_republic,2012,15.8795604725027
dominican_republic,2013,13.1681778080487
dominican_republic,2014,10.0508328760318
dominican_republic,2015,9.84347782343307
dominican_republic,2016,8.29305507831322
dominican_republic,2017,8.34721511018516
dominican_republic,2018,8.67711815137057
dominican_republic,2019,9.14689254717754
dominican_republic,2020,7.92776217371592
dominican_republic,2021,8.24931353672963
ecuador,1990,4.41849509119359
ecuador,1991,4.2821087048453
ecuador,1992,5.4205631904508
ecuador,1993,6.16764009479458
ecuador,1994,4.11994782546314
ecuador,1995,6.10945031824962
ecuador,1996,6.33123332031233
ecuador,1997,5.41389498794861
ecuador,1998,6.76074446899893
ecuador,1999,5.91202751109394
ecuador,2000,5.41017891933018
ecuador,2001,6.70928329188515
ecuador,2002,7.31324178921861
ecuador,2003,7.87644959208256
ecuador,2004,8.48521352618004
ecuador,2005,8.9996223075798
ecuador,2006,9.2905176403524
ecuador,2007,10.4659500861761
ecuador,2008,9.73386736132207
ecuador,2009,10.1507449825134
ecuador,2010,10.9399804577404
ecuador,2011,11.7518193205066
ecuador,2012,11.6161717140602
ecuador,2013,12.4497239816046
ecuador,2014,13.4612111338035
ecuador,2015,12.8753326976079
ecuador,2016,11.7466134148388
ecuador,2017,12.2513595955684
ecuador,2018,12.3486201507744
ecuador,2019,12.7462742802175
ecuador,2020,10.714956319094
ecuador,2021,12.6625367796277
egypt,1990,21.9445580559479
egypt,1991,20.8294201256246
egypt,1992,23.250037175028
egypt,1993,25.0722196388696
egypt,1994,24.6806987973006
egypt,1995,27.2734531003484
egypt,1996,27.6981269413609
egypt,1997,30.8589208724254
egypt,1998,35.4001823087326
egypt,1999,36.5954008539746
egypt,2000,37.4674402218203
egypt,2001,33.0507607677457
egypt,2002,33.2208853838175
egypt,2003,37.5799496008421
egypt,2004,36.4016677387052
egypt,2005,40.8014982539455
egypt,2006,43.2741148166705
egypt,2007,47.0726809420772
egypt,2008,49.8831247872016
egypt,2009,54.3272851563909
egypt,2010,55.1614147799126
egypt,2011,58.1849831405874
egypt,2012,60.421351997454
egypt,2013,58.3061437291726
egypt,2014,65.6371307678366
egypt,2015,67.4261855727992
egypt,2016,71.011949109765
egypt,2017,70.1442875288426
egypt,2018,66.2733627804726
egypt,2019,69.2579677807714
egypt,2020,64.1006192803179
egypt,2021,72.3946661846643
el_salvador,1990,1.12088707584477
el_salvador,1991,1.2805279656532
el_salvador,1992,1.36752757850166
el_salvador,1993,1.48455081626746
el_salvador,1994,1.65253905183173
el_salvador,1995,1.80996287635733
el_salvador,1996,1.66822417063971
el_salvador,1997,1.97604623197629
el_salvador,1998,2.22846291088556
el_salvador,1999,2.15950104399376
el_salvador,2000,2.26664913093441
el_salvador,2001,2.27288365261013
el_salvador,2002,2.26051985819008
el_salvador,2003,2.30396737859425
el_salvador,2004,2.18188675483728
el_salvador,2005,2.25287992880868
el_salvador,2006,2.49787968452497
el_salvador,2007,2.49134847445711
el_salvador,2008,2.42317969467171
el_salvador,2009,2.1568463341207
el_salvador,2010,2.16221950112622
el_salvador,2011,2.28783458140598
el_salvador,2012,2.16855296172302
el_salvador,2013,2.15486698228638
el_salvador,2014,2.1776224251873
el_salvador,2015,2.34681795651085
el_salvador,2016,2.31784214736538
el_salvador,2017,2.14184067889884
el_salvador,2018,2.39063610004517
el_salvador,2019,2.59432656555209
el_salvador,2020,2.34618101123728
el_salvador,2021,2.61662622087242
estonia,1990,8.55939935839948
estonia,1991,8.26146336589123
estonia,1992,6.55495598971255
estonia,1993,4.89611623525846
estonia,1994,4.53919553306321
estonia,1995,4.2777711918741
estonia,1996,4.57302827923547
estonia,1997,4.35488700016841
estonia,1998,4.65292307820662
estonia,1999,5.39958838965887
estonia,2000,5.54579269123299
estonia,2001,5.17069846525008
estonia,2002,5.40973474824293
estonia,2003,5.65020755568229
estonia,2004,5.68289525812503
estonia,2005,5.28173727170759
estonia,2006,5.78542117940809
estonia,2007,5.79707008484542
estonia,2008,4.77639030130337
estonia,2009,3.84021070945902
estonia,2010,4.7065557689155
estonia,2011,5.33137671759888
estonia,2012,4.8062611934617
estonia,2013,4.68823388268603
estonia,2014,4.72656662826308
estonia,2015,4.91025025438991
estonia,2016,4.52796518994367
estonia,2017,4.59637560955137
estonia,2018,4.91597096410841
estonia,2019,3.9967148927225
estonia,2020,3.40019532572598
estonia,2021,3.79443499290502
ethiopia,1990,1.07377583644723
ethiopia,1991,1.08750022714435
ethiopia,1992,1.11034688219462
ethiopia,1993,1.11177526119047
ethiopia,1994,0.917782010069285
ethiopia,1995,1.01023531329619
ethiopia,1996,1.08208545568353
ethiopia,1997,1.20184008256681
ethiopia,1998,1.41005188940547
ethiopia,1999,1.37699618580363
ethiopia,2000,1.03929699397204
ethiopia,2001,1.20898010415146
ethiopia,2002,1.05252148294671
ethiopia,2003,1.11155247245966
ethiopia,2004,1.1244803994547
ethiopia,2005,1.11122982362308
ethiopia,2006,1.23052957894035
ethiopia,2007,1.31702946375564
ethiopia,2008,1.45686819191067
ethiopia,2009,1.53017216391728
ethiopia,2010,1.37038476931716
ethiopia,2011,1.50620712770674
ethiopia,2012,2.04370877181462
ethiopia,2013,2.2553241624387
ethiopia,2014,2.88521867869108
ethiopia,2015,3.12147522889089
ethiopia,2016,3.58498867640451
ethiopia,2017,5.52273057639979
ethiopia,2018,5.33528002407835
ethiopia,2019,5.51102082955632
ethiopia,2020,5.74491439084997
ethiopia,2021,6.18127661393973
finland,1990,22.0242329259556
finland,1991,20.347750002555
finland,1992,28.2916861301808
finland,1993,23.2362295589116
finland,1994,21.378863219949
finland,1995,20.5438061692356
finland,1996,20.4077712024434
finland,1997,20.059843577359
finland,1998,19.5213308506133
finland,1999,20.2454185818489
finland,2000,21.5801974035765
finland,2001,22.1747205918699
finland,2002,22.2606988944803
finland,2003,24.4102008051249
finland,2004,23.2884862950677
finland,2005,22.0410000823625
finland,2006,24.4826853376274
finland,2007,24.2143441287401
finland,2008,22.5639642344067
finland,2009,19.0484956064065
finland,2010,22.5501734746219
finland,2011,19.2977167565006
finland,2012,18.4945003716564
finland,2013,18.1488965754157
finland,2014,16.7706326869417
finland,2015,15.0444435984639
finland,2016,15.5858143155919
finland,2017,15.1419845400893
finland,2018,15.7937862013962
finland,2019,14.5337564195495
finland,2020,13.1254090121405
finland,2021,14.1095387409936
france_including_monaco,1990,134.574208330349
france_including_monaco,1991,137.643918083728
france_including_monaco,1992,149.000492661105
france_including_monaco,1993,137.692989127328
france_including_monaco,1994,134.376292550542
france_including_monaco,1995,137.028157222123
france_including_monaco,1996,137.71771920773
france_including_monaco,1997,133.743884991735
france_including_monaco,1998,139.164015356839
france_including_monaco,1999,140.062494947421
france_including_monaco,2000,141.71147299102
france_including_monaco,2001,141.59157925482
france_including_monaco,2002,139.515020413627
france_including_monaco,2003,142.356402843871
france_including_monaco,2004,148.050043819476
france_including_monaco,2005,150.561270803893
france_including_monaco,2006,150.226570680382
france_including_monaco,2007,150.192722777925
france_including_monaco,2008,148.408258589798
france_including_monaco,2009,137.817754762528
france_including_monaco,2010,137.354943837216
france_including_monaco,2011,136.764363272939
france_including_monaco,2012,130.882708326374
france_including_monaco,2013,127.343009537301
france_including_monaco,2014,118.609396735408
france_including_monaco,2015,115.301589251098
france_including_monaco,2016,117.247348889485
france_including_monaco,2017,116.652154048468
france_including_monaco,2018,116.414551584128
france_including_monaco,2019,112.981260577145
france_including_monaco,2020,102.52200559737
france_including_monaco,2021,113.490597318381
georgia,1990,2.70102727656718
georgia,1991,3.09766337330945
georgia,1992,2.56997683823078
georgia,1993,2.20285248459706
georgia,1994,1.34254909902591
georgia,1995,0.621519509887495
georgia,1996,2.12573500255342
georgia,1997,1.89562448800534
georgia,1998,2.05295571999995
georgia,1999,1.66582192436979
georgia,2000,1.67202258343375
georgia,2001,1.57248813236639
georgia,2002,1.46464090659409
georgia,2003,1.58900626768113
georgia,2004,2.02777365880762
georgia,2005,2.39562456367584
georgia,2006,2.44711796958061
georgia,2007,2.76695446806666
georgia,2008,2.52580079826718
georgia,2009,2.05974002804815
georgia,2010,2.15957135245941
georgia,2011,2.74654573331472
georgia,2012,2.96454276647316
georgia,2013,2.84164494235841
georgia,2014,3.07181023449398
georgia,2015,3.19732869458988
georgia,2016,3.16253742938327
georgia,2017,3.07058995791374
georgia,2018,3.40297975974831
georgia,2019,3.26729269180964
georgia,2020,3.51406566158928
georgia,2021,3.75903049808333
germany,1990,326.126057521733
germany,1991,312.314828085273
germany,1992,329.540818455485
germany,1993,316.709202067542
germany,1994,309.76540041877
germany,1995,311.140339547672
germany,1996,306.74198744762
germany,1997,294.284474948756
germany,1998,294.894792501502
germany,1999,297.39257909209
germany,2000,295.756593539024
germany,2001,294.809627880775
germany,2002,280.295610542883
germany,2003,291.284217811629
germany,2004,286.769557636046
germany,2005,286.357796355522
germany,2006,284.588354609604
germany,2007,283.942709730121
germany,2008,283.41478943127
germany,2009,265.442256876242
germany,2010,278.960997292572
germany,2011,267.955997650167
germany,2012,250.330449265937
germany,2013,253.585296347538
germany,2014,247.311266760858
germany,2015,243.849299538574
germany,2016,248.151485966861
germany,2017,245.113057438879
germany,2018,241.064026132329
germany,2019,229.634337541314
germany,2020,211.047318373725
germany,2021,226.667485251857
ghana,1990,1.25265339965029
ghana,1991,1.36211609734742
ghana,1992,1.20097040685935
ghana,1993,1.35021790626578
ghana,1994,1.55695402651623
ghana,1995,1.6025075062189
ghana,1996,1.9248281479568
ghana,1997,2.35932942458545
ghana,1998,2.25160108195835
ghana,1999,2.61470813469229
ghana,2000,2.17081260177514
ghana,2001,2.34470976622061
ghana,2002,2.2526098431549
ghana,2003,2.61531088443526
ghana,2004,2.57960577514468
ghana,2005,2.8010709437952
ghana,2006,3.4971895083604
ghana,2007,3.67670472722349
ghana,2008,3.78126117276941
ghana,2009,3.21130242090798
ghana,2010,3.82949630599906
ghana,2011,4.77552774994749
ghana,2012,6.07306100109345
ghana,2013,5.5483586673798
ghana,2014,5.74781840767477
ghana,2015,6.02779170635787
ghana,2016,5.44481513887523
ghana,2017,5.22663557624897
ghana,2018,5.44380972496317
ghana,2019,5.52345764737012
ghana,2020,6.51224801383744
ghana,2021,6.81671257433229
greece,1990,26.3318596912876
greece,1991,26.0402834233591
greece,1992,28.5590578359301
greece,1993,27.1368900509232
greece,1994,27.1121129444856
greece,1995,27.4528939236576
greece,1996,27.0071192038816
greece,1997,27.3323444077175
greece,1998,29.3123722221792
greece,1999,28.2410720823208
greece,2000,28.5327080240806
greece,2001,29.0411910261522
greece,2002,29.8721450335553
greece,2003,26.5591935137067
greece,2004,25.6276456930685
greece,2005,25.5506223177807
greece,2006,26.204037734099
greece,2007,26.471864229266
greece,2008,26.527209519178
greece,2009,28.9250305161943
greece,2010,25.0840713891362
greece,2011,22.5005840724304
greece,2012,20.3675301421555
greece,2013,17.2936137443909
greece,2014,16.2491451819773
greece,2015,15.2522626334265
greece,2016,15.5762790946937
greece,2017,15.4698227478923
greece,2018,15.7247391135855
greece,2019,14.3166849481411
greece,2020,14.109821985962
greece,2021,13.893332677784
guatemala,1990,1.85490733720932
guatemala,1991,1.85733956810375
guatemala,1992,2.2099836485594
guatemala,1993,2.07166260310921
guatemala,1994,2.35623033350006
guatemala,1995,2.50468657811659
guatemala,1996,2.40616183533716
guatemala,1997,2.78460992438553
guatemala,1998,3.30592511817041
guatemala,1999,3.30237818368505
guatemala,2000,6.278224732147
guatemala,2001,2.39519280380822
guatemala,2002,2.5419929457121
guatemala,2003,2.48714409822092
guatemala,2004,2.58675078806043
guatemala,2005,2.77436772762639
guatemala,2006,3.05615750132851
guatemala,2007,2.98192507535868
guatemala,2008,2.74288884538
guatemala,2009,2.74679549537106
guatemala,2010,2.81933424767416
guatemala,2011,2.61139952938429
guatemala,2012,2.62882475892113
guatemala,2013,2.92947955960836
guatemala,2014,3.1120896508867
guatemala,2015,3.66649417444681
guatemala,2016,3.8889987782377
guatemala,2017,4.18107053251065
guatemala,2018,6.31063198012737
guatemala,2019,6.51991753715311
guatemala,2020,5.84747809758304
guatemala,2021,6.59456849066032
guinea,1990,0.274
guinea,1991,0.28
guinea,1992,0.289
guinea,1993,0.297
guinea,1994,0.307
guinea,1995,0.318
guinea,1996,0.337
guinea,1997,0.352
guinea,1998,0.372
guinea,1999,0.391
guinea,2000,0.358885126419694
guinea,2001,0.345945029684162
guinea,2002,0.355420565782275
guinea,2003,0.748381445498827
guinea,2004,0.461938872786207
guinea,2005,0.476929624690769
guinea,2006,0.486012589507773
guinea,2007,0.507408956403068
guinea,2008,0.532093979988728
guinea,2009,0.895158102764858
guinea,2010,1.18506048594653
guinea,2011,1.29569977064395
guinea,2012,1.24991025376955
guinea,2013,0.561184005789893
guinea,2014,0.563265964143416
guinea,2015,0.658074473106283
guinea,2016,1.3960708708411
guinea,2017,1.40796127680641
guinea,2018,1.41897326240785
guinea,2019,1.60513278256755
guinea,2020,1.5252317047262
guinea,2021,1.67170806256983
honduras,1990,0.908669138440035
honduras,1991,0.928684125563576
honduras,1992,1.04435324993692
honduras,1993,1.04369315401647
honduras,1994,1.09738513655536
honduras,1995,1.21766746661343
honduras,1996,1.30424440528167
honduras,1997,1.47118414036979
honduras,1998,1.71190027820426
honduras,1999,1.84064976057989
honduras,2000,1.07928927537841
honduras,2001,1.1431893261275
honduras,2002,1.182506509686
honduras,2003,1.45008904469169
honduras,2004,1.5289427325225
honduras,2005,1.46188998307679
honduras,2006,1.74338858909569
honduras,2007,1.85205243116091
honduras,2008,3.80679585219944
honduras,2009,1.90278879158359
honduras,2010,1.82702590156918
honduras,2011,1.87336023731363
honduras,2012,1.90599556841696
honduras,2013,4.78299795237367
honduras,2014,1.99692189534379
honduras,2015,2.2212199320508
honduras,2016,2.09762101777472
honduras,2017,2.2157326360368
honduras,2018,2.17810789965905
honduras,2019,2.48068256919084
honduras,2020,2.16153450935107
honduras,2021,2.43095440385768
hong_kong_special_adminstrative_region_of_china,1990,23.4954239500641
hong_kong_special_adminstrative_region_of_china,1991,25.1050409554021
hong_kong_special_adminstrative_region_of_china,1992,27.2981977698132
hong_kong_special_adminstrative_region_of_china,1993,26.1857055181713
hong_kong_special_adminstrative_region_of_china,1994,33.1944444355111
hong_kong_special_adminstrative_region_of_china,1995,34.6742743749469
hong_kong_special_adminstrative_region_of_china,1996,33.5274045746564
hong_kong_special_adminstrative_region_of_china,1997,37.5085477367715
hong_kong_special_adminstrative_region_of_china,1998,31.6134738469456
hong_kong_special_adminstrative_region_of_china,1999,28.9414513269161
hong_kong_special_adminstrative_region_of_china,2000,23.0328023366867
hong_kong_special_adminstrative_region_of_china,2001,21.1737122776538
hong_kong_special_adminstrative_region_of_china,2002,20.6617337681775
hong_kong_special_adminstrative_region_of_china,2003,22.70079700309
hong_kong_special_adminstrative_region_of_china,2004,22.4902884764463
hong_kong_special_adminstrative_region_of_china,2005,24.0471350817158
hong_kong_special_adminstrative_region_of_china,2006,23.8468890826323
hong_kong_special_adminstrative_region_of_china,2007,23.4456086804345
hong_kong_special_adminstrative_region_of_china,2008,23.2911621589501
hong_kong_special_adminstrative_region_of_china,2009,19.6775821491281
hong_kong_special_adminstrative_region_of_china,2010,21.8429722311216
hong_kong_special_adminstrative_region_of_china,2011,26.4949881146974
hong_kong_special_adminstrative_region_of_china,2012,29.5652212481047
hong_kong_special_adminstrative_region_of_china,2013,33.3657596587078
hong_kong_special_adminstrative_region_of_china,2014,30.9222991935938
hong_kong_special_adminstrative_region_of_china,2015,24.8386923466161
hong_kong_special_adminstrative_region_of_china,2016,22.9567460225565
hong_kong_special_adminstrative_region_of_china,2017,23.5838857785689
hong_kong_special_adminstrative_region_of_china,2018,23.3922734071553
hong_kong_special_adminstrative_region_of_china,2019,23.3134663475691
hong_kong_special_adminstrative_region_of_china,2020,22.5296204915285
hong_kong_special_adminstrative_region_of_china,2021,24.609231648083
hungary,1990,25.0554682092526
hungary,1991,22.8333927936575
hungary,1992,25.9946277729794
hungary,1993,23.8201613664561
hungary,1994,21.7572449106898
hungary,1995,20.8358855324563
hungary,1996,19.2329600726556
hungary,1997,19.0823259705122
hungary,1998,19.4322243768247
hungary,1999,19.6642573488634
hungary,2000,19.9911795357545
hungary,2001,20.9598851445454
hungary,2002,20.5021691953796
hungary,2003,22.2387010238951
hungary,2004,21.7465682990917
hungary,2005,21.376934046836
hungary,2006,21.5183339548364
hungary,2007,22.4439065169125
hungary,2008,22.78736574163
hungary,2009,18.9249226081881
hungary,2010,19.6931908978595
hungary,2011,18.9015644043504
hungary,2012,16.8570209183404
hungary,2013,16.551064384517
hungary,2014,15.7978978756919
hungary,2015,16.1773531363146
hungary,2016,16.5319408753559
hungary,2017,17.8957131452183
hungary,2018,18.2627113996601
hungary,2019,17.8177144121294
hungary,2020,16.5613481238204
hungary,2021,17.9173625359687
india,1990,157.050778104066
india,1991,162.878199595502
india,1992,176.463151900373
india,1993,177.930383527869
india,1994,186.516492492428
india,1995,196.285191458481
india,1996,209.695964620785
india,1997,219.451192215577
india,1998,223.717403295789
india,1999,247.439963415901
india,2000,247.863489628505
india,2001,249.54144594957
india,2002,253.506280065265
india,2003,267.973504367865
india,2004,282.765218533232
india,2005,299.231889147436
india,2006,321.747697161415
india,2007,353.809175415625
india,2008,376.901070341849
india,2009,416.278082197825
india,2010,430.585680374959
india,2011,445.169406398163
india,2012,488.502995626395
india,2013,486.187066017707
india,2014,534.885038918558
india,2015,571.83440351039
india,2016,594.765409181519
india,2017,620.494000762801
india,2018,661.914435751016
india,2019,667.989066092073
india,2020,613.464047135018
india,2021,668.047066500225
indonesia,1990,40.0367463853126
indonesia,1991,43.7595866326875
indonesia,1992,50.3851276469955
indonesia,1993,52.9914528350949
indonesia,1994,54.4921242171303
indonesia,1995,55.8166405618045
indonesia,1996,62.553516607637
indonesia,1997,67.3864059682496
indonesia,1998,41.9635304057101
indonesia,1999,67.5010348203397
indonesia,2000,65.4887252244018
indonesia,2001,72.6697881150999
indonesia,2002,75.1861585794667
indonesia,2003,86.5270486797273
indonesia,2004,88.0082611399631
indonesia,2005,89.5731237523687
indonesia,2006,89.9634232859475
indonesia,2007,100.418420410291
indonesia,2008,100.433864775854
indonesia,2009,107.888162843443
indonesia,2010,121.572927057986
indonesia,2011,137.508967280017
indonesia,2012,146.783818581519
indonesia,2013,139.991626841712
indonesia,2014,139.18818158467
indonesia,2015,148.94068013022
indonesia,2016,149.899774415908
indonesia,2017,153.861430602285
indonesia,2018,165.234732167127
indonesia,2019,180.303650040836
indonesia,2020,169.924721443107
indonesia,2021,170.307718551371
ireland,1990,10.793367267191
ireland,1991,11.2647303211833
ireland,1992,11.7339203908074
ireland,1993,11.0660104404156
ireland,1994,11.2352533566105
ireland,1995,11.5098256063392
ireland,1996,13.6495990838749
ireland,1997,13.4080394741005
ireland,1998,13.3906127723097
ireland,1999,15.0925399803591
ireland,2000,14.8471676169312
ireland,2001,15.4643622176488
ireland,2002,15.8297924960534
ireland,2003,19.6799152967332
ireland,2004,18.1909316279918
ireland,2005,19.8179185284634
ireland,2006,19.677433598061
ireland,2007,19.8204403957412
ireland,2008,17.8068281023167
ireland,2009,14.4164586708919
ireland,2010,13.6606094818559
ireland,2011,13.0642266267721
ireland,2012,12.7595979595031
ireland,2013,12.6922778567308
ireland,2014,12.8670675303132
ireland,2015,12.6619370931497
ireland,2016,13.3709282306403
ireland,2017,13.5920113590815
ireland,2018,13.8019955335984
ireland,2019,13.6572575640456
ireland,2020,11.9598314503575
ireland,2021,12.6939422576509
islamic_republic_of_iran,1990,55.1442621897997
islamic_republic_of_iran,1991,58.1604336518422
islamic_republic_of_iran,1992,59.7664597378462
islamic_republic_of_iran,1993,58.0754168162318
islamic_republic_of_iran,1994,63.6747925268061
islamic_republic_of_iran,1995,67.5038188761261
islamic_republic_of_iran,1996,71.588765662609
islamic_republic_of_iran,1997,72.6723345435798
islamic_republic_of_iran,1998,83.4798124689702
islamic_republic_of_iran,1999,88.0262039840392
islamic_republic_of_iran,2000,78.6787116155058
islamic_republic_of_iran,2001,84.9466823549483
islamic_republic_of_iran,2002,81.8345225267053
islamic_republic_of_iran,2003,98.564542042612
islamic_republic_of_iran,2004,105.349392524611
islamic_republic_of_iran,2005,108.596152047954
islamic_republic_of_iran,2006,118.101298262934
islamic_republic_of_iran,2007,133.006981622216
islamic_republic_of_iran,2008,139.320229466219
islamic_republic_of_iran,2009,140.753521811689
islamic_republic_of_iran,2010,131.237337653049
islamic_republic_of_iran,2011,132.976321730976
islamic_republic_of_iran,2012,148.681799945262
islamic_republic_of_iran,2013,138.396246954504
islamic_republic_of_iran,2014,149.203339583789
islamic_republic_of_iran,2015,162.161774303193
islamic_republic_of_iran,2016,150.929196281407
islamic_republic_of_iran,2017,162.14499091031
islamic_republic_of_iran,2018,164.32379698823
islamic_republic_of_iran,2019,169.691870631171
islamic_republic_of_iran,2020,170.091150276252
islamic_republic_of_iran,2021,168.943089542759
israel,1990,13.485942702611
israel,1991,13.6393070205934
israel,1992,15.80519380535
israel,1993,15.8575236563308
israel,1994,16.6550990853637
israel,1995,17.6104414182052
israel,1996,18.1827724439299
israel,1997,18.8806674483599
israel,1998,19.2991770644127
israel,1999,17.2441975979994
israel,2000,18.5310765832562
israel,2001,18.9669376221985
israel,2002,18.3606782584419
israel,2003,20.8704762901667
israel,2004,20.7503807278584
israel,2005,20.0966896073149
israel,2006,22.0259231722877
israel,2007,22.1533838837677
israel,2008,24.7664573667655
israel,2009,21.8240720969366
israel,2010,23.2477326202418
israel,2011,23.8463764576563
israel,2012,24.0266510216444
israel,2013,21.6657322665417
israel,2014,22.2006296487897
israel,2015,21.9170491253497
israel,2016,21.9588929549841
israel,2017,21.1376524607615
israel,2018,22.2525230206905
israel,2019,21.6359125529441
israel,2020,20.1129967774969
israel,2021,21.2284681051172
italy_including_san_marino,1990,154.805629627909
italy_including_san_marino,1991,153.19194356537
italy_including_san_marino,1992,166.964438601736
italy_including_san_marino,1993,152.553196685241
italy_including_san_marino,1994,148.14788777625
italy_including_san_marino,1995,153.740604716741
italy_including_san_marino,1996,144.957701541002
italy_including_san_marino,1997,146.206134055875
italy_including_san_marino,1998,148.852036234623
italy_including_san_marino,1999,153.183189064566
italy_including_san_marino,2000,156.593725853877
italy_including_san_marino,2001,153.472415040094
italy_including_san_marino,2002,157.161861333939
italy_including_san_marino,2003,161.488541853692
italy_including_san_marino,2004,166.169096184353
italy_including_san_marino,2005,168.848821434635
italy_including_san_marino,2006,174.795702624152
italy_including_san_marino,2007,171.240472669948
italy_including_san_marino,2008,167.972720597883
italy_including_san_marino,2009,154.261989991307
italy_including_san_marino,2010,164.884293610429
italy_including_san_marino,2011,158.949338226942
italy_including_san_marino,2012,144.219519107559
italy_including_san_marino,2013,134.102127884251
italy_including_san_marino,2014,128.826407917643
italy_including_san_marino,2015,124.007686308459
italy_including_san_marino,2016,120.44864299543
italy_including_san_marino,2017,121.814930313946
italy_including_san_marino,2018,123.098783433837
italy_including_san_marino,2019,118.596059686357
italy_including_san_marino,2020,105.588149843095
italy_including_san_marino,2021,118.309705509844
jamaica,1990,2.03712301718949
jamaica,1991,2.03072733510532
jamaica,1992,1.94280744415246
jamaica,1993,2.13034017367635
jamaica,1994,2.07586558885361
jamaica,1995,2.37570243292327
jamaica,1996,1.98937363894239
jamaica,1997,2.16840934703211
jamaica,1998,2.71915888520825
jamaica,1999,2.64119571351647
jamaica,2000,1.80437986714498
jamaica,2001,1.957390495624
jamaica,2002,1.95697615994414
jamaica,2003,1.99822712581606
jamaica,2004,1.85330250365235
jamaica,2005,1.90266292899887
jamaica,2006,2.06497645397852
jamaica,2007,2.06312011252913
jamaica,2008,1.91670567733857
jamaica,2009,1.5036551528375
jamaica,2010,1.51941694368124
jamaica,2011,1.6064592235526
jamaica,2012,1.5357658194931
jamaica,2013,1.63909109663361
jamaica,2014,1.64949628107695
jamaica,2015,1.76177379700372
jamaica,2016,1.90906739994525
jamaica,2017,1.72078812450373
jamaica,2018,2.00533258128913
jamaica,2019,1.95536223304168
jamaica,2020,1.87946456326063
jamaica,2021,1.91088310645878
japan,1990,359.566068319668
japan,1991,364.636509690279
japan,1992,388.37619366793
japan,1993,380.518829983655
japan,1994,400.623349829448
japan,1995,409.22134956335
japan,1996,407.414955140471
japan,1997,400.750198168211
japan,1998,374.862337986882
japan,1999,399.903391815977
japan,2000,422.690981184333
japan,2001,412.654040314944
japan,2002,409.848839215655
japan,2003,416.758901262632
japan,2004,418.9866965188
japan,2005,421.174730498496
japan,2006,413.825745589335
japan,2007,416.052018187791
japan,2008,410.127914250805
japan,2009,380.978808163311
japan,2010,395.078990718322
japan,2011,417.076214162367
japan,2012,432.874108280436
japan,2013,418.499127153877
japan,2014,394.468582624355
japan,2015,371.256074186819
japan,2016,363.459591147703
japan,2017,357.631719046649
japan,2018,349.724413749497
japan,2019,341.405882628525
japan,2020,324.292555904986
japan,2021,334.310010104309
jordan,1990,4.41816421244333
jordan,1991,3.95540583458138
jordan,1992,4.66534020348423
jordan,1993,4.4821597009909
jordan,1994,4.90473991449368
jordan,1995,5.03681455850767
jordan,1996,4.09924895513236
jordan,1997,4.80495636143158
jordan,1998,4.94218254056769
jordan,1999,4.71754922479629
jordan,2000,4.83077539520517
jordan,2001,5.36327435653111
jordan,2002,5.60744691619357
jordan,2003,5.44346420739689
jordan,2004,5.99928493022915
jordan,2005,6.68112157768145
jordan,2006,6.65792277371452
jordan,2007,7.04950071097241
jordan,2008,7.80571239929485
jordan,2009,8.25721659136485
jordan,2010,7.4267646952933
jordan,2011,8.18495193274278
jordan,2012,9.36427000831143
jordan,2013,9.69745948977879
jordan,2014,9.75122332691567
jordan,2015,9.68475140858157
jordan,2016,8.72315396810957
jordan,2017,8.6830275557007
jordan,2018,8.60861920566414
jordan,2019,8.35179835877788
jordan,2020,7.59601057474288
jordan,2021,8.19854621998001
kazakhstan,1990,76.3385628873574
kazakhstan,1991,56.6069878656717
kazakhstan,1992,35.0306855672273
kazakhstan,1993,44.9681349136963
kazakhstan,1994,38.8029449818002
kazakhstan,1995,35.3822005328733
kazakhstan,1996,31.3271115000016
kazakhstan,1997,29.3360895477796
kazakhstan,1998,30.9280164406738
kazakhstan,1999,26.6676443749283
kazakhstan,2000,28.1234168991832
kazakhstan,2001,31.7762218426361
kazakhstan,2002,33.9717715143412
kazakhstan,2003,33.9926281061172
kazakhstan,2004,35.6079482423967
kazakhstan,2005,38.793226948224
kazakhstan,2006,44.2908775099859
kazakhstan,2007,47.5142155782563
kazakhstan,2008,43.3681325299155
kazakhstan,2009,41.9846581103525
kazakhstan,2010,37.9065627512278
kazakhstan,2011,34.4175953467767
kazakhstan,2012,35.2981506620149
kazakhstan,2013,42.0401495837816
kazakhstan,2014,42.4194727231964
kazakhstan,2015,53.4539452944094
kazakhstan,2016,48.9486899896362
kazakhstan,2017,51.2620181795588
kazakhstan,2018,46.9151265060694
kazakhstan,2019,44.1364311478221
kazakhstan,2020,46.9916178652172
kazakhstan,2021,44.7656724296535
kenya,1990,2.23215220823354
kenya,1991,1.99886737882565
kenya,1992,2.30271543469004
kenya,1993,2.38689485608569
kenya,1994,2.47959308928053
kenya,1995,2.82197451733412
kenya,1996,2.58726534630505
kenya,1997,2.55947334763661
kenya,1998,3.55046803070016
kenya,1999,3.05961904135452
kenya,2000,3.26267755083901
kenya,2001,3.30600975118062
kenya,2002,2.75865556734624
kenya,2003,2.5700938025161
kenya,2004,2.74138821301678
kenya,2005,3.17285623814911
kenya,2006,3.61412715322109
kenya,2007,3.88625601476182
kenya,2008,4.12692124783304
kenya,2009,4.69131891542414
kenya,2010,4.66189063894191
kenya,2011,5.31592001566839
kenya,2012,5.58721365279016
kenya,2013,6.39749707412873
kenya,2014,7.57966470019717
kenya,2015,7.55082936819235
kenya,2016,7.5216925159607
kenya,2017,7.19613124844658
kenya,2018,7.57150071520698
kenya,2019,7.8065862928064
kenya,2020,8.2088089255053
kenya,2021,9.1004503779711
kuwait,1990,10.6613303130821
kuwait,1991,6.16966959530432
kuwait,1992,9.18952826753109
kuwait,1993,13.1323133827778
kuwait,1994,14.788494377205
kuwait,1995,14.4702719481165
kuwait,1996,12.2508208594364
kuwait,1997,13.4336039307202
kuwait,1998,14.8363432123838
kuwait,1999,12.0537133596374
kuwait,2000,9.06067812719071
kuwait,2001,10.7567481643417
kuwait,2002,12.3575951068219
kuwait,2003,14.1586574865935
kuwait,2004,14.4947402255767
kuwait,2005,17.9231297530394
kuwait,2006,17.4406319219419
kuwait,2007,18.4902862160843
kuwait,2008,19.5101836998337
kuwait,2009,20.9437955354144
kuwait,2010,21.4419820862486
kuwait,2011,20.746439436334
kuwait,2012,21.7265652591674
kuwait,2013,20.9019714906179
kuwait,2014,20.6141531942762
kuwait,2015,26.3679034516185
kuwait,2016,29.267204008045
kuwait,2017,27.3004843097482
kuwait,2018,28.2004361266568
kuwait,2019,29.3337460797855
kuwait,2020,27.318015394065
kuwait,2021,28.4566926014878
kyrgyzstan,1990,5.40207499125808
kyrgyzstan,1991,4.76854265649875
kyrgyzstan,1992,4.89420919375407
kyrgyzstan,1993,3.62098692437634
kyrgyzstan,1994,2.92461219674722
kyrgyzstan,1995,2.94768193043282
kyrgyzstan,1996,2.40127438330609
kyrgyzstan,1997,1.45363081213511
kyrgyzstan,1998,2.95398042181892
kyrgyzstan,1999,1.58832685432127
kyrgyzstan,2000,1.68775854779893
kyrgyzstan,2001,1.28793176574093
kyrgyzstan,2002,1.53981779199301
kyrgyzstan,2003,1.42788197784012
kyrgyzstan,2004,1.81288145542405
kyrgyzstan,2005,2.01761627545706
kyrgyzstan,2006,2.36492813844746
kyrgyzstan,2007,2.62430381300051
kyrgyzstan,2008,4.44006636942587
kyrgyzstan,2009,3.57082691590756
kyrgyzstan,2010,3.10062125466443
kyrgyzstan,2011,3.51436041633328
kyrgyzstan,2012,4.93863975486025
kyrgyzstan,2013,4.66593126857664
kyrgyzstan,2014,4.88928119732713
kyrgyzstan,2015,4.39128606021536
kyrgyzstan,2016,4.65197018158643
kyrgyzstan,2017,4.53643280254183
kyrgyzstan,2018,5.38359452346269
kyrgyzstan,2019,4.72900960508605
kyrgyzstan,2020,4.40850003089935
kyrgyzstan,2021,4.914576811015
lao_people_s_democratic_republic,1990,0.219379186823259
lao_people_s_democratic_republic,1991,0.235904661389935
lao_people_s_democratic_republic,1992,0.251349606978489
lao_people_s_democratic_republic,1993,0.258454964801717
lao_people_s_democratic_republic,1994,0.284836080561412
lao_people_s_democratic_republic,1995,0.313501859324809
lao_people_s_democratic_republic,1996,0.329278782394472
lao_people_s_democratic_republic,1997,0.325706998566256
lao_people_s_democratic_republic,1998,0.341820568020519
lao_people_s_democratic_republic,1999,0.334131990691055
lao_people_s_democratic_republic,2000,0.672252821625538
lao_people_s_democratic_republic,2001,0.701409717635122
lao_people_s_democratic_republic,2002,0.728340582050059
lao_people_s_democratic_republic,2003,0.546865684329502
lao_people_s_democratic_republic,2004,0.643601026778134
lao_people_s_democratic_republic,2005,0.630488393706669
lao_people_s_democratic_republic,2006,0.825782058027417
lao_people_s_democratic_republic,2007,0.886373415897303
lao_people_s_democratic_republic,2008,1.05599389108759
lao_people_s_democratic_republic,2009,1.36289868404917
lao_people_s_democratic_republic,2010,0.616343355788748
lao_people_s_democratic_republic,2011,0.607629732120893
lao_people_s_democratic_republic,2012,0.712117704170221
lao_people_s_democratic_republic,2013,0.913331329959338
lao_people_s_democratic_republic,2014,0.961546214585742
lao_people_s_democratic_republic,2015,2.00405735792873
lao_people_s_democratic_republic,2016,3.47769031519912
lao_people_s_democratic_republic,2017,5.7815439268891
lao_people_s_democratic_republic,2018,5.96978514084921
lao_people_s_democratic_republic,2019,5.9343540937717
lao_people_s_democratic_republic,2020,6.01663540526582
lao_people_s_democratic_republic,2021,6.72472505185797
latvia,1990,5.88541646293348
latvia,1991,5.41902040015977
latvia,1992,5.02095784015472
latvia,1993,3.99383950666545
latvia,1994,3.75257663952515
latvia,1995,3.46463540547905
latvia,1996,3.89113734782952
latvia,1997,3.72707639265048
latvia,1998,3.66880447840345
latvia,1999,3.36480932883488
latvia,2000,4.01071939951049
latvia,2001,3.74347419008418
latvia,2002,3.70298400649026
latvia,2003,3.98400497887823
latvia,2004,3.8057662435968
latvia,2005,3.66137953584044
latvia,2006,4.15219937654882
latvia,2007,4.84131527025422
latvia,2008,4.43047068066825
latvia,2009,3.28113115557268
latvia,2010,3.64590197480627
latvia,2011,3.67661829345478
latvia,2012,3.6333757274325
latvia,2013,3.47784605125993
latvia,2014,3.24081134133491
latvia,2015,3.26683671332813
latvia,2016,3.28248188842062
latvia,2017,3.89397129824759
latvia,2018,4.3882514375818
latvia,2019,4.19187737260088
latvia,2020,3.75996669172653
latvia,2021,4.17772529548093
lithuania,1990,11.7961430333755
lithuania,1991,12.517558336721
lithuania,1992,14.3260572394098
lithuania,1993,8.84620377943389
lithuania,1994,7.83120129670815
lithuania,1995,7.6398361856034
lithuania,1996,6.20537888318008
lithuania,1997,5.91904121644238
lithuania,1998,6.06354686488421
lithuania,1999,5.42201580285214
lithuania,2000,5.51259410249998
lithuania,2001,5.48994977577098
lithuania,2002,5.28296971049565
lithuania,2003,6.17614220428391
lithuania,2004,5.89182124536766
lithuania,2005,5.85536174183797
lithuania,2006,6.32521639141726
lithuania,2007,6.6571254441146
lithuania,2008,6.15859309362407
lithuania,2009,5.79376541870633
lithuania,2010,5.63908053041864
lithuania,2011,6.44303738569435
lithuania,2012,5.79857905195932
lithuania,2013,5.75727319071977
lithuania,2014,5.800363559972
lithuania,2015,5.57196457046839
lithuania,2016,5.83722163943845
lithuania,2017,6.07293861845167
lithuania,2018,6.26730933361308
lithuania,2019,5.94464076135715
lithuania,2020,5.47156528285741
lithuania,2021,6.06933404030898
luxembourg,1990,3.22475524431989
luxembourg,1991,3.39381150828269
luxembourg,1992,3.33036964296809
luxembourg,1993,3.37115386384491
luxembourg,1994,3.15034139493883
luxembourg,1995,2.49888879786258
luxembourg,1996,2.5129395612456
luxembourg,1997,2.33730718462887
luxembourg,1998,2.09150037137992
luxembourg,1999,2.36157776036424
luxembourg,2000,2.28567347864406
luxembourg,2001,2.34905501827965
luxembourg,2002,2.67970935592923
luxembourg,2003,3.14660672189367
luxembourg,2004,3.58156304991117
luxembourg,2005,3.93496606130336
luxembourg,2006,4.06332940889081
luxembourg,2007,3.24327646067075
luxembourg,2008,4.32823205652314
luxembourg,2009,2.57086403647768
luxembourg,2010,2.9420495239862
luxembourg,2011,3.32358648060882
luxembourg,2012,3.28370274227014
luxembourg,2013,3.168222586832
luxembourg,2014,3.09249630758099
luxembourg,2015,3.00297375875683
luxembourg,2016,2.68249886953333
luxembourg,2017,2.65262486917904
luxembourg,2018,2.61848867497768
luxembourg,2019,2.54399623424956
luxembourg,2020,2.18466094085902
luxembourg,2021,2.39506209174322
madagascar,1990,0.38255869499569
madagascar,1991,0.39946387650985
madagascar,1992,0.400231882715085
madagascar,1993,0.419433129537266
madagascar,1994,0.452198657980777
madagascar,1995,0.46347175301569
madagascar,1996,0.389348202121605
madagascar,1997,0.488384816532941
madagascar,1998,0.603911481645033
madagascar,1999,0.691279286933117
madagascar,2000,0.740133890547698
madagascar,2001,0.714324468683193
madagascar,2002,0.544953258887829
madagascar,2003,0.773536088832815
madagascar,2004,0.773730892480949
madagascar,2005,0.797524349804053
madagascar,2006,0.747186643815131
madagascar,2007,0.792526292162088
madagascar,2008,1.1465695875652
madagascar,2009,0.958062760441031
madagascar,2010,0.874989811431187
madagascar,2011,1.03084128542989
madagascar,2012,1.10979239440283
madagascar,2013,1.29730896969675
madagascar,2014,1.35459986044205
madagascar,2015,1.32481701023328
madagascar,2016,1.30873468362325
madagascar,2017,1.55453892793423
madagascar,2018,1.39806319448792
madagascar,2019,1.52157785725741
madagascar,2020,1.47813900525062
madagascar,2021,1.61852659362804
malawi,1990,0.419056228022416
malawi,1991,0.422055977279769
malawi,1992,0.416767143659133
malawi,1993,0.4615541533269
malawi,1994,0.469000750046948
malawi,1995,0.485151566318474
malawi,1996,0.554365877305525
malawi,1997,0.543317926103472
malawi,1998,0.529186709301202
malawi,1999,0.516392771279024
malawi,2000,0.221801361907492
malawi,2001,0.197131886084828
malawi,2002,0.228206008799598
malawi,2003,0.268774009722135
malawi,2004,0.2286797330395
malawi,2005,0.214588617305032
malawi,2006,0.238985027593376
malawi,2007,0.23056765878753
malawi,2008,0.254119435272628
malawi,2009,0.246998498335604
malawi,2010,0.247142955998323
malawi,2011,0.268186880697111
malawi,2012,0.29231462592429
malawi,2013,0.279812092937134
malawi,2014,0.259057290987295
malawi,2015,0.270106427971685
malawi,2016,0.33768401320648
malawi,2017,0.311004181500072
malawi,2018,0.723365665460861
malawi,2019,0.708740979266682
malawi,2020,0.788757428831921
malawi,2021,0.881413865439121
malaysia,1990,18.0285220106895
malaysia,1991,19.8940436801746
malaysia,1992,22.2482076654773
malaysia,1993,23.8111355128536
malaysia,1994,23.8528480379796
malaysia,1995,27.0151376974449
malaysia,1996,27.5185136086564
malaysia,1997,30.748806343133
malaysia,1998,21.6477725704615
malaysia,1999,25.5268148307749
malaysia,2000,30.8122597821574
malaysia,2001,32.3406784709725
malaysia,2002,33.8986393675267
malaysia,2003,34.5848567591522
malaysia,2004,36.7350565206329
malaysia,2005,37.4864967073441
malaysia,2006,37.8441021891877
malaysia,2007,40.4278166917977
malaysia,2008,44.8180816763946
malaysia,2009,42.9620061641229
malaysia,2010,48.6522738193115
malaysia,2011,51.9763968598763
malaysia,2012,57.3839878253891
malaysia,2013,65.3056483971622
malaysia,2014,65.3072433208424
malaysia,2015,62.1904045258219
malaysia,2016,61.1178255785545
malaysia,2017,62.0184884184585
malaysia,2018,67.5154813786644
malaysia,2019,68.1115647465188
malaysia,2020,68.3845440103254
malaysia,2021,70.9597243605406
malta,1990,0.926729292262087
malta,1991,0.887031507625624
malta,1992,0.947546647883679
malta,1993,1.01874824095038
malta,1994,1.00388868202227
malta,1995,1.01711378415462
malta,1996,1.05254204550887
malta,1997,0.990170820960474
malta,1998,1.29990559685534
malta,1999,1.14545847968072
malta,2000,1.25738848315817
malta,2001,1.31513361312295
malta,2002,1.38222270870352
malta,2003,1.2173827706902
malta,2004,1.17465208723641
malta,2005,0.899688398733135
malta,2006,1.05253809862605
malta,2007,1.2923985367959
malta,2008,1.61466979523914
malta,2009,1.2664324450172
malta,2010,1.61208072613715
malta,2011,2.22314470726076
malta,2012,2.17029470002286
malta,2013,1.77110184031896
malta,2014,2.07739162632802
malta,2015,2.30003514901316
malta,2016,2.50412572802595
malta,2017,2.39143405168752
malta,2018,2.8195454315914
malta,2019,2.67415833097916
malta,2020,2.3036892906668
malta,2021,2.79389892949907
mauritius,1990,0.733992445177401
mauritius,1991,0.768032777354309
mauritius,1992,0.850328963161788
mauritius,1993,0.869385935311308
mauritius,1994,0.866935073965012
mauritius,1995,0.939172274877867
mauritius,1996,1.08661775181913
mauritius,1997,1.08098601941272
mauritius,1998,1.02074126431185
mauritius,1999,1.04246415929135
mauritius,2000,1.26073385358404
mauritius,2001,1.20472869762453
mauritius,2002,1.22637976862589
mauritius,2003,1.28156205243133
mauritius,2004,1.38491724207391
mauritius,2005,1.21594455615557
mauritius,2006,1.31847149769562
mauritius,2007,1.29714447902919
mauritius,2008,1.45380378470565
mauritius,2009,1.32743396865753
mauritius,2010,1.33426924786767
mauritius,2011,1.36045173015758
mauritius,2012,1.38305039487665
mauritius,2013,1.39635904517025
mauritius,2014,1.46039718361174
mauritius,2015,1.37472748760065
mauritius,2016,1.44105025809592
mauritius,2017,1.53921750389215
mauritius,2018,1.55739830665032
mauritius,2019,1.57614590999925
mauritius,2020,1.44181490028342
mauritius,2021,1.57131871698511
mexico,1990,87.723514321344
mexico,1991,92.4460613110352
mexico,1992,94.5230805787615
mexico,1993,96.191213058981
mexico,1994,99.5227283961304
mexico,1995,88.0769536273463
mexico,1996,92.4595482786972
mexico,1997,102.350888333783
mexico,1998,108.872049872441
mexico,1999,111.314988743594
mexico,2000,120.010538971785
mexico,2001,122.48061737655
mexico,2002,123.593170159003
mexico,2003,123.233340934918
mexico,2004,128.32151716319
mexico,2005,133.82438244284
mexico,2006,137.744558892101
mexico,2007,135.850937681078
mexico,2008,137.873069093368
mexico,2009,132.615512454426
mexico,2010,135.184960567573
mexico,2011,146.740538315704
mexico,2012,149.687900846223
mexico,2013,152.021232332707
mexico,2014,149.709050238794
mexico,2015,147.186686882458
mexico,2016,144.315489772501
mexico,2017,141.000930623017
mexico,2018,142.608386063967
mexico,2019,140.432407120524
mexico,2020,127.88893877748
mexico,2021,138.165042912176
mongolia,1990,2.43290463622354
mongolia,1991,2.38803362278854
mongolia,1992,2.50569151605716
mongolia,1993,1.65330176367616
mongolia,1994,1.59279907508101
mongolia,1995,1.62307514086075
mongolia,1996,2.04270413343343
mongolia,1997,1.65821880032831
mongolia,1998,1.74630544912924
mongolia,1999,1.80659182297491
mongolia,2000,1.9242068724747
mongolia,2001,2.0446144168588
mongolia,2002,2.12653900417652
mongolia,2003,2.26239286492842
mongolia,2004,2.32045342760411
mongolia,2005,2.38130309118433
mongolia,2006,2.61360757496462
mongolia,2007,3.34506730972267
mongolia,2008,3.57127387996104
mongolia,2009,3.67076804892109
mongolia,2010,4.00588196585108
mongolia,2011,6.35952087886443
mongolia,2012,10.0112527431016
mongolia,2013,11.8637965515936
mongolia,2014,7.96383488128865
mongolia,2015,6.41641431236396
mongolia,2016,6.49629629183656
mongolia,2017,8.31199124140391
mongolia,2018,11.1874927955429
mongolia,2019,11.4670819967131
mongolia,2020,9.16260564479776
mongolia,2021,9.61445673859706
morocco,1990,8.33264785632524
morocco,1991,8.41999275608068
morocco,1992,9.79248558581531
morocco,1993,9.59118106483305
morocco,1994,9.76048368931435
morocco,1995,9.9806423571075
morocco,1996,9.16193662069767
morocco,1997,8.80965463917994
morocco,1998,9.54325164335987
morocco,1999,10.426017272205
morocco,2000,10.488563482462
morocco,2001,11.3030114266424
morocco,2002,11.7858967133751
morocco,2003,10.8331474780973
morocco,2004,12.4479306031416
morocco,2005,12.8793769578111
morocco,2006,13.5213604650603
morocco,2007,14.8134438875675
morocco,2008,16.361339554322
morocco,2009,15.6003973896619
morocco,2010,16.1826169252542
morocco,2011,17.1885819393076
morocco,2012,17.4874472118085
morocco,2013,17.3489867015991
morocco,2014,17.303975032533
morocco,2015,17.3827837867883
morocco,2016,17.9283122322198
morocco,2017,18.1960855841678
morocco,2018,18.610367456382
morocco,2019,19.7447275669028
morocco,2020,18.4033966378644
morocco,2021,20.7643694548311
mozambique,1990,1.09680011909525
mozambique,1991,1.01677289540615
mozambique,1992,0.97305203683342
mozambique,1993,1.06806022303284
mozambique,1994,1.07581088249863
mozambique,1995,1.15274593973555
mozambique,1996,0.78173503301932
mozambique,1997,0.513193751058416
mozambique,1998,0.757382190418445
mozambique,1999,1.07663677327558
mozambique,2000,1.18670196140689
mozambique,2001,1.3220830664558
mozambique,2002,1.28441430478966
mozambique,2003,1.40343500513025
mozambique,2004,1.40632548650874
mozambique,2005,1.51861993892512
mozambique,2006,1.64028713116325
mozambique,2007,1.94626416206971
mozambique,2008,2.25591626328552
mozambique,2009,2.34951502352857
mozambique,2010,2.25249584253574
mozambique,2011,2.95897760313785
mozambique,2012,2.68524945703848
mozambique,2013,3.67663389608925
mozambique,2014,4.97075166790213
mozambique,2015,4.19383260488545
mozambique,2016,4.38445907646489
mozambique,2017,3.49269835062681
mozambique,2018,3.5021379120418
mozambique,2019,3.69496801994048
mozambique,2020,3.4305617882226
mozambique,2021,3.84524709484935
namibia,1990,0
namibia,1991,0.288
namibia,1992,0.314
namibia,1993,0.379
namibia,1994,0.429
namibia,1995,0.442
namibia,1996,0.47
namibia,1997,0.483
namibia,1998,0.496
namibia,1999,0.454
namibia,2000,0.427989370670255
namibia,2001,0.546603768621667
namibia,2002,0.440010107933829
namibia,2003,0.460024307895359
namibia,2004,0.522248266379441
namibia,2005,0.609670960460113
namibia,2006,0.593751156389209
namibia,2007,0.688243398774545
namibia,2008,0.882473965105068
namibia,2009,0.807681737951258
namibia,2010,1.94662914669412
namibia,2011,1.92083060952966
namibia,2012,2.4843176448329
namibia,2013,2.51039832197408
namibia,2014,3.14050413195838
namibia,2015,3.01835220685223
namibia,2016,3.06165935863848
namibia,2017,2.55768397673066
namibia,2018,2.40403087060412
namibia,2019,2.4577655760248
namibia,2020,2.3091091345428
namibia,2021,2.50583062879704
nepal,1990,0.315085548888231
nepal,1991,0.416006596781418
nepal,1992,0.472002104137619
nepal,1993,0.521913008340028
nepal,1994,0.581711989154316
nepal,1995,0.761316794507438
nepal,1996,0.769166950767876
nepal,1997,0.835826935311871
nepal,1998,1.12117913233439
nepal,1999,1.70496339622385
nepal,2000,0.735412421685905
nepal,2001,1.08598827745143
nepal,2002,1.00146658583433
nepal,2003,0.694478089368701
nepal,2004,1.17543539259251
nepal,2005,1.25733458049278
nepal,2006,1.17812119268873
nepal,2007,1.30683081879951
nepal,2008,1.67574502233654
nepal,2009,1.00276808737524
nepal,2010,1.20958298698415
nepal,2011,1.31786900111037
nepal,2012,1.38341915432834
nepal,2013,1.61038293750777
nepal,2014,1.89733056732456
nepal,2015,1.72720725526096
nepal,2016,2.57519542590847
nepal,2017,3.173930010344
nepal,2018,7.35463439420207
nepal,2019,6.89843458463581
nepal,2020,7.05379425883745
nepal,2021,8.03646108043992
netherlands,1990,55.1576219668227
netherlands,1991,57.2695710939638
netherlands,1992,64.9742922675305
netherlands,1993,59.8756420115882
netherlands,1994,58.8883571481864
netherlands,1995,59.8282594136651
netherlands,1996,59.1933159123849
netherlands,1997,57.678191059925
netherlands,1998,59.0787302173224
netherlands,1999,40.1182914741082
netherlands,2000,35.5041664864643
netherlands,2001,34.7595085994837
netherlands,2002,35.957577487997
netherlands,2003,49.8800364379583
netherlands,2004,52.0037555655536
netherlands,2005,59.0162584329846
netherlands,2006,63.013715201365
netherlands,2007,54.3977030541289
netherlands,2008,60.485766940561
netherlands,2009,52.9227630219731
netherlands,2010,60.7036395889272
netherlands,2011,57.7377077832327
netherlands,2012,51.6775983819405
netherlands,2013,51.7006180554773
netherlands,2014,46.5940505272021
netherlands,2015,46.1908239208775
netherlands,2016,46.27593313753
netherlands,2017,46.085612555936
netherlands,2018,46.3288917285089
netherlands,2019,45.6787404578757
netherlands,2020,41.4375080741714
netherlands,2021,44.8114914471002
new_zealand,1990,7.3397224665681
new_zealand,1991,7.37578661289511
new_zealand,1992,7.73425887718111
new_zealand,1993,7.7390884997967
new_zealand,1994,7.94371428945211
new_zealand,1995,8.2778291847
new_zealand,1996,8.74720030466303
new_zealand,1997,9.23436667212117
new_zealand,1998,8.60007105434422
new_zealand,1999,9.32734972471366
new_zealand,2000,8.75398871750211
new_zealand,2001,9.16811342157627
new_zealand,2002,9.36630542869541
new_zealand,2003,10.286374343165
new_zealand,2004,10.6395217717154
new_zealand,2005,11.3921486902025
new_zealand,2006,10.8719056327436
new_zealand,2007,10.9441747785534
new_zealand,2008,11.0444315133085
new_zealand,2009,9.71770474156569
new_zealand,2010,9.91041157353704
new_zealand,2011,10.0496923582511
new_zealand,2012,10.5888774553199
new_zealand,2013,10.7354317311099
new_zealand,2014,10.6662994815
new_zealand,2015,10.5530650579896
new_zealand,2016,10.4027808636112
new_zealand,2017,10.4983212909769
new_zealand,2018,10.6253933911374
new_zealand,2019,10.7721072091335
new_zealand,2020,10.6315139941094
new_zealand,2021,11.1556950098436
nicaragua,1990,0.733703764452394
nicaragua,1991,0.72358740780356
nicaragua,1992,0.867538386593623
nicaragua,1993,0.825448529485748
nicaragua,1994,0.881921053405367
nicaragua,1995,0.9374130577007
nicaragua,1996,0.935488102239637
nicaragua,1997,1.03269783446406
nicaragua,1998,1.14841831296481
nicaragua,1999,1.22763568302043
nicaragua,2000,1.20847906460808
nicaragua,2001,1.2525051903121
nicaragua,2002,1.24648743642926
nicaragua,2003,1.36730102445827
nicaragua,2004,1.41084571683107
nicaragua,2005,1.40633951638908
nicaragua,2006,1.54967216134324
nicaragua,2007,1.67602216387803
nicaragua,2008,1.54371702117151
nicaragua,2009,1.50990546410013
nicaragua,2010,1.46337326610778
nicaragua,2011,1.49933933798309
nicaragua,2012,1.55746781847184
nicaragua,2013,1.57521700835104
nicaragua,2014,1.75810657043288
nicaragua,2015,2.02563546714685
nicaragua,2016,2.02953455289971
nicaragua,2017,1.9807292140142
nicaragua,2018,1.87983279471872
nicaragua,2019,1.8290531974502
nicaragua,2020,1.631844287903
nicaragua,2021,1.84497974746431
nigeria,1990,10.3368648834312
nigeria,1991,10.8854389086073
nigeria,1992,11.9824157105158
nigeria,1993,11.9580289668438
nigeria,1994,21.4032751687856
nigeria,1995,20.9634593834322
nigeria,1996,24.2294987876779
nigeria,1997,24.5404770550233
nigeria,1998,23.5249181190022
nigeria,1999,17.2615596566526
nigeria,2000,13.4964228532869
nigeria,2001,19.3815363917132
nigeria,2002,19.4477587675621
nigeria,2003,22.6775541189229
nigeria,2004,23.2558427325674
nigeria,2005,25.704885620692
nigeria,2006,20.2369215518272
nigeria,2007,22.4514223282703
nigeria,2008,24.623564387207
nigeria,2009,23.5814737375258
nigeria,2010,27.24840539981
nigeria,2011,27.7962009551964
nigeria,2012,20.7873563325789
nigeria,2013,30.6776113492727
nigeria,2014,32.0754679165057
nigeria,2015,31.8931521222069
nigeria,2016,32.3236239922322
nigeria,2017,29.7057343456751
nigeria,2018,27.6230429177416
nigeria,2019,32.5837674762186
nigeria,2020,34.7868679881378
nigeria,2021,35.975125305385
norway,2003,11.5378266386082
norway,2004,12.2704872573963
norway,2005,12.0460767819089
norway,2006,13.5795971021922
norway,2007,14.9836408534612
norway,2008,13.9050050956377
norway,2009,14.0464542427282
norway,2010,15.117324680872
norway,2011,13.9700871566639
norway,2012,13.1612252410128
norway,2013,13.341835638468
norway,2014,13.2319087566267
norway,2015,13.7665280945886
norway,2016,13.4786064527816
norway,2017,13.687882764441
norway,2018,13.5420348127144
norway,2019,13.3768171492722
norway,2020,12.8290934201525
norway,2021,12.1814054690226
oman,1990,3.4270974343257
oman,1991,3.65871069935519
oman,1992,3.7471390972039
oman,1993,4.19638785943565
oman,1994,5.19876223226249
oman,1995,5.45601051273508
oman,1996,5.24700526703272
oman,1997,5.2595729553167
oman,1998,5.51733762528224
oman,1999,5.23466202475745
oman,2000,5.66083880390441
oman,2001,5.90658448963836
oman,2002,6.35313521316705
oman,2003,9.30521924761614
oman,2004,7.25420479362917
oman,2005,7.22691550738898
oman,2006,9.6606725532407
oman,2007,11.1090554172709
oman,2008,12.0933086249741
oman,2009,12.0117088137007
oman,2010,12.4034061362075
oman,2011,13.3175801171966
oman,2012,14.7488682235703
oman,2013,15.541022018169
oman,2014,16.3187539963086
oman,2015,17.77328630381
oman,2016,18.4735211504558
oman,2017,19.186700632539
oman,2018,17.9503585668523
oman,2019,16.7750617359926
oman,2020,17.8334566949722
oman,2021,18.9648183838726
pakistan,1990,19.749577003504
pakistan,1991,19.2663267558765
pakistan,1992,21.1702391901545
pakistan,1993,22.4795924126077
pakistan,1994,24.2972315062784
pakistan,1995,24.2228862219506
pakistan,1996,27.0307596388729
pakistan,1997,26.6929404509536
pakistan,1998,26.4899783631691
pakistan,1999,29.2155654738494
pakistan,2000,29.6843089124509
pakistan,2001,30.1481220308252
pakistan,2002,33.0980805964274
pakistan,2003,32.8302624860394
pakistan,2004,38.5933123960864
pakistan,2005,40.0920188744339
pakistan,2006,42.8255111378794
pakistan,2007,45.8437006470232
pakistan,2008,45.7680643375876
pakistan,2009,45.601515654831
pakistan,2010,45.2427144204094
pakistan,2011,46.0244730942812
pakistan,2012,46.714190982049
pakistan,2013,45.0650288635075
pakistan,2014,47.2401407303025
pakistan,2015,51.4510704004266
pakistan,2016,60.1528407337035
pakistan,2017,65.7008486088268
pakistan,2018,62.1683351927269
pakistan,2019,61.9413088489131
pakistan,2020,59.9331217821653
pakistan,2021,67.1836298603377
panama,1990,0.807625878990936
panama,1991,0.838856842979052
panama,1992,0.981177752214915
panama,1993,0.947654338890081
panama,1994,0.990354243947997
panama,1995,0.97615478557974
panama,1996,1.14350223903413
panama,1997,1.17839531187503
panama,1998,1.47359488154499
panama,1999,1.585469309532
panama,2000,1.31458074602912
panama,2001,1.41358866847463
panama,2002,1.31543031901015
panama,2003,-0.103603003784619
panama,2004,-0.0811645003058413
panama,2005,-0.478581016468745
panama,2006,-0.0737957478004792
panama,2007,0.154002048830351
panama,2008,0.0247182737362399
panama,2009,0.325720119127824
panama,2010,0.3144032941099
panama,2011,0.00557630411788678
panama,2012,-0.586989139684917
panama,2013,-0.328193448063607
panama,2014,0.0596899986028275
panama,2015,0.381099819334966
panama,2016,0.604274466332162
panama,2017,4.88873529031675
panama,2018,4.67468534763488
panama,2019,4.76044823689471
panama,2020,4.35530789616422
panama,2021,4.27379176280646
paraguay,1990,1.02996913249252
paraguay,1991,1.04310827053918
paraguay,1992,1.18801538545688
paraguay,1993,1.23061477366161
paraguay,1994,1.3902313398387
paraguay,1995,1.52684787313524
paraguay,1996,1.4367885512023
paraguay,1997,1.59216406865791
paraguay,1998,1.56046104671135
paraguay,1999,1.59803809374056
paraguay,2000,1.48315300234197
paraguay,2001,1.49312966280747
paraguay,2002,1.43635769829787
paraguay,2003,1.55502912473793
paraguay,2004,1.61814291473148
paraguay,2005,1.57704253408662
paraguay,2006,1.62766957112305
paraguay,2007,1.85472381282257
paraguay,2008,2.22904993939682
paraguay,2009,1.93880318957122
paraguay,2010,2.38252137314569
paraguay,2011,2.71606948158267
paraguay,2012,2.54682674503819
paraguay,2013,2.68579768155048
paraguay,2014,2.75386308019741
paraguay,2015,2.70962934103294
paraguay,2016,2.90828784529479
paraguay,2017,3.26277243747297
paraguay,2018,3.45498956854033
paraguay,2019,3.42863418104001
paraguay,2020,3.19277718147995
paraguay,2021,3.90576179833659
peru,1990,6.51997188609612
peru,1991,6.46392186377436
peru,1992,6.57773040735719
peru,1993,7.24937160614427
peru,1994,7.40660522546978
peru,1995,7.7738003883377
peru,1996,7.61465018195603
peru,1997,8.51526032191102
peru,1998,8.75760705497405
peru,1999,9.10906118931445
peru,2000,8.57820245409515
peru,2001,7.88478607928649
peru,2002,8.17836369946114
peru,2003,7.76268342357248
peru,2004,8.45493984439756
peru,2005,8.99087571145984
peru,2006,8.82898024044067
peru,2007,10.8046476199455
peru,2008,12.5223609451304
peru,2009,12.5097921704124
peru,2010,14.381943533302
peru,2011,14.9688114830735
peru,2012,15.8656323633446
peru,2013,15.6997937137586
peru,2014,16.8547483617946
peru,2015,16.8625326283006
peru,2016,17.0144747802934
peru,2017,17.3661459802338
peru,2018,17.796372061376
peru,2019,18.3906190541929
peru,2020,15.5745330076771
peru,2021,17.7035625552914
philippines,1990,17.1320579366996
philippines,1991,17.1902663665795
philippines,1992,20.9475622080956
philippines,1993,19.7546775692877
philippines,1994,20.5699882353357
philippines,1995,22.0567054460937
philippines,1996,21.8763046978238
philippines,1997,24.1811683671889
philippines,1998,21.8916976293712
philippines,1999,23.4477119891946
philippines,2000,24.8297920211754
philippines,2001,24.7733257523342
philippines,2002,24.5908546094435
philippines,2003,24.9789047826515
philippines,2004,25.7156409501452
philippines,2005,25.7204619602865
philippines,2006,22.8750215031869
philippines,2007,24.6894367110107
philippines,2008,27.278041809575
philippines,2009,25.5277565936994
philippines,2010,27.9160609302949
philippines,2011,29.8849228820507
philippines,2012,32.3266037458116
philippines,2013,35.2374688517234
philippines,2014,37.0632094599296
philippines,2015,39.2515660010355
philippines,2016,42.4720125639695
philippines,2017,45.7442620341507
philippines,2018,47.8812228291764
philippines,2019,48.3891659828534
philippines,2020,45.5390927665408
philippines,2021,49.910049308853
plurinational_state_of_bolivia,1990,2.35866235974641
plurinational_state_of_bolivia,1991,2.49803132637512
plurinational_state_of_bolivia,1992,2.68644854468045
plurinational_state_of_bolivia,1993,2.82444261862719
plurinational_state_of_bolivia,1994,2.33707930305912
plurinational_state_of_bolivia,1995,2.20150632784443
plurinational_state_of_bolivia,1996,2.43922557713686
plurinational_state_of_bolivia,1997,2.98586143894369
plurinational_state_of_bolivia,1998,2.97261672188627
plurinational_state_of_bolivia,1999,3.11375643581488
plurinational_state_of_bolivia,2000,2.37142039596196
plurinational_state_of_bolivia,2001,2.42071126350293
plurinational_state_of_bolivia,2002,2.94529941200332
plurinational_state_of_bolivia,2003,2.78101715208869
plurinational_state_of_bolivia,2004,2.70595323502706
plurinational_state_of_bolivia,2005,2.91198445101777
plurinational_state_of_bolivia,2006,2.99648358816247
plurinational_state_of_bolivia,2007,3.13110141783197
plurinational_state_of_bolivia,2008,3.29713721827933
plurinational_state_of_bolivia,2009,3.42967293756194
plurinational_state_of_bolivia,2010,3.56163519078294
plurinational_state_of_bolivia,2011,3.97464275464162
plurinational_state_of_bolivia,2012,4.43420313506099
plurinational_state_of_bolivia,2013,4.68191036628734
plurinational_state_of_bolivia,2014,5.35221004090873
plurinational_state_of_bolivia,2015,5.56056557871769
plurinational_state_of_bolivia,2016,5.90889435703915
plurinational_state_of_bolivia,2017,6.15006051734366
plurinational_state_of_bolivia,2018,6.17280457984779
plurinational_state_of_bolivia,2019,6.24203241259926
plurinational_state_of_bolivia,2020,5.31778685743192
plurinational_state_of_bolivia,2021,6.07025797769959
poland,1990,88.0340854177983
poland,1991,91.9908842749162
poland,1992,94.8444671721317
poland,1993,92.0094991443962
poland,1994,88.4444447255843
poland,1995,87.7116664871018
poland,1996,89.8359320132057
poland,1997,87.9347691639726
poland,1998,80.9873165013351
poland,1999,84.3594353647114
poland,2000,81.8790968308613
poland,2001,80.6289114101652
poland,2002,77.7393793423907
poland,2003,77.7049628075876
poland,2004,79.3455073683228
poland,2005,78.996323268365
poland,2006,86.5857522985367
poland,2007,88.7325863903874
poland,2008,89.83411740227
poland,2009,84.6960680409668
poland,2010,89.9978226242956
poland,2011,88.8496456557015
poland,2012,88.588641714009
poland,2013,84.9136743524894
poland,2014,82.2950087669756
poland,2015,84.892127796975
poland,2016,84.3644215255228
poland,2017,87.9174091599454
poland,2018,90.5960021305152
poland,2019,85.275263879158
poland,2020,79.3020586637314
poland,2021,86.6689528442773
portugal,1990,14.1741977428453
portugal,1991,14.7984945597058
portugal,1992,16.3917576570745
portugal,1993,15.9559823242174
portugal,1994,16.2061919195624
portugal,1995,17.3485376688892
portugal,1996,16.5879698832293
portugal,1997,19.3205322398814
portugal,1998,22.0908714332136
portugal,1999,26.7324800452084
portugal,2000,30.2718947391324
portugal,2001,30.9442364053285
portugal,2002,31.1175727083832
portugal,2003,30.5939300874158
portugal,2004,30.23969805135
portugal,2005,35.1077628493532
portugal,2006,31.3011589885937
portugal,2007,31.5253706338169
portugal,2008,31.390864380739
portugal,2009,26.0585032496131
portugal,2010,26.1563953222358
portugal,2011,17.1930402102782
portugal,2012,14.1858947177134
portugal,2013,13.5828607945511
portugal,2014,13.3475733178484
portugal,2015,14.1677594517025
portugal,2016,14.8790124265542
portugal,2017,15.8727177823004
portugal,2018,15.2435950317728
portugal,2019,14.2847614445152
portugal,2020,13.0073906019263
portugal,2021,13.3924460997146
qatar,1990,2.91614864455558
qatar,1991,4.30761202926473
qatar,1992,6.26607263100059
qatar,1993,7.2964522879787
qatar,1994,7.72861149657443
qatar,1995,8.01393977466035
qatar,1996,8.3252259109188
qatar,1997,9.53405179372495
qatar,1998,8.62600105484129
qatar,1999,4.94866301400714
qatar,2000,4.70368095854569
qatar,2001,5.66798541121123
qatar,2002,6.49323248387021
qatar,2003,6.35852220377941
qatar,2004,6.2768964096408
qatar,2005,7.27621192677346
qatar,2006,8.61006583978567
qatar,2007,10.1220287889434
qatar,2008,10.5450387398312
qatar,2009,12.8531446233082
qatar,2010,12.0245905090156
qatar,2011,9.46986418067554
qatar,2012,12.1586415959993
qatar,2013,12.7681469084455
qatar,2014,15.5062171238005
qatar,2015,18.4558937364946
qatar,2016,19.5524521095971
qatar,2017,19.9116137854006
qatar,2018,18.7005605037022
qatar,2019,20.2024860047887
qatar,2020,20.8409243616523
qatar,2021,19.5937750165453
republic_of_cameroon,1990,0.83383306773557
republic_of_cameroon,1991,0.84758496722233
republic_of_cameroon,1992,0.89693593433881
republic_of_cameroon,1993,0.943162156444109
republic_of_cameroon,1994,1.40427933654365
republic_of_cameroon,1995,1.53257066453144
republic_of_cameroon,1996,1.66797476529697
republic_of_cameroon,1997,1.65337173508268
republic_of_cameroon,1998,1.66166611847174
republic_of_cameroon,1999,1.40408228461727
republic_of_cameroon,2000,1.68807251388761
republic_of_cameroon,2001,1.87814932299911
republic_of_cameroon,2002,2.0759036224429
republic_of_cameroon,2003,1.75734650486249
republic_of_cameroon,2004,1.68282803868138
republic_of_cameroon,2005,1.71064945952316
republic_of_cameroon,2006,1.70371836207493
republic_of_cameroon,2007,2.03387422883896
republic_of_cameroon,2008,2.11614879796778
republic_of_cameroon,2009,2.64882042232488
republic_of_cameroon,2010,2.62409011956073
republic_of_cameroon,2011,2.53722233457658
republic_of_cameroon,2012,2.68908408440878
republic_of_cameroon,2013,2.62566585908566
republic_of_cameroon,2014,2.89245585677933
republic_of_cameroon,2015,3.03955086945909
republic_of_cameroon,2016,3.14548747601612
republic_of_cameroon,2017,3.0622255118171
republic_of_cameroon,2018,2.84178784301232
republic_of_cameroon,2019,2.77876793293801
republic_of_cameroon,2020,2.87854755481236
republic_of_cameroon,2021,3.03204122934214
republic_of_korea,1990,87.4984467338962
republic_of_korea,1991,93.347866498101
republic_of_korea,1992,107.86153940258
republic_of_korea,1993,110.195232139825
republic_of_korea,1994,116.156905804034
republic_of_korea,1995,123.261170479832
republic_of_korea,1996,133.959917601872
republic_of_korea,1997,135.885980099822
republic_of_korea,1998,98.4609016495619
republic_of_korea,1999,119.049511190252
republic_of_korea,2000,132.429608142804
republic_of_korea,2001,132.427088633515
republic_of_korea,2002,143.177735235187
republic_of_korea,2003,148.04901907346
republic_of_korea,2004,150.868522473638
republic_of_korea,2005,158.661312000313
republic_of_korea,2006,165.697518501738
republic_of_korea,2007,172.673859890455
republic_of_korea,2008,174.407515095579
republic_of_korea,2009,156.864339492344
republic_of_korea,2010,177.545313590648
republic_of_korea,2011,184.063095633564
republic_of_korea,2012,178.920034005038
republic_of_korea,2013,179.234990747534
republic_of_korea,2014,183.668216136142
republic_of_korea,2015,182.217149088311
republic_of_korea,2016,178.97372737424
republic_of_korea,2017,188.300934309246
republic_of_korea,2018,197.109078467254
republic_of_korea,2019,193.122955707857
republic_of_korea,2020,179.871205761055
republic_of_korea,2021,188.086573169305
romania,1990,44.5605270658537
romania,1991,35.4748768339102
romania,1992,32.8424272119328
romania,1993,30.5540741565975
romania,1994,28.4795441168679
romania,1995,28.7964539393026
romania,1996,27.7234047629975
romania,1997,24.6492825373094
romania,1998,24.0711153306963
romania,1999,21.6873076381232
romania,2000,24.5817828528281
romania,2001,26.2852533006827
romania,2002,26.1956985177176
romania,2003,26.6252776468723
romania,2004,26.9447278260575
romania,2005,27.4977373869331
romania,2006,28.8013535124575
romania,2007,30.9113943709752
romania,2008,31.8025026440821
romania,2009,25.3337593674462
romania,2010,25.6736351339693
romania,2011,26.2848416749685
romania,2012,25.3603966031565
romania,2013,21.7536613768011
romania,2014,22.2781082153666
romania,2015,21.6961349162388
romania,2016,22.0444542795744
romania,2017,23.1530233956979
romania,2018,24.1225392124522
romania,2019,23.2398987871164
romania,2020,22.0690830917857
romania,2021,23.4687813826879
russian_federation,1990,557.426427211711
russian_federation,1991,567.196608623463
russian_federation,1992,211.937502560538
russian_federation,1993,303.897737869249
russian_federation,1994,321.080818415544
russian_federation,1995,318.943861099068
russian_federation,1996,342.200250866959
russian_federation,1997,321.510040364879
russian_federation,1998,288.073046843949
russian_federation,1999,275.986997626048
russian_federation,2000,271.898391921626
russian_federation,2001,303.618679620415
russian_federation,2002,305.364936144283
russian_federation,2003,317.034686742942
russian_federation,2004,323.423474125113
russian_federation,2005,327.118017556708
russian_federation,2006,338.971801657102
russian_federation,2007,358.47132425388
russian_federation,2008,364.561944462375
russian_federation,2009,351.208707325851
russian_federation,2010,371.723427609107
russian_federation,2011,388.836064333334
russian_federation,2012,401.574848953346
russian_federation,2013,390.991466441114
russian_federation,2014,380.799603133526
russian_federation,2015,360.971811879083
russian_federation,2016,372.470964693041
russian_federation,2017,382.175298167107
russian_federation,2018,371.908555010126
russian_federation,2019,378.938937171494
russian_federation,2020,372.3845941298
russian_federation,2021,371.117881263317
rwanda,1990,0.142975888203855
rwanda,1991,0.128857954918859
rwanda,1992,0.130864052641614
rwanda,1993,0.131808134860493
rwanda,1994,0.126125369513229
rwanda,1995,0.124116049883042
rwanda,1996,0.126648267061991
rwanda,1997,0.131694204798277
rwanda,1998,0.131419736855641
rwanda,1999,0.13717744494798
rwanda,2000,0.188282733396551
rwanda,2001,0.134755581066396
rwanda,2002,0.132507078480368
rwanda,2003,0.136317942998027
rwanda,2004,0.150851175335114
rwanda,2005,0.136841980755715
rwanda,2006,0.139610769939317
rwanda,2007,0.151025940619735
rwanda,2008,0.15134332910978
rwanda,2009,0.1505334853163
rwanda,2010,0.167217822508398
rwanda,2011,0.191386885408634
rwanda,2012,0.224297001516771
rwanda,2013,0.210228789042881
rwanda,2014,0.251141177712958
rwanda,2015,0.294485224403961
rwanda,2016,0.305886378360194
rwanda,2017,0.45536224586138
rwanda,2018,0.518396832566663
rwanda,2019,0.538268718302661
rwanda,2020,0.527328879979438
rwanda,2021,0.607527665706097
saudi_arabia,1990,52.6101617320799
saudi_arabia,1991,71.3613757916733
saudi_arabia,1992,78.0428337017298
saudi_arabia,1993,85.2903877712182
saudi_arabia,1994,83.641007032385
saudi_arabia,1995,68.0411806253744
saudi_arabia,1996,67.1145953905157
saudi_arabia,1997,57.1721512748597
saudi_arabia,1998,60.6976061020912
saudi_arabia,1999,51.6184372341678
saudi_arabia,2000,56.2270390584972
saudi_arabia,2001,60.0011283147553
saudi_arabia,2002,63.5994460117795
saudi_arabia,2003,82.8456382248296
saudi_arabia,2004,95.9577774849294
saudi_arabia,2005,95.2923658606499
saudi_arabia,2006,107.554885035436
saudi_arabia,2007,100.915823339204
saudi_arabia,2008,113.279601323605
saudi_arabia,2009,129.222721629779
saudi_arabia,2010,141.340180272232
saudi_arabia,2011,135.732654653596
saudi_arabia,2012,149.50604577285
saudi_arabia,2013,146.394002240665
saudi_arabia,2014,166.23142544596
saudi_arabia,2015,190.897864087193
saudi_arabia,2016,190.095515067122
saudi_arabia,2017,181.822973216834
saudi_arabia,2018,179.588271097415
saudi_arabia,2019,186.449022105333
saudi_arabia,2020,167.826065342538
saudi_arabia,2021,169.78249686236
senegal,1990,0.928786516750862
senegal,1991,0.994003833378659
senegal,1992,1.02336478084911
senegal,1993,1.05374622023411
senegal,1994,1.09772415017258
senegal,1995,1.02559091053591
senegal,1996,1.26806419498777
senegal,1997,1.16605735610938
senegal,1998,1.18291622053247
senegal,1999,1.22694868097361
senegal,2000,1.36192554683759
senegal,2001,1.40479457559154
senegal,2002,1.42568645460072
senegal,2003,1.63569786722977
senegal,2004,1.69958195662657
senegal,2005,1.8478033634716
senegal,2006,1.60667995611406
senegal,2007,1.82602600788733
senegal,2008,1.94926216363031
senegal,2009,1.71226979186689
senegal,2010,2.00395530019511
senegal,2011,2.50756313764342
senegal,2012,2.74228823713093
senegal,2013,2.68106440753793
senegal,2014,3.11191348884086
senegal,2015,3.28820919860238
senegal,2016,3.52463069216227
senegal,2017,3.7160159562947
senegal,2018,4.03160830362556
senegal,2019,4.17110478224938
senegal,2020,3.82226612228683
senegal,2021,4.15860159971521
singapore,1990,19.5308237159549
singapore,1991,20.2662303941929
singapore,1992,23.0105184151291
singapore,1993,23.1641717640541
singapore,1994,25.0241140035678
singapore,1995,24.5687419540991
singapore,1996,27.7783913246784
singapore,1997,30.5824516764822
singapore,1998,26.3087908038108
singapore,1999,28.2225586125866
singapore,2000,34.6588677533555
singapore,2001,30.0963719857025
singapore,2002,30.3417672141333
singapore,2003,28.0840864093609
singapore,2004,32.8480127633527
singapore,2005,35.3311154144615
singapore,2006,38.5480916456385
singapore,2007,35.813468784154
singapore,2008,51.5189225710989
singapore,2009,28.5730627610308
singapore,2010,30.0006171912484
singapore,2011,58.1059386685426
singapore,2012,66.8048230138984
singapore,2013,70.7701410186523
singapore,2014,51.263300344672
singapore,2015,44.7620648888582
singapore,2016,40.8679922488338
singapore,2017,42.7106500355458
singapore,2018,44.3985261436162
singapore,2019,44.0189148156168
singapore,2020,39.9685713420504
singapore,2021,44.938662250537
slovakia,1990,19.9546054837139
slovakia,1991,15.6418859427724
slovakia,1992,15.2969427900875
slovakia,1993,14.0936860494478
slovakia,1994,12.2408034170236
slovakia,1995,12.7021596156733
slovakia,1996,13.1718902297956
slovakia,1997,12.8944527711798
slovakia,1998,13.2354478005325
slovakia,1999,12.3613382184175
slovakia,2000,12.6226251067358
slovakia,2001,13.1995877205599
slovakia,2002,12.4904442833285
slovakia,2003,11.9861707411731
slovakia,2004,12.5785960134301
slovakia,2005,11.6861568786945
slovakia,2006,12.3184187788379
slovakia,2007,13.2735758134994
slovakia,2008,14.1647373709799
slovakia,2009,13.2941192837928
slovakia,2010,13.9691109564926
slovakia,2011,13.4012589543867
slovakia,2012,11.8329584408399
slovakia,2013,11.8055206128284
slovakia,2014,10.8081966138103
slovakia,2015,10.9967873192224
slovakia,2016,11.1002750891729
slovakia,2017,11.1576284984912
slovakia,2018,11.4943255805245
slovakia,2019,10.9801926315348
slovakia,2020,10.1352857063611
slovakia,2021,11.2546540677764
slovenia,1990,4.49563434135125
slovenia,1991,4.2577677088081
slovenia,1992,5.38815509449964
slovenia,1993,4.99915732367291
slovenia,1994,4.7561707508455
slovenia,1995,5.13958715005549
slovenia,1996,4.98491938954344
slovenia,1997,5.13531508984346
slovenia,1998,5.1895240408204
slovenia,1999,4.94735431250906
slovenia,2000,5.20886916986811
slovenia,2001,5.49431936267682
slovenia,2002,5.32611887972863
slovenia,2003,5.16645022650047
slovenia,2004,5.22859308195805
slovenia,2005,5.1823731066249
slovenia,2006,5.71320203621795
slovenia,2007,6.23933635465327
slovenia,2008,6.37742730193929
slovenia,2009,5.28860203373535
slovenia,2010,5.44183090959617
slovenia,2011,5.83908781172831
slovenia,2012,5.15599253250274
slovenia,2013,4.93206885780665
slovenia,2014,4.79678666689465
slovenia,2015,4.79961250269067
slovenia,2016,4.99949284094345
slovenia,2017,5.41192651775609
slovenia,2018,5.77239244385353
slovenia,2019,5.6171888098557
slovenia,2020,5.13267385191973
slovenia,2021,5.6497895536089
south_africa,1990,59.8221886690577
south_africa,1991,65.7809946070889
south_africa,1992,62.287043683849
south_africa,1993,65.2866293448887
south_africa,1994,70.1732797623559
south_africa,1995,73.9189506416333
south_africa,1996,72.180020767065
south_africa,1997,76.0364846273772
south_africa,1998,73.5291756914237
south_africa,1999,80.0078322935248
south_africa,2000,78.1301493537656
south_africa,2001,74.4160384827923
south_africa,2002,69.3278834941085
south_africa,2003,76.163033228752
south_africa,2004,88.0987807962889
south_africa,2005,81.6322371165969
south_africa,2006,90.9866759829604
south_africa,2007,92.8034177099431
south_africa,2008,92.8704944391082
south_africa,2009,94.7067773173228
south_africa,2010,91.97988707565
south_africa,2011,91.715178691723
south_africa,2012,96.7134256361402
south_africa,2013,94.9117096610955
south_africa,2014,94.8455613233958
south_africa,2015,91.3768601888191
south_africa,2016,91.2005445076557
south_africa,2017,89.1837562933615
south_africa,2018,88.4007727972884
south_africa,2019,93.9351523030256
south_africa,2020,86.1906194259059
south_africa,2021,81.2547018257411
spain,1990,72.3017889552183
spain,1991,73.8615936778746
spain,1992,79.8014007291039
spain,1993,74.237814158146
spain,1994,75.2226191626857
spain,1995,78.4969156781011
spain,1996,74.2754452254043
spain,1997,75.7909999738374
spain,1998,79.6343647107337
spain,1999,86.1233670538186
spain,2000,91.4998038085244
spain,2001,91.6321204859144
spain,2002,97.941373873782
spain,2003,97.8849035091966
spain,2004,105.234934087724
spain,2005,112.236810093218
spain,2006,113.620786111738
spain,2007,116.93277629062
spain,2008,107.333597302077
spain,2009,94.3087058455163
spain,2010,89.571527493908
spain,2011,87.6079087312124
spain,2012,80.5386813535706
spain,2013,75.229592760201
spain,2014,76.6969295776288
spain,2015,76.8740015894314
spain,2016,74.6940142544302
spain,2017,80.1314866084272
spain,2018,81.0155225250065
spain,2019,76.8987678820148
spain,2020,68.4871221866425
spain,2021,74.2860773508965
sri_lanka,1990,1.73116837294774
sri_lanka,1991,1.90783186062313
sri_lanka,1992,2.17273070101662
sri_lanka,1993,2.17979811737534
sri_lanka,1994,2.37925105615081
sri_lanka,1995,2.53870920812799
sri_lanka,1996,2.77985583027623
sri_lanka,1997,2.8139879497165
sri_lanka,1998,3.02516536634064
sri_lanka,1999,3.83921429052539
sri_lanka,2000,5.07524319271273
sri_lanka,2001,5.23551485279819
sri_lanka,2002,5.77489583555494
sri_lanka,2003,4.81581375448785
sri_lanka,2004,5.46412061627346
sri_lanka,2005,5.54232732277315
sri_lanka,2006,5.67638365521416
sri_lanka,2007,5.27017447816426
sri_lanka,2008,5.62965548651528
sri_lanka,2009,5.21502219013899
sri_lanka,2010,6.01336667280707
sri_lanka,2011,8.06249755180433
sri_lanka,2012,8.0694961979713
sri_lanka,2013,8.28327731116614
sri_lanka,2014,8.76570884666976
sri_lanka,2015,9.46194730442046
sri_lanka,2016,10.5411352885978
sri_lanka,2017,10.1556213136917
sri_lanka,2018,9.74234155952122
sri_lanka,2019,9.9620981351233
sri_lanka,2020,9.92828877482081
sri_lanka,2021,10.4732410324225
sweden,1990,23.3684547223959
sweden,1991,23.1195165954189
sweden,1992,25.567873796745
sweden,1993,23.7715757687218
sweden,1994,23.5623611389911
sweden,1995,23.3134760047412
sweden,1996,24.7984688517818
sweden,1997,23.5254788208312
sweden,1998,23.9566773796065
sweden,1999,22.4354861752997
sweden,2000,23.4328707672837
sweden,2001,21.8405607391531
sweden,2002,22.36533172783
sweden,2003,23.9898485693171
sweden,2004,23.8567898784689
sweden,2005,24.9215598268484
sweden,2006,25.2556418275882
sweden,2007,25.0542443684307
sweden,2008,24.5618403402511
sweden,2009,21.0810733709631
sweden,2010,23.5110236173414
sweden,2011,22.9960051046245
sweden,2012,21.1545046344839
sweden,2013,20.2288754903518
sweden,2014,19.9659972902092
sweden,2015,19.4508380040201
sweden,2016,19.4338523252267
sweden,2017,19.7198836009699
sweden,2018,19.818363777921
sweden,2019,18.7612595868038
sweden,2020,16.7430659443749
sweden,2021,18.6024218969249
switzerland,1990,23.4403089795983
switzerland,1991,24.0678407928148
switzerland,1992,26.0969291302544
switzerland,1993,23.8087869450098
switzerland,1994,23.6309027566819
switzerland,1995,24.7001415678088
switzerland,1996,29.5354351227788
switzerland,1997,26.2898456071915
switzerland,1998,31.9027090552856
switzerland,1999,29.0448422418922
switzerland,2000,24.410013008216
switzerland,2001,29.2757158862874
switzerland,2002,26.6378169897072
switzerland,2003,26.0234400835233
switzerland,2004,27.089759062068
switzerland,2005,29.6045273932539
switzerland,2006,32.0692269556091
switzerland,2007,29.3365476537542
switzerland,2008,29.0928805802722
switzerland,2009,28.3549101430604
switzerland,2010,27.5355150747913
switzerland,2011,28.3749887454363
switzerland,2012,40.8728597186335
switzerland,2013,38.4667293962992
switzerland,2014,37.6012160741972
switzerland,2015,38.8531970656758
switzerland,2016,44.0939221553345
switzerland,2017,35.0087308215971
switzerland,2018,34.1198149746815
switzerland,2019,33.1886243084665
switzerland,2020,29.2084181046218
switzerland,2021,32.3895088959206
taiwan,1990,47.8136506535457
taiwan,1991,47.8005865812224
taiwan,1992,59.9398542721385
taiwan,1993,56.9505395340411
taiwan,1994,57.3026407153073
taiwan,1995,58.9522213959772
taiwan,1996,54.7240815692625
taiwan,1997,59.912434841155
taiwan,1998,59.425523505732
taiwan,1999,61.7434581228393
taiwan,2000,76.6682442690164
taiwan,2001,69.698326772893
taiwan,2002,71.3376101485669
taiwan,2003,73.0102254729649
taiwan,2004,83.7763200768526
taiwan,2005,82.463045866339
taiwan,2006,83.7374156469247
taiwan,2007,79.1544709909267
taiwan,2008,77.5713815966916
taiwan,2009,66.4206408932884
taiwan,2010,79.669321844457
taiwan,2011,82.9906807553337
taiwan,2012,76.9986191861621
taiwan,2013,79.1056585846413
taiwan,2014,79.9556073599496
taiwan,2015,75.6193640021844
taiwan,2016,76.5932434639826
taiwan,2017,79.1188793204407
taiwan,2018,79.8716050996514
taiwan,2019,79.6809133269675
taiwan,2020,77.5506691910632
taiwan,2021,81.5575804543901
tajikistan,1990,1.41211269516314
tajikistan,1991,1.21777493346225
tajikistan,1992,1.36586266906834
tajikistan,1993,0.880869851269391
tajikistan,1994,0.445193400944299
tajikistan,1995,0.221601469186278
tajikistan,1996,1.13084276692223
tajikistan,1997,0.846263803973672
tajikistan,1998,1.03676340204266
tajikistan,1999,0.918626808436551
tajikistan,2000,1.48387653586559
tajikistan,2001,1.47526426476567
tajikistan,2002,1.87277127939318
tajikistan,2003,1.4811129872072
tajikistan,2004,1.48196655432688
tajikistan,2005,1.75209832227351
tajikistan,2006,1.98547825145422
tajikistan,2007,1.44223945569991
tajikistan,2008,1.76040250907161
tajikistan,2009,1.59513966964466
tajikistan,2010,2.13069472495025
tajikistan,2011,2.08080182230976
tajikistan,2012,1.80821751573957
tajikistan,2013,3.23841085370348
tajikistan,2014,5.41937534956662
tajikistan,2015,2.43626548363199
tajikistan,2016,3.62668962619745
tajikistan,2017,3.9968116943615
tajikistan,2018,3.35013607260438
tajikistan,2019,3.47602682917757
tajikistan,2020,3.4457537626534
tajikistan,2021,3.65078677491486
thailand,1990,32.423859708742
thailand,1991,32.9692790180955
thailand,1992,42.3648178827636
thailand,1993,42.0037928739362
thailand,1994,43.739512812198
thailand,1995,46.8901735146493
thailand,1996,49.8501245161511
thailand,1997,47.3824694145273
thailand,1998,35.5046482236218
thailand,1999,40.4692795838726
thailand,2000,41.3654208276347
thailand,2001,43.0590285555445
thailand,2002,47.4007504421441
thailand,2003,48.728942279004
thailand,2004,53.7066420542007
thailand,2005,57.2331596334757
thailand,2006,56.6263453290396
thailand,2007,57.8634798774456
thailand,2008,60.6638647184035
thailand,2009,60.8495483085371
thailand,2010,67.32873248444
thailand,2011,68.9869413715887
thailand,2012,71.3137642639234
thailand,2013,72.8013373365846
thailand,2014,69.0752475209823
thailand,2015,69.3134917994106
thailand,2016,69.4500964492262
thailand,2017,70.6371726464821
thailand,2018,74.6017287318951
thailand,2019,74.2513287744757
thailand,2020,74.2768154262354
thailand,2021,75.8103290779378
togo,1990,0.351001287391002
togo,1991,0.377938555279543
togo,1992,0.385552589916237
togo,1993,0.398931907250834
togo,1994,0.407402880335177
togo,1995,0.464731922277131
togo,1996,0.459659759458943
togo,1997,0.374086373767171
togo,1998,0.52004723928885
togo,1999,0.515234882308508
togo,2000,0.249653594980407
togo,2001,0.210550573926707
togo,2002,0.311907746822462
togo,2003,0.337076610384173
togo,2004,0.311487520236714
togo,2005,0.33558485521576
togo,2006,1.01469906554805
togo,2007,0.358334704031436
togo,2008,0.344461579996952
togo,2009,0.595081668308877
togo,2010,0.538928522455936
togo,2011,0.517813472623361
togo,2012,0.582971893391839
togo,2013,0.40978246465022
togo,2014,0.438436887642467
togo,2015,0.584404595032096
togo,2016,0.657474624911682
togo,2017,0.536979767563547
togo,2018,2.15285679940848
togo,2019,2.20831012989364
togo,2020,1.9138677640281
togo,2021,2.17925136223683
trinidad_and_tobago,1990,3.21368312342165
trinidad_and_tobago,1991,3.39568052553424
trinidad_and_tobago,1992,3.82390492791365
trinidad_and_tobago,1993,3.51345083991722
trinidad_and_tobago,1994,3.05047320121107
trinidad_and_tobago,1995,2.77306236141102
trinidad_and_tobago,1996,3.54428502212145
trinidad_and_tobago,1997,3.77903831387666
trinidad_and_tobago,1998,4.17694432932644
trinidad_and_tobago,1999,3.77384230215614
trinidad_and_tobago,2000,2.78050908923768
trinidad_and_tobago,2001,3.33207792952005
trinidad_and_tobago,2002,4.06054534087289
trinidad_and_tobago,2003,4.58610307473815
trinidad_and_tobago,2004,4.47807791554394
trinidad_and_tobago,2005,4.11711876554935
trinidad_and_tobago,2006,3.61848609424183
trinidad_and_tobago,2007,5.25725001418335
trinidad_and_tobago,2008,5.07353021546157
trinidad_and_tobago,2009,6.77193468686952
trinidad_and_tobago,2010,6.7890418355419
trinidad_and_tobago,2011,5.08519473088222
trinidad_and_tobago,2012,4.09757157934879
trinidad_and_tobago,2013,4.07965664120284
trinidad_and_tobago,2014,5.2642276636618
trinidad_and_tobago,2015,6.30545995841342
trinidad_and_tobago,2016,7.60633945483078
trinidad_and_tobago,2017,6.76569417905807
trinidad_and_tobago,2018,6.29541701419725
trinidad_and_tobago,2019,7.20138672200047
trinidad_and_tobago,2020,7.17192497150807
trinidad_and_tobago,2021,5.77393425264223
tunisia,1990,4.30715178090896
tunisia,1991,4.62487333474627
tunisia,1992,5.82043583106881
tunisia,1993,5.34800545535794
tunisia,1994,4.77315493746545
tunisia,1995,4.88273440480217
tunisia,1996,4.69500978794059
tunisia,1997,4.69571004236289
tunisia,1998,4.6683709428593
tunisia,1999,5.24283718811187
tunisia,2000,3.86486718551886
tunisia,2001,3.91111571511145
tunisia,2002,4.07962750759926
tunisia,2003,4.27063635159193
tunisia,2004,4.2688300697681
tunisia,2005,4.25722563358078
tunisia,2006,4.39310743905872
tunisia,2007,4.47906447997859
tunisia,2008,4.57305230319953
tunisia,2009,5.17343084883608
tunisia,2010,5.607990174583
tunisia,2011,5.18346115668938
tunisia,2012,5.56815960992335
tunisia,2013,5.62412501211342
tunisia,2014,6.06457585836814
tunisia,2015,6.51186638662785
tunisia,2016,6.3275351206427
tunisia,2017,6.31040059421668
tunisia,2018,8.03217468943515
tunisia,2019,7.7576630796001
tunisia,2020,7.46636264227337
tunisia,2021,8.91210917937849
turkiye,1990,58.7814601749642
turkiye,1991,58.3059337452867
turkiye,1992,68.0932571223804
turkiye,1993,63.1236023257713
turkiye,1994,57.3853794483406
turkiye,1995,61.0872309044656
turkiye,1996,57.4955548401258
turkiye,1997,61.33934623333
turkiye,1998,61.9248512953309
turkiye,1999,63.0178759274009
turkiye,2000,69.6346893098671
turkiye,2001,56.0137838434308
turkiye,2002,61.4749117709639
turkiye,2003,67.5910073490645
turkiye,2004,76.3163489990366
turkiye,2005,83.3350593596725
turkiye,2006,89.7645087044792
turkiye,2007,99.5425790390082
turkiye,2008,96.0606505116156
turkiye,2009,89.1113390702689
turkiye,2010,96.7288279010655
turkiye,2011,105.870001816182
turkiye,2012,108.763629243512
turkiye,2013,105.710437206408
turkiye,2014,109.030964330396
turkiye,2015,112.815888268689
turkiye,2016,114.622697899335
turkiye,2017,120.882413776646
turkiye,2018,116.565449098689
turkiye,2019,108.53144411784
turkiye,2020,108.835465407926
turkiye,2021,115.159767637273
uganda,1990,0.418450628133028
uganda,1991,0.425254746539927
uganda,1992,0.439659799583002
uganda,1993,0.486788395512937
uganda,1994,0.470467634691553
uganda,1995,0.536290697589142
uganda,1996,0.469361022142674
uganda,1997,0.503557897981437
uganda,1998,0.691185902454296
uganda,1999,0.725247582509197
uganda,2000,0.776401777193026
uganda,2001,0.775495021021354
uganda,2002,0.805858800850362
uganda,2003,0.747733462621255
uganda,2004,0.810276511350168
uganda,2005,0.969842305942492
uganda,2006,1.10298065649613
uganda,2007,1.23420883080486
uganda,2008,1.30526949047643
uganda,2009,1.4799755067708
uganda,2010,1.62555275836864
uganda,2011,1.77836871703323
uganda,2012,1.61858766039375
uganda,2013,1.64265788909598
uganda,2014,1.78282677184013
uganda,2015,1.84212166267136
uganda,2016,1.90361103914328
uganda,2017,2.10188219015017
uganda,2018,2.11915332674923
uganda,2019,2.17501375637014
uganda,2020,2.0720668122344
uganda,2021,2.29241624929808
ukraine,1990,137.194826532945
ukraine,1991,124.786146744598
ukraine,1992,120.320065937852
ukraine,1993,101.898687761896
ukraine,1994,74.8452430899668
ukraine,1995,59.845757237748
ukraine,1996,78.6306650169385
ukraine,1997,75.5729443732212
ukraine,1998,66.6459135975538
ukraine,1999,64.9102115329215
ukraine,2000,60.5698762795453
ukraine,2001,70.1485532791467
ukraine,2002,68.5415153540881
ukraine,2003,64.7035914288803
ukraine,2004,61.7840471350976
ukraine,2005,68.5108779279711
ukraine,2006,72.659501815099
ukraine,2007,79.9404462982273
ukraine,2008,81.6362571484215
ukraine,2009,68.5545001295983
ukraine,2010,67.7938679299537
ukraine,2011,73.3484451281502
ukraine,2012,74.493284749243
ukraine,2013,74.607764611453
ukraine,2014,60.6915029042459
ukraine,2015,50.4588325254527
ukraine,2016,49.1004465248999
ukraine,2017,49.4512130798305
ukraine,2018,57.6730358387617
ukraine,2019,56.1853038694899
ukraine,2020,51.6008605240575
ukraine,2021,53.6645568255452
united_arab_emirates,1990,15.2342802246742
united_arab_emirates,1991,16.7008732184432
united_arab_emirates,1992,17.3664915230013
united_arab_emirates,1993,18.9008329867493
united_arab_emirates,1994,21.6876837981884
united_arab_emirates,1995,21.6135065556246
united_arab_emirates,1996,22.2278265172561
united_arab_emirates,1997,21.950050152048
united_arab_emirates,1998,25.3077401968408
united_arab_emirates,1999,21.7677511353987
united_arab_emirates,2000,25.2521012375141
united_arab_emirates,2001,26.4119644079214
united_arab_emirates,2002,26.2332560419657
united_arab_emirates,2003,34.2372126963692
united_arab_emirates,2004,36.1549808848939
united_arab_emirates,2005,39.4427275830137
united_arab_emirates,2006,46.8237818029243
united_arab_emirates,2007,51.670242183726
united_arab_emirates,2008,60.0790916377225
united_arab_emirates,2009,55.4007607002114
united_arab_emirates,2010,56.2901400780768
united_arab_emirates,2011,60.3923282672484
united_arab_emirates,2012,62.6855087122483
united_arab_emirates,2013,65.4152175737099
united_arab_emirates,2014,65.7878526996306
united_arab_emirates,2015,67.0391783755949
united_arab_emirates,2016,67.7917466748447
united_arab_emirates,2017,65.9104089606124
united_arab_emirates,2018,67.217138178218
united_arab_emirates,2019,64.5035384437465
united_arab_emirates,2020,58.7709634292978
united_arab_emirates,2021,65.8179216686449
united_kingdom,1990,182.752769822919
united_kingdom,1991,184.706391039213
united_kingdom,1992,189.046840110982
united_kingdom,1993,179.402864848129
united_kingdom,1994,177.336133497532
united_kingdom,1995,175.85494107649
united_kingdom,1996,183.639687549587
united_kingdom,1997,183.44192902336
united_kingdom,1998,189.955403907417
united_kingdom,1999,186.179944095751
united_kingdom,2000,203.086273001581
united_kingdom,2001,198.292733627344
united_kingdom,2002,200.715018618405
united_kingdom,2003,204.297471686443
united_kingdom,2004,207.417225329256
united_kingdom,2005,204.731019508545
united_kingdom,2006,205.793136573644
united_kingdom,2007,205.326931505008
united_kingdom,2008,196.401902535602
united_kingdom,2009,171.597277989739
united_kingdom,2010,184.712237546409
united_kingdom,2011,167.148008757685
united_kingdom,2012,173.514910066485
united_kingdom,2013,168.774264296692
united_kingdom,2014,162.786863228305
united_kingdom,2015,160.65516492135
united_kingdom,2016,156.531376590842
united_kingdom,2017,149.090436307634
united_kingdom,2018,145.634364941052
united_kingdom,2019,140.236906115968
united_kingdom,2020,125.765574578353
united_kingdom,2021,140.120109432671
united_republic_of_tanzania,1990,0.995162768569153
united_republic_of_tanzania,1991,1.04723400089338
united_republic_of_tanzania,1992,1.02374661106773
united_republic_of_tanzania,1993,1.09672499383393
united_republic_of_tanzania,1994,1.03346443973358
united_republic_of_tanzania,1995,1.12624770913635
united_republic_of_tanzania,1996,1.0527361353104
united_republic_of_tanzania,1997,1.16265011049855
united_republic_of_tanzania,1998,1.14569425053585
united_republic_of_tanzania,1999,1.19893652267725
united_republic_of_tanzania,2000,1.34857901765359
united_republic_of_tanzania,2001,1.48954189585552
united_republic_of_tanzania,2002,1.60611022197993
united_republic_of_tanzania,2003,1.67234158141253
united_republic_of_tanzania,2004,1.86347475677679
united_republic_of_tanzania,2005,2.37920113339662
united_republic_of_tanzania,2006,2.36783459050241
united_republic_of_tanzania,2007,2.50801968686987
united_republic_of_tanzania,2008,3.14655172657976
united_republic_of_tanzania,2009,2.70469599312773
united_republic_of_tanzania,2010,3.03274678422539
united_republic_of_tanzania,2011,3.85696099040679
united_republic_of_tanzania,2012,4.10660761696451
united_republic_of_tanzania,2013,4.98864998128143
united_republic_of_tanzania,2014,4.94946621786471
united_republic_of_tanzania,2015,5.25932701063399
united_republic_of_tanzania,2016,4.51535252254113
united_republic_of_tanzania,2017,4.54340184512444
united_republic_of_tanzania,2018,4.8341812547457
united_republic_of_tanzania,2019,5.21907876598003
united_republic_of_tanzania,2020,5.30154933358397
united_republic_of_tanzania,2021,5.86286005916595
united_states_of_america,1990,1377.73745918398
united_states_of_america,1991,1354.05870831524
united_states_of_america,1992,1405.08346887257
united_states_of_america,1993,1421.25616877003
united_states_of_america,1994,1449.93319977987
united_states_of_america,1995,1466.2800074791
united_states_of_america,1996,1512.11587027955
united_states_of_america,1997,1540.94060106908
united_states_of_america,1998,1586.14450136504
united_states_of_america,1999,1634.86535312353
united_states_of_america,2000,1706.86130394335
united_states_of_america,2001,1685.83230494077
united_states_of_america,2002,1717.65148517176
united_states_of_america,2003,1770.93697503725
united_states_of_america,2004,1806.12243927541
united_states_of_america,2005,1835.17030053696
united_states_of_america,2006,1830.70949135652
united_states_of_america,2007,1812.01346374239
united_states_of_america,2008,1723.62177179494
united_states_of_america,2009,1577.3605302656
united_states_of_america,2010,1628.22421094743
united_states_of_america,2011,1588.12978436146
united_states_of_america,2012,1542.63498289775
united_states_of_america,2013,1566.21521895334
united_states_of_america,2014,1593.01885050098
united_states_of_america,2015,1580.31691245232
united_states_of_america,2016,1544.95816732055
united_states_of_america,2017,1536.88464523117
united_states_of_america,2018,1582.46507164671
united_states_of_america,2019,1551.76956417483
united_states_of_america,2020,1415.54518007974
united_states_of_america,2021,1520.78962527522
uruguay,1990,1.33636098658412
uruguay,1991,1.48153275683202
uruguay,1992,1.6718853498492
uruguay,1993,1.53555706553907
uruguay,1994,1.46751443435863
uruguay,1995,1.64100457670922
uruguay,1996,1.99437044710516
uruguay,1997,2.18394572806182
uruguay,1998,2.32029865533424
uruguay,1999,2.74200529647505
uruguay,2000,2.18453141242752
uruguay,2001,2.05449066182162
uruguay,2002,1.73402285209578
uruguay,2003,1.68585899222664
uruguay,2004,2.04234212989889
uruguay,2005,2.06650961369111
uruguay,2006,2.26893952350993
uruguay,2007,2.39370532691009
uruguay,2008,3.0283033017212
uruguay,2009,2.77810110735145
uruguay,2010,2.71453161663843
uruguay,2011,3.21419954872915
uruguay,2012,3.49007427764465
uruguay,2013,3.38643911504321
uruguay,2014,3.10371661839129
uruguay,2015,2.93324490071298
uruguay,2016,2.66670162360137
uruguay,2017,2.72111053781355
uruguay,2018,2.87955836285734
uruguay,2019,2.84981304840295
uruguay,2020,2.79132692050211
uruguay,2021,3.28450018708502
venezuela,1990,25.7421988706309
venezuela,1991,26.6940294651121
venezuela,1992,25.9647340980781
venezuela,1993,29.7221314281258
venezuela,1994,27.7269572060059
venezuela,1995,29.9812770547959
venezuela,1996,26.2576544680639
venezuela,1997,31.671009084848
venezuela,1998,43.2733376187587
venezuela,1999,26.9857604668895
venezuela,2000,19.9097236417074
venezuela,2001,22.6009659004109
venezuela,2002,22.169401938261
venezuela,2003,28.9894704412718
venezuela,2004,26.2303178059387
venezuela,2005,26.2698869088879
venezuela,2006,26.378770546771
venezuela,2007,28.8271072543032
venezuela,2008,29.0628137739194
venezuela,2009,35.5638570580808
venezuela,2010,38.0184161982762
venezuela,2011,32.7529708299362
venezuela,2012,24.1472517706201
venezuela,2013,29.0971427705083
venezuela,2014,40.9399147423692
venezuela,2015,24.1630019407469
venezuela,2016,19.3057489142658
venezuela,2017,17.7195123132588
venezuela,2018,-8.6572789508612
venezuela,2019,1.5748123592185
venezuela,2020,10.6854909471435
venezuela,2021,10.9672706767574
viet_nam,1990,6.31134756106007
viet_nam,1991,6.26796428227482
viet_nam,1992,6.28024131110464
viet_nam,1993,6.81461446852898
viet_nam,1994,7.97041348076162
viet_nam,1995,8.73625669012531
viet_nam,1996,10.4029064583324
viet_nam,1997,12.445141390792
viet_nam,1998,12.9018724491162
viet_nam,1999,11.9510580910612
viet_nam,2000,10.0549079498363
viet_nam,2001,11.414863859909
viet_nam,2002,12.9118519083639
viet_nam,2003,16.4447690811568
viet_nam,2004,18.7438898047065
viet_nam,2005,20.0233536585821
viet_nam,2006,20.573171202961
viet_nam,2007,21.2967656602757
viet_nam,2008,24.0848189446886
viet_nam,2009,25.9873253685388
viet_nam,2010,27.6985670018414
viet_nam,2011,29.1883521811352
viet_nam,2012,28.2425223821557
viet_nam,2013,29.4685693572858
viet_nam,2014,34.4013649127321
viet_nam,2015,40.304540747285
viet_nam,2016,41.3378928507782
viet_nam,2017,40.6173947397205
viet_nam,2018,44.5514285012518
viet_nam,2019,57.6529354264444
viet_nam,2020,61.3536223912888
viet_nam,2021,61.9661495810452
zambia,1990,0.746915276445847
zambia,1991,0.801261200264776
zambia,1992,0.816180028824791
zambia,1993,0.86473257618244
zambia,1994,0.875402423226563
zambia,1995,0.868196480810509
zambia,1996,0.854478389029253
zambia,1997,1.11194109420753
zambia,1998,1.05083347668318
zambia,1999,0.888510687459588
zambia,2000,1.02007883833562
zambia,2001,1.08848768322493
zambia,2002,1.10686964582405
zambia,2003,1.06868349190241
zambia,2004,1.1324119725808
zambia,2005,1.10352091842089
zambia,2006,1.25528850713845
zambia,2007,1.55213455294553
zambia,2008,1.77394592906195
zambia,2009,1.47054800415786
zambia,2010,1.41291888762027
zambia,2011,1.83585227764124
zambia,2012,1.96585426591903
zambia,2013,2.06647756205514
zambia,2014,2.34456812552756
zambia,2015,2.24812499866045
zambia,2016,2.10524266090429
zambia,2017,2.21523140426485
zambia,2018,2.25434996694721
zambia,2019,2.41807803857691
zambia,2020,2.05312572455655
zambia,2021,2.0762671681432
zimbabwe,1990,4.91251992507462
zimbabwe,1991,4.76306074680579
zimbabwe,1992,4.81813847603118
zimbabwe,1993,4.58248506155625
zimbabwe,1994,4.74458123578023
zimbabwe,1995,4.3531053591652
zimbabwe,1996,4.51415054340686
zimbabwe,1997,4.08447982677403
zimbabwe,1998,3.69991080742132
zimbabwe,1999,3.8267211863076
zimbabwe,2000,3.27042110897235
zimbabwe,2001,3.10752805796078
zimbabwe,2002,3.31441597570447
zimbabwe,2003,3.12718905183917
zimbabwe,2004,2.65839234352328
zimbabwe,2005,2.98313031653946
zimbabwe,2006,3.07280893137844
zimbabwe,2007,3.01094566556729
zimbabwe,2008,2.8322370489716
zimbabwe,2009,2.64388052267808
zimbabwe,2010,2.52854941481566
zimbabwe,2011,2.84809452409361
zimbabwe,2012,3.24370600489254
zimbabwe,2013,3.32194431059278
zimbabwe,2014,3.4781334097138
zimbabwe,2015,3.65735694349302
zimbabwe,2016,3.20602589935586
zimbabwe,2017,2.61753535431381
zimbabwe,2018,2.900169803413
zimbabwe,2019,2.70699552629075
zimbabwe,2020,2.36561782909386
zimbabwe,2021,2.58840946381834
