nation,year,territorial_emissions
afghanistan,1949,0.004
afghanistan,1950,0.023
afghanistan,1951,0.025
afghanistan,1952,0.025
afghanistan,1953,0.029
afghanistan,1954,0.029
afghanistan,1955,0.042
afghanistan,1956,0.05
afghanistan,1957,0.08
afghanistan,1958,0.09
afghanistan,1959,0.104959448818898
afghanistan,1960,0.112959804531013
afghanistan,1961,0.133951338582677
afghanistan,1962,0.187935118110236
afghanistan,1963,0.192886456692913
afghanistan,1964,0.228862125984252
afghanistan,1965,0.274813464566929
afghanistan,1966,0.297805354330709
afghanistan,1967,0.349854015748031
afghanistan,1968,0.333894881654719
afghanistan,1969,0.256886456692913
afghanistan,1970,0.455894335208099
afghanistan,1971,0.516799536501189
afghanistan,1972,0.417671095490109
afghanistan,1973,0.446357424885246
afghanistan,1974,0.522148562860939
afghanistan,1975,0.57898004827833
afghanistan,1976,0.540627346929027
afghanistan,1977,0.650702763150644
afghanistan,1978,0.58769097600544
afghanistan,1979,0.609376151047453
afghanistan,1980,0.479340199888593
afghanistan,1981,0.539973441549612
afghanistan,1982,0.571664989195369
afghanistan,1983,0.687760308088534
afghanistan,1984,0.770070885981442
afghanistan,1985,0.95562820590407
afghanistan,1986,0.855252426538707
afghanistan,1987,0.849843364782291
afghanistan,1988,0.779720502745439
afghanistan,1989,0.754600171970579
afghanistan,1990,0.552490720524018
afghanistan,1991,0.522462094569819
afghanistan,1992,0.404490720524018
afghanistan,1993,0.405825054585153
afghanistan,1994,0.396787366142942
afghanistan,1995,0.386825054585153
afghanistan,1996,0.373936681222707
afghanistan,1997,0.355936681222707
afghanistan,1998,0.348936681222707
afghanistan,1999,0.297936681222707
afghanistan,2000,0.285788209606987
afghanistan,2001,0.291784388646288
afghanistan,2002,0.36599221976663
afghanistan,2003,0.425655701298899
afghanistan,2004,0.337676582969432
afghanistan,2005,0.515695141921397
afghanistan,2006,0.589333535074413
afghanistan,2007,0.76416730349345
afghanistan,2008,1.16115648622195
afghanistan,2009,1.7445108068587
afghanistan,2010,2.2829702510917
afghanistan,2011,3.23098144104803
afghanistan,2012,2.73889574235808
afghanistan,2013,2.52470251091703
afghanistan,2014,2.5028136919793
afghanistan,2015,2.67224153930131
afghanistan,2016,2.47478120738994
afghanistan,2017,2.69322298034935
afghanistan,2018,2.95252407723201
afghanistan,2019,3.02445991366972
afghanistan,2020,3.24455946180832
afghanistan,2021,3.35238768780597
afghanistan,2022,3.31548812385241
albania,1933,0.002
albania,1934,0.002
albania,1935,0.005
albania,1936,0.0349918897637795
albania,1937,0.0809837795275591
albania,1938,0.095
albania,1939,0.118
albania,1940,0.189
albania,1941,0.170983779527559
albania,1942,0.203
albania,1943,0.126
albania,1944,0.042
albania,1945,0.033
albania,1946,0.132
albania,1947,0.253
albania,1948,0.192
albania,1949,0.277
albania,1950,0.0809839773381986
albania,1951,0.109983779527559
albania,1952,0.101983937007874
albania,1953,0.112983779527559
albania,1954,0.136983779527559
albania,1955,0.180951338582677
albania,1956,0.228927007874016
albania,1957,0.410918897637795
albania,1958,0.327910787401575
albania,1959,0.393918897637795
albania,1960,0.551918897637795
albania,1961,0.621870444509043
albania,1962,0.671870236220472
albania,1963,0.567854015748032
albania,1964,0.549862125984252
albania,1965,0.592838068347517
albania,1966,0.695845683793123
albania,1967,0.730756692913386
albania,1968,0.837667480314961
albania,1969,0.884635039370079
albania,1970,1.02060220881581
albania,1971,1.18668753866006
albania,1972,1.53874926245562
albania,1973,1.44279631304254
albania,1974,1.18491052268994
albania,1975,1.25304902785216
albania,1976,1.35021776915261
albania,1977,1.56041019352605
albania,1978,1.77162792829908
albania,1979,2.06986105244339
albania,1980,1.41125453275994
albania,1981,2.00317191846138
albania,1982,1.99443413429628
albania,1983,2.08264444180685
albania,1984,2.1358905330704
albania,1985,2.15107545767306
albania,1986,2.19925691532736
albania,1987,2.03250021414045
albania,1988,2.00033349011544
albania,1989,2.45255705464116
albania,1990,1.50671452012564
albania,1991,1.17091307499241
albania,1992,0.686985825020255
albania,1993,0.638100086059676
albania,1994,0.525056241944679
albania,1995,0.570159636853322
albania,1996,0.550629891664544
albania,1997,0.421126971390624
albania,1998,0.478905328137517
albania,1999,0.815009775268391
albania,2000,0.825580222041756
albania,2001,0.879
albania,2002,1.023
albania,2003,1.17453587765351
albania,2004,1.13992478409551
albania,2005,1.1630494095731
albania,2006,1.0673348742887
albania,2007,1.07777554709055
albania,2008,1.20006635051644
albania,2009,1.2026615720524
albania,2010,1.30564001091703
albania,2011,1.45051200873362
albania,2012,1.32370633187773
albania,2013,1.44308554224705
albania,2014,1.63745919450491
albania,2015,1.28606551492816
albania,2016,1.26418638436247
albania,2017,1.44460908611494
albania,2018,1.33595885408007
albania,2019,1.31739731053965
albania,2020,1.36979296221085
albania,2021,1.33833297082178
albania,2022,1.35227341158473
algeria,1900,0
algeria,1901,0
algeria,1902,0
algeria,1903,0
algeria,1904,0
algeria,1905,0
algeria,1916,0.001
algeria,1917,0.002
algeria,1918,0.005
algeria,1919,0.005
algeria,1920,0.006
algeria,1921,0.007
algeria,1922,0.007
algeria,1923,0.004
algeria,1924,0.008
algeria,1925,0.009
algeria,1926,0.011
algeria,1927,0.016
algeria,1928,0.0199432283464567
algeria,1929,0.0219379390619651
algeria,1930,0.0229270078740157
algeria,1931,0.026915778316172
algeria,1932,0.0309026771653543
algeria,1933,0.0329188976377953
algeria,1934,0.0378945669291339
algeria,1935,0.0359289806341775
algeria,1936,0.0139270078740157
algeria,1937,0.0189270078740158
algeria,1938,0.009
algeria,1939,0.044
algeria,1940,0.065
algeria,1941,0.085
algeria,1942,0.136
algeria,1943,0.127910787401575
algeria,1944,0.135895336513593
algeria,1945,0.167886456692913
algeria,1946,0.2078708570998
algeria,1947,0.202862125984252
algeria,1948,0.218854679312813
algeria,1949,0.247861567789856
algeria,1950,1.0326431496063
algeria,1951,1.12750527559055
algeria,1952,1.06146472440945
algeria,1953,1.09143176310111
algeria,1954,1.13327007874016
algeria,1955,1.25725385826772
algeria,1956,1.36327871777566
algeria,1957,1.51121330708661
algeria,1958,1.42306732283465
algeria,1959,1.54394566929134
algeria,1960,1.67883212598425
algeria,1961,1.65281662097676
algeria,1962,1.54503550575409
algeria,1963,1.47902677165354
algeria,1964,1.54013220472441
algeria,1965,1.79818041056117
algeria,1966,2.29827007874016
algeria,1967,2.3011974352522
algeria,1968,2.4700426046734
algeria,1969,3.07395411965125
algeria,1970,4.10997811023622
algeria,1971,5.08993755905512
algeria,1972,7.72997811023622
algeria,1973,10.4468888976378
algeria,1974,8.69996188976378
algeria,1975,8.73395389928723
algeria,1976,10.6798773100379
algeria,1977,11.420554897584
algeria,1978,17.0456513321481
algeria,1979,12.4305544558141
algeria,1980,18.1267651311365
algeria,1981,12.6479208732172
algeria,1982,10.6913289380393
algeria,1983,14.3296695247261
algeria,1984,19.3631359757548
algeria,1985,19.8168854874627
algeria,1986,20.7642980905513
algeria,1987,22.8939689396088
algeria,1988,22.8460810824321
algeria,1989,21.7817319868439
algeria,1990,20.9436758591728
algeria,1991,21.508415373721
algeria,1992,21.802212151273
algeria,1993,22.3646206323743
algeria,1994,24.1835124462896
algeria,1995,26.412914450107
algeria,1996,27.3033382055453
algeria,1997,24.118289726729
algeria,1998,29.0765717507919
algeria,1999,24.9588165276449
algeria,2000,23.3074773794754
algeria,2001,23.7006693486163
algeria,2002,24.7522881034607
algeria,2003,25.8134851458527
algeria,2004,25.0311760238663
algeria,2005,30.2927172875509
algeria,2006,28.9017953959241
algeria,2007,29.9916598920615
algeria,2008,30.3186158555514
algeria,2009,32.4389556090667
algeria,2010,32.3016540625186
algeria,2011,34.1415302419833
algeria,2012,37.0290094383384
algeria,2013,38.4242303648236
algeria,2014,41.2889713499193
algeria,2015,43.6919899559629
algeria,2016,43.2537176022109
algeria,2017,45.0572070100767
algeria,2018,46.7456380816191
algeria,2019,48.7383212101631
algeria,2020,46.3681105366442
algeria,2021,49.1881031993522
algeria,2022,48.129133457532
andorra,1990,0.111
andorra,1991,0.111
andorra,1992,0.111
andorra,1993,0.112
andorra,1994,0.111
andorra,1995,0.116
andorra,1996,0.124
andorra,1997,0.127
andorra,1998,0.134
andorra,1999,0.14
andorra,2000,0.143
andorra,2001,0.143
andorra,2002,0.145
andorra,2003,0.146
andorra,2004,0.153
andorra,2005,0.157
andorra,2006,0.149
andorra,2007,0.147
andorra,2008,0.147
andorra,2009,0.141
andorra,2010,0.141
andorra,2011,0.134
andorra,2012,0.133
andorra,2013,0.13
andorra,2014,0.126
andorra,2015,0.127
andorra,2016,0.128
andorra,2017,0.127
andorra,2018,0.135
andorra,2019,0.132
andorra,2020,0.102
andorra,2021,0.0990846698756511
andorra,2022,0.100612816160816
angola,1950,0.051
angola,1951,0.068
angola,1952,0.085
angola,1953,0.0749675590551181
angola,1954,0.094951845472441
angola,1955,0.112918897637795
angola,1956,0.136902677165354
angola,1957,0.168854015748032
angola,1958,0.161813464566929
angola,1959,0.16882968503937
angola,1960,0.14982275642697
angola,1961,0.123828300364893
angola,1962,0.32181404207601
angola,1963,0.313789133858268
angola,1964,0.333764803149606
angola,1965,0.323732362204724
angola,1966,0.423708031496063
angola,1967,0.270691811023622
angola,1968,0.455660115439618
angola,1969,0.759577712074528
angola,1970,0.97650578144373
angola,1971,0.929416690206957
angola,1972,1.22831119038474
angola,1973,1.33014842519685
angola,1974,1.32816527375525
angola,1975,1.20327818897638
angola,1976,0.895208053473604
angola,1977,0.962748626632247
angola,1978,1.4737467509441
angola,1979,1.49814165217744
angola,1980,1.45588199662937
angola,1981,1.43743832329444
angola,1982,1.2650596540669
angola,1983,1.39206736506154
angola,1984,1.36076608696658
angola,1985,1.27623205295773
angola,1986,1.26469418738736
angola,1987,1.57915632181699
angola,1988,1.3780856260321
angola,1989,1.34354523524836
angola,1990,1.38915500403661
angola,1991,1.38211091992687
angola,1992,1.40951106613735
angola,1993,1.56888338500205
angola,1994,3.09859391080425
angola,1995,3.44340896886401
angola,1996,4.16183316559874
angola,1997,4.33522092187358
angola,1998,4.50690339173863
angola,1999,4.71104744723535
angola,2000,4.36547695136304
angola,2001,4.34182898790787
angola,2002,4.38864673291345
angola,2003,4.77195084805608
angola,2004,4.64401938855625
angola,2005,4.19945922924922
angola,2006,4.67926832308764
angola,2007,4.80020126894962
angola,2008,5.11740075472526
angola,2009,5.640920140789
angola,2010,6.27274038309997
angola,2011,6.3856525439663
angola,2012,7.07995629104116
angola,2013,7.01685072655915
angola,2014,6.75975029785467
angola,2015,7.10435529152391
angola,2016,6.54822767107216
angola,2017,6.17276939223162
angola,2018,5.85001577384715
angola,2019,5.24622613709849
angola,2020,4.57554195893962
angola,2021,4.77776068318492
angola,2022,4.38599016991755
anguilla,1990,0.013
anguilla,1991,0.013
anguilla,1992,0.013
anguilla,1993,0.015
anguilla,1994,0.015
anguilla,1995,0.016
anguilla,1996,0.017
anguilla,1997,0.017
anguilla,1998,0.018
anguilla,1999,0.018
anguilla,2000,0.021
anguilla,2001,0.023
anguilla,2002,0.023
anguilla,2003,0.024
anguilla,2004,0.028
anguilla,2005,0.03
anguilla,2006,0.033
anguilla,2007,0.034
anguilla,2008,0.034
anguilla,2009,0.034
anguilla,2010,0.036
anguilla,2011,0.034
anguilla,2012,0.033
anguilla,2013,0.032
anguilla,2014,0.033
anguilla,2015,0.038
anguilla,2016,0.038
anguilla,2017,0.035
anguilla,2018,0.036
anguilla,2019,0.04
anguilla,2020,0.039
anguilla,2021,0.0375814220517667
anguilla,2022,0.0379277807399928
antigua_barbuda,1957,0.006
antigua_barbuda,1958,0.008
antigua_barbuda,1959,0.008
antigua_barbuda,1960,0.01
antigua_barbuda,1961,0.013
antigua_barbuda,1962,0.028
antigua_barbuda,1963,0.023
antigua_barbuda,1964,0.025
antigua_barbuda,1965,0.041
antigua_barbuda,1966,0.095
antigua_barbuda,1967,0.154
antigua_barbuda,1968,0.27
antigua_barbuda,1969,0.343
antigua_barbuda,1970,0.126
antigua_barbuda,1971,0.116
antigua_barbuda,1972,0.102
antigua_barbuda,1973,0.09
antigua_barbuda,1974,0.117
antigua_barbuda,1975,0.193
antigua_barbuda,1976,0.11
antigua_barbuda,1977,0.127
antigua_barbuda,1978,0.134
antigua_barbuda,1979,0.111
antigua_barbuda,1980,0.039
antigua_barbuda,1981,0.029
antigua_barbuda,1982,0.08
antigua_barbuda,1983,0.023
antigua_barbuda,1984,0.04
antigua_barbuda,1985,0.068
antigua_barbuda,1986,0.068
antigua_barbuda,1987,0.075
antigua_barbuda,1988,0.078
antigua_barbuda,1989,0.078
antigua_barbuda,1990,0.066
antigua_barbuda,1991,0.068
antigua_barbuda,1992,0.068
antigua_barbuda,1993,0.07
antigua_barbuda,1994,0.073
antigua_barbuda,1995,0.074
antigua_barbuda,1996,0.079
antigua_barbuda,1997,0.085
antigua_barbuda,1998,0.088
antigua_barbuda,1999,0.094
antigua_barbuda,2000,0.097
antigua_barbuda,2001,0.101
antigua_barbuda,2002,0.111
antigua_barbuda,2003,0.117
antigua_barbuda,2004,0.123
antigua_barbuda,2005,0.131
antigua_barbuda,2006,0.141
antigua_barbuda,2007,0.146
antigua_barbuda,2008,0.147
antigua_barbuda,2009,0.152
antigua_barbuda,2010,0.15
antigua_barbuda,2011,0.149
antigua_barbuda,2012,0.152
antigua_barbuda,2013,0.152
antigua_barbuda,2014,0.155
antigua_barbuda,2015,0.159
antigua_barbuda,2016,0.163
antigua_barbuda,2017,0.165
antigua_barbuda,2018,0.168
antigua_barbuda,2019,0.175
antigua_barbuda,2020,0.169
antigua_barbuda,2021,0.162852828890989
antigua_barbuda,2022,0.164353716539969
argentina,1887,0.296
argentina,1888,0.243
argentina,1889,0.479
argentina,1890,0.374
argentina,1891,0.256
argentina,1892,0.378
argentina,1893,0.424
argentina,1894,0.544
argentina,1895,0.618
argentina,1896,0.629
argentina,1897,0.568
argentina,1898,0.641
argentina,1899,0.797
argentina,1900,0.565
argentina,1901,0.68
argentina,1902,0.768
argentina,1903,0.781
argentina,1904,1.036
argentina,1905,1.087
argentina,1906,1.707
argentina,1907,1.707
argentina,1908,2.079
argentina,1909,1.62
argentina,1910,2.431
argentina,1911,2.714
argentina,1912,2.587
argentina,1913,2.769
argentina,1914,2.367
argentina,1915,1.894
argentina,1916,1.361
argentina,1917,0.609
argentina,1918,0.688
argentina,1919,1.017
argentina,1920,1.608
argentina,1921,1.512
argentina,1922,1.992
argentina,1923,2.305
argentina,1924,2.991
argentina,1925,3.067
argentina,1926,3.073
argentina,1927,3.65
argentina,1928,3.47674047244094
argentina,1929,3.58361070866142
argentina,1930,3.48457826771654
argentina,1931,3.50540795275591
argentina,1932,3.57544850393701
argentina,1933,3.61143212624592
argentina,1934,3.88637551181102
argentina,1935,3.82020498878674
argentina,1936,4.12008354330709
argentina,1937,4.56085670730508
argentina,1938,4.46162906290036
argentina,1939,4.74275913385827
argentina,1940,4.32980751993963
argentina,1941,3.80471047244095
argentina,1942,3.67881558365954
argentina,1943,3.84194594357092
argentina,1944,3.80780779527559
argentina,1945,3.72979968503937
argentina,1946,3.73974291338583
argentina,1947,3.96149922760317
argentina,1948,4.74662125984252
argentina,1949,4.19340228346457
argentina,1950,8.16626440944882
argentina,1951,9.54228062992126
argentina,1952,9.85128874015748
argentina,1953,9.58917519685039
argentina,1954,10.0301186127355
argentina,1955,10.79694
argentina,1956,12.089721023622
argentina,1957,12.993388503937
argentina,1958,12.0612749606299
argentina,1959,13.359388503937
argentina,1960,13.3090884251969
argentina,1961,13.9537964566929
argentina,1962,14.6397721259843
argentina,1963,13.6552019685039
argentina,1964,15.1937885577775
argentina,1965,16.049358503937
argentina,1966,17.2141557480315
argentina,1967,17.8700823175389
argentina,1968,18.8343933858268
argentina,1969,21.0832068503937
argentina,1970,22.5567688976378
argentina,1971,24.2486704907004
argentina,1972,24.5815065829357
argentina,1973,25.6484461881659
argentina,1974,26.0590549928713
argentina,1975,25.8857749956538
argentina,1976,27.2104680886092
argentina,1977,27.485226152776
argentina,1978,27.990064206901
argentina,1979,30.1899957670846
argentina,1980,29.6550573619312
argentina,1981,27.8298422794826
argentina,1982,28.2071880495409
argentina,1983,28.69597062544
argentina,1984,29.05341172469
argentina,1985,27.4375588953657
argentina,1986,28.4252360949593
argentina,1987,31.3529554034897
argentina,1988,33.1344820726596
argentina,1989,31.9378880908505
argentina,1990,30.5892707423581
argentina,1991,32.0703449781659
argentina,1992,33.0869497816594
argentina,1993,32.1445100926917
argentina,1994,32.3333563132736
argentina,1995,34.1811644732289
argentina,1996,35.7900775177841
argentina,1997,37.2608471146288
argentina,1998,37.9380433449782
argentina,1999,40.3039185936656
argentina,2000,38.9643036108558
argentina,2001,36.6873026768559
argentina,2002,33.9668713899637
argentina,2003,36.5703666899563
argentina,2004,42.7708561589935
argentina,2005,43.9926779541485
argentina,2006,47.546374680131
argentina,2007,47.3477276517467
argentina,2008,51.1035643799127
argentina,2009,48.6110695720524
argentina,2010,50.7244366746725
argentina,2011,51.7674961474449
argentina,2012,52.2085461269787
argentina,2013,51.7297338607354
argentina,2014,51.4182676251503
argentina,2015,52.3318339616899
argentina,2016,51.8341807201012
argentina,2017,51.009519572357
argentina,2018,49.2902091576505
argentina,2019,48.720418939416
argentina,2020,45.5457370779961
argentina,2021,51.7860593875357
argentina,2022,52.637670669101
armenia,1850,6.84256266405335e-05
armenia,1851,0
armenia,1852,0
armenia,1853,0
armenia,1854,0
armenia,1855,0.000207484158200327
armenia,1856,0
armenia,1857,0
armenia,1858,0.000291360732791949
armenia,1859,0.000309018959021764
armenia,1860,0.000408346481564474
armenia,1861,0.000518710395500818
armenia,1862,0.0004679429950901
armenia,1863,0.000490015777877369
armenia,1864,0.000549612291402995
armenia,1865,0.000525332230336999
armenia,1866,0.00165987326560262
armenia,1867,0.0019048811545413
armenia,1868,0.00158482580412591
armenia,1869,0.00214988904347999
armenia,1870,0.00233309314061432
armenia,1871,0.00314978610374327
armenia,1872,0.00323366267833489
armenia,1873,0.00303500763324947
armenia,1874,0.00368394744719518
armenia,1875,0.00424018157343435
armenia,1876,0.00526435869476363
armenia,1877,0.00537251533042124
armenia,1878,0.00702135220463023
armenia,1879,0.00720455630176456
armenia,1880,0.00845166852924525
armenia,1881,0.00890195329810554
armenia,1882,0.00937651812803182
armenia,1883,0.0106721904776445
armenia,1884,0.0108355290702703
armenia,1885,0.0118023169563527
armenia,1886,0.0121047140805383
armenia,1887,0.0128088358514521
armenia,1888,0.0133606554211339
armenia,1889,0.0144289781080377
armenia,1890,0.0163404810974151
armenia,1891,0.0179915252499029
armenia,1892,0.0190443969888556
armenia,1893,0.022322205232765
armenia,1894,0.0227349662708869
armenia,1895,0.0261231384287327
armenia,1896,0.0265932887021015
armenia,1897,0.0307473864226655
armenia,1898,0.0344843085485502
armenia,1899,0.0400047115236461
armenia,1900,0.0453176303405417
armenia,1901,0.0465250115590053
armenia,1902,0.044935771198322
armenia,1903,0.0439557396425672
armenia,1904,0.0489044575434729
armenia,1905,0.0436533425183817
armenia,1906,0.0497917834115211
armenia,1907,0.0557713002685923
armenia,1908,0.0561134284017949
armenia,1909,0.0592345198879148
armenia,1910,0.0580911497395342
armenia,1911,0.0602277951133419
armenia,1912,0.0682247643171694
armenia,1913,0.0741137827648127
armenia,1914,0.0668893609585396
armenia,1915,0.0613954453227884
armenia,1916,0.0654369718511373
armenia,1917,0.0602233805567844
armenia,1918,0.0240173949508273
armenia,1919,0.0205144443224877
armenia,1920,0.0187066834122104
armenia,1921,0.0202870946597788
armenia,1922,0.0247413822262497
armenia,1923,0.0273305196471963
armenia,1924,0.032561769167779
armenia,1925,0.0321379717382635
armenia,1926,0.0465647425680224
armenia,1927,0.0578924946944488
armenia,1928,0.063567277613653
armenia,1929,0.068469765146977
armenia,1930,0.0934950194278685
armenia,1931,0.112418087994067
armenia,1932,0.126475952566287
armenia,1933,0.141553794652799
armenia,1934,0.171055221354265
armenia,1935,0.193332794735256
armenia,1936,0.221313138560703
armenia,1937,0.226554816525537
armenia,1938,0.23914715005995
armenia,1939,0.242091779724611
armenia,1940,0.290269774247565
armenia,1941,0.254996486586436
armenia,1942,0.139895090027431
armenia,1943,0.146002629024669
armenia,1944,0.211730961608598
armenia,1945,0.223192673477785
armenia,1946,0.25014219764223
armenia,1947,0.300874425794996
armenia,1948,0.319548869251426
armenia,1949,0.363079591898102
armenia,1950,0.404041584287219
armenia,1951,0.437425776721782
armenia,1952,0.468327597216466
armenia,1953,0.495311917141287
armenia,1954,0.540465781984886
armenia,1955,0.612770696105766
armenia,1956,0.672521540335444
armenia,1957,0.736167205400312
armenia,1958,0.786196441870588
armenia,1959,0.82657540688364
armenia,1960,0.860770457501115
armenia,1961,0.888688259658167
armenia,1962,0.934115915858967
armenia,1963,1.00309126053086
armenia,1964,1.06793097918665
armenia,1965,1.13339690681687
armenia,1966,1.19740363764607
armenia,1967,1.25346954917936
armenia,1968,1.29013610694162
armenia,1969,1.34469426487427
armenia,1970,1.41397500915868
armenia,1971,1.50323589184944
armenia,1972,1.58352221766839
armenia,1973,1.65272843465125
armenia,1974,1.71818257891838
armenia,1975,1.80809353311123
armenia,1976,1.87821508480535
armenia,1977,1.94288180844243
armenia,1978,2.01095769805583
armenia,1979,2.02754514903983
armenia,1980,2.10691890080913
armenia,1981,2.07028761061076
armenia,1982,2.1096978507684
armenia,1983,2.14127882226324
armenia,1984,2.16154292069731
armenia,1985,2.32924661273037
armenia,1986,2.20091906989074
armenia,1987,2.23513905048998
armenia,1988,2.53554464078567
armenia,1989,2.58255202778152
armenia,1990,2.44201574731068
armenia,1991,1.99448697353736
armenia,1992,1.56214458923913
armenia,1993,0.685111106304751
armenia,1994,0.732724458639625
armenia,1995,0.917765816696551
armenia,1996,0.682399615531154
armenia,1997,0.887762254751238
armenia,1998,0.933158889418449
armenia,1999,0.829749929314215
armenia,2000,0.952894923580786
armenia,2001,0.964165120087336
armenia,2002,0.839736165578497
armenia,2003,0.94311135371179
armenia,2004,1.00742276200873
armenia,2005,1.19436926855895
armenia,2006,1.20130731441048
armenia,2007,1.39197867915144
armenia,2008,1.5215038209607
armenia,2009,1.19086572052402
armenia,2010,1.16068504366812
armenia,2011,1.35613482532751
armenia,2012,1.568846069869
armenia,2013,1.51064519650655
armenia,2014,1.52950673096627
armenia,2015,1.49271925458088
armenia,2016,1.42003639553552
armenia,2017,1.51205047702418
armenia,2018,1.59000709089592
armenia,2019,1.71509558739833
armenia,2020,1.85562833331609
armenia,2021,1.92798668161911
armenia,2022,1.74884275163144
aruba,1850,0
aruba,1851,0
aruba,1852,0
aruba,1853,0
aruba,1854,0
aruba,1855,0
aruba,1856,0
aruba,1857,0
aruba,1858,0
aruba,1859,0
aruba,1860,0
aruba,1861,0
aruba,1862,0
aruba,1863,0
aruba,1864,0
aruba,1865,0
aruba,1866,0
aruba,1867,0
aruba,1868,0
aruba,1869,0
aruba,1870,0
aruba,1871,0
aruba,1872,0
aruba,1873,0
aruba,1874,0
aruba,1875,0
aruba,1876,0
aruba,1877,0
aruba,1878,0
aruba,1879,0
aruba,1880,0
aruba,1881,0
aruba,1882,0
aruba,1883,0
aruba,1884,0
aruba,1885,0
aruba,1886,0
aruba,1887,0
aruba,1888,0
aruba,1889,0
aruba,1890,0
aruba,1891,0
aruba,1892,0
aruba,1893,0
aruba,1894,0
aruba,1895,0
aruba,1896,0
aruba,1897,0
aruba,1898,0
aruba,1899,0
aruba,1900,0
aruba,1901,0
aruba,1902,0
aruba,1903,0
aruba,1904,0
aruba,1905,0
aruba,1906,0
aruba,1907,0
aruba,1908,0
aruba,1909,0
aruba,1910,0
aruba,1911,0
aruba,1912,0
aruba,1913,0
aruba,1914,0
aruba,1915,0
aruba,1916,0
aruba,1917,0
aruba,1918,0
aruba,1919,0
aruba,1920,0
aruba,1921,0
aruba,1922,0
aruba,1923,0
aruba,1924,0
aruba,1925,0
aruba,1926,0.00911404905580866
aruba,1927,0.00975949401656658
aruba,1928,0.0225837071907745
aruba,1929,0.0282233397556948
aruba,1930,0.0367285648414268
aruba,1931,0.0305075740494409
aruba,1932,0.0298461074052599
aruba,1933,0.0319380814979292
aruba,1934,0.0353186567001967
aruba,1935,0.0395712692430627
aruba,1936,0.0430067759313522
aruba,1937,0.0502188222836509
aruba,1938,0.0544485467073411
aruba,1939,0.0508116245703044
aruba,1940,0.0410612858014082
aruba,1941,0.0500402949540795
aruba,1942,0.0291571750180679
aruba,1943,0.0470923052042348
aruba,1944,0.0590421922259267
aruba,1945,0.0686025596056637
aruba,1946,0.076904080430731
aruba,1947,0.0871556690095776
aruba,1948,0.0892590871618347
aruba,1949,0
aruba,1950,0.111784738041002
aruba,1951,0.176299544419134
aruba,1952,0.101794988610478
aruba,1953,0.117812072892939
aruba,1954,0.238302961275626
aruba,1955,0.197116173120729
aruba,1956,0.254933940774487
aruba,1957,0.174123006833713
aruba,1958,0.152525056947608
aruba,1959,0.196334851936219
aruba,1960,0.168821184510251
aruba,1961,0.176187927107062
aruba,1962,0.19348861047836
aruba,1963,0.185340546697039
aruba,1964,0.180206150341686
aruba,1965,0.161677676537585
aruba,1966,0.151185649202734
aruba,1967,0.186233485193622
aruba,1968,0.173174259681093
aruba,1969,0.226638952164009
aruba,1970,0.25348291571754
aruba,1971,0.220611617312073
aruba,1972,0.213914578587699
aruba,1973,0.23729840546697
aruba,1974,0.215086560364465
aruba,1975,0.155761958997722
aruba,1976,0.332731207289294
aruba,1977,0.173788154897494
aruba,1978,0.148004555808656
aruba,1979,0.155259681093394
aruba,1980,0.159780182232346
aruba,1981,0.15219020501139
aruba,1982,0.170160592255125
aruba,1983,0.0874521640091116
aruba,1984,0.218379271070615
aruba,1985,0.255603644646925
aruba,1986,0.049
aruba,1987,0.122
aruba,1988,0.167
aruba,1989,0.177
aruba,1990,0.133
aruba,1991,0.145
aruba,1992,0.147
aruba,1993,0.177
aruba,1994,0.18
aruba,1995,0.193
aruba,1996,0.198
aruba,1997,0.207
aruba,1998,0.22
aruba,1999,0.221
aruba,2000,0.649
aruba,2001,0.657
aruba,2002,0.665
aruba,2003,0.699
aruba,2004,0.714
aruba,2005,0.742
aruba,2006,0.741
aruba,2007,0.77
aruba,2008,0.725
aruba,2009,0.717
aruba,2010,0.684
aruba,2011,0.682
aruba,2012,0.368
aruba,2013,0.235
aruba,2014,0.238
aruba,2015,0.245
aruba,2016,0.241
aruba,2017,0.243
aruba,2018,0.238
aruba,2019,0.243
aruba,2020,0.243
aruba,2021,0.2341611681687
aruba,2022,0.236319249226109
australia,1850,0.0305820009434216
australia,1851,0.0290334908417313
australia,1852,0.0289450290888339
australia,1853,0.0415723001759676
australia,1854,0.0500891057352644
australia,1855,0.0588639963115096
australia,1856,0.0815737600990279
australia,1857,0.0903658277146707
australia,1858,0.0929264948628625
australia,1859,0.132354671096029
australia,1860,0.163692461772944
australia,1861,0.152995460488111
australia,1862,0.21496592437467
australia,1863,0.196629434817771
australia,1864,0.246495668466852
australia,1865,0.265695304253478
australia,1866,0.34936122775113
australia,1867,0.338387676131996
australia,1868,0.418193060025045
australia,1869,0.399750072823881
australia,1870,0.382748668654158
australia,1871,0.393261446191452
australia,1872,0.44667302077219
australia,1873,0.52689666557457
australia,1874,0.580139046317242
australia,1875,0.584807765625499
australia,1876,0.589017857981842
australia,1877,0.647406479728024
australia,1878,0.699138569281665
australia,1879,0.703568527742297
australia,1880,0.659793272263592
australia,1881,0.792880114663942
australia,1882,0.94152978418447
australia,1883,1.13175518928884
australia,1884,1.23687995867989
australia,1885,1.32950929076117
australia,1886,1.3180406109814
australia,1887,1.37085657172103
australia,1888,1.53090621286374
australia,1889,1.70586681248148
australia,1890,1.48767761666386
australia,1891,1.87900578707111
australia,1892,1.76297617421853
australia,1893,1.57562835263923
australia,1894,1.7799449420134
australia,1895,1.84246850656856
australia,1896,1.95611609348269
australia,1897,2.15794673583004
australia,1898,2.32366694710386
australia,1899,2.37352707012454
australia,1900,2.775
australia,1901,3.122
australia,1902,3.11
australia,1903,3.06343012668863
australia,1904,3.1506523052105
australia,1905,3.28941937448677
australia,1906,3.91868493192797
australia,1907,4.22679708936208
australia,1908,4.58298905330259
australia,1909,3.97929280258351
australia,1910,4.83270190117197
australia,1911,5.32936507356916
australia,1912,5.78907300537692
australia,1913,6.22306215024367
australia,1914,6.80198028110129
australia,1915,6.0778984119589
australia,1916,5.4185659261709
australia,1917,5.82272852474262
australia,1918,6.37680856096339
australia,1919,6.05494931787425
australia,1920,7.17961462358127
australia,1921,6.4916251262411
australia,1922,6.80175899374284
australia,1923,7.00993005374811
australia,1924,7.69395444634866
australia,1925,8.08731736850311
australia,1926,8.07511520692816
australia,1927,8.53414394622651
australia,1928,7.91991794902737
australia,1929,7.34335745092909
australia,1930,7.06863909685292
australia,1931,6.15485058632354
australia,1932,6.29118481823
australia,1933,6.76351803819142
australia,1934,7.15303586694357
australia,1935,7.9033647915174
australia,1936,8.60089725299587
australia,1937,9.21282375211658
australia,1938,9.19670774822236
australia,1939,10.3667208627857
australia,1940,9.64696727764524
australia,1941,10.7354582707204
australia,1942,11.4702815178724
australia,1943,11.2428234599237
australia,1944,11.1973174087887
australia,1945,10.687665209383
australia,1946,11.6648914201504
australia,1947,12.2207135924612
australia,1948,12.830975620546
australia,1949,13.1179830062639
australia,1950,15.2123828268808
australia,1951,16.6817177752838
australia,1952,17.043294169692
australia,1953,17.2041126744003
australia,1954,18.5432832224016
australia,1955,19.6419821939102
australia,1956,20.6010927084759
australia,1957,20.6002417191561
australia,1958,21.2708277190623
australia,1959,22.6724331469784
australia,1960,23.865794169556
australia,1961,23.7471396694879
australia,1962,24.8113005932914
australia,1963,26.1997292909035
australia,1964,28.2600302022241
australia,1965,31.0057021942796
australia,1966,31.587396797328
australia,1967,33.3735233233561
australia,1968,35.1441227146088
australia,1969,37.2307695458853
australia,1970,40.3550815591494
australia,1971,41.2434653167531
australia,1972,41.9209195953777
australia,1973,46.4366324052478
australia,1974,45.3555528456949
australia,1975,47.2438627826009
australia,1976,46.3436302133552
australia,1977,49.6491960296464
australia,1978,52.1429020975667
australia,1979,52.4896083226931
australia,1980,55.7778943392051
australia,1981,58.3542376351602
australia,1982,59.4980637925713
australia,1983,56.6717741974548
australia,1984,59.3657867815928
australia,1985,61.2870867213243
australia,1986,61.1463642917747
australia,1987,64.0283415771071
australia,1988,65.7033418016228
australia,1989,70.0973337123244
australia,1990,75.9171037268741
australia,1991,76.2920392500781
australia,1992,77.6552328952096
australia,1993,78.8410226214309
australia,1994,80.1585479202886
australia,1995,83.2575289537279
australia,1996,85.1365978417499
australia,1997,87.4270626535095
australia,1998,91.1941989892452
australia,1999,93.8753292565916
australia,2000,95.5261178347453
australia,2001,97.648305257517
australia,2002,98.9455604664664
australia,2003,100.830169499511
australia,2004,104.496030009498
australia,2005,105.40539713917
australia,2006,107.105986166605
australia,2007,109.081948774874
australia,2008,110.331795790035
australia,2009,111.211014105748
australia,2010,110.674718840083
australia,2011,110.332093199085
australia,2012,110.966083717898
australia,2013,108.975985572149
australia,2014,107.273300047072
australia,2015,109.546495715984
australia,2016,111.968775431568
australia,2017,112.89723381975
australia,2018,113.359912787481
australia,2019,113.485608639936
australia,2020,108.265603111281
australia,2021,105.514993315655
australia,2022,107.063115482336
austria,1850,0.635
austria,1851,0.637
austria,1852,0.767
austria,1853,0.88
austria,1854,0.867
austria,1855,1.01
austria,1856,1.155
austria,1857,1.33
austria,1858,1.977
austria,1859,1.601
austria,1860,1.678
austria,1861,1.741
austria,1862,1.734
austria,1863,1.604
austria,1864,1.385
austria,1865,1.461
austria,1866,0.981
austria,1867,1.341
austria,1868,1.657
austria,1869,1.77
austria,1870,2.01
austria,1871,2.768
austria,1872,2.731
austria,1873,2.928
austria,1874,2.498
austria,1875,2.145
austria,1876,2.208
austria,1877,1.988
austria,1878,1.976
austria,1879,2.419
austria,1880,6.454
austria,1881,2.815
austria,1882,2.893
austria,1883,3.21
austria,1884,3.128
austria,1885,3.288
austria,1886,3.103
austria,1887,3.345
austria,1888,3.262
austria,1889,3.514
austria,1890,3.558
austria,1891,4.079
austria,1892,3.948
austria,1893,4.831
austria,1894,4.948
austria,1895,5.56
austria,1896,5.813
austria,1897,6.283
austria,1898,6.674
austria,1899,6.773
austria,1900,7.559
austria,1901,7.738
austria,1902,7.013
austria,1903,7.014
austria,1904,7.426
austria,1905,7.808
austria,1906,9.328
austria,1907,11.653
austria,1908,16.384
austria,1909,11.911
austria,1910,16.044
austria,1911,13.412
austria,1912,14.107
austria,1913,16.644
austria,1914,13.552
austria,1915,9.646
austria,1916,2.48
austria,1917,0.942
austria,1918,0.911
austria,1919,0.823
austria,1920,3.965
austria,1921,5.278
austria,1922,5.073
austria,1923,4.852
austria,1924,5.484
austria,1925,5.183
austria,1926,5.082
austria,1927,5.492
austria,1928,5.78342407365602
austria,1929,6.59735938843036
austria,1930,5.14833496062992
austria,1931,4.94066748031496
austria,1932,4.14061070866142
austria,1933,3.88369189035154
austria,1934,3.75365937007874
austria,1935,3.79959448818898
austria,1936,3.70959448818898
austria,1937,4.16452949333243
austria,1938,1.57928584721717
austria,1939,1.72918133935598
austria,1940,2.00409976377953
austria,1941,2.17606775106108
austria,1942,2.3322457480315
austria,1943,2.62314842519685
austria,1944,2.563
austria,1945,1.245
austria,1946,3.4825700340333
austria,1947,4.81169181102362
austria,1948,6.6832050779213
austria,1949,7.25279951954717
austria,1950,5.70258070866142
austria,1951,6.34936958580197
austria,1952,6.02346716535433
austria,1953,5.92645905511811
austria,1954,6.68820763779528
austria,1955,7.93394811023622
austria,1956,7.69786673082607
austria,1957,7.96364803149606
austria,1958,7.6656237007874
austria,1959,7.61733173228347
austria,1960,8.40187755905512
austria,1961,8.68560181102362
austria,1962,9.24262577679358
austria,1963,10.0843503937008
austria,1964,10.6158390570164
austria,1965,10.4095393700787
austria,1966,10.7010360717745
austria,1967,10.8939878740157
austria,1968,11.5439793290518
austria,1969,12.1829712409441
austria,1970,13.8186955217967
austria,1971,14.2109984532834
austria,1972,15.3032667027292
austria,1973,16.3797834038129
austria,1974,15.637053269875
austria,1975,14.7963114026994
austria,1976,15.8853143451909
austria,1977,15.2821209401572
austria,1978,15.618581933947
austria,1979,16.73616965329
austria,1980,14.1989441858879
austria,1981,15.238235079422
austria,1982,14.6193469223925
austria,1983,14.1015934093182
austria,1984,14.7964108044286
austria,1985,14.8379694984238
austria,1986,14.6639005956439
austria,1987,15.6588194593723
austria,1988,14.4479315414115
austria,1989,14.6551008295191
austria,1990,16.967019560437
austria,1991,17.9491419106335
austria,1992,16.4481850952241
austria,1993,16.5644453248662
austria,1994,16.6666602128705
austria,1995,17.4792736207552
austria,1996,18.3920727612223
austria,1997,18.3638443122401
austria,1998,18.2642003245207
austria,1999,17.9233926690301
austria,2000,18.0599671438947
austria,2001,19.1515607414178
austria,2002,19.643814660188
austria,2003,21.1249708467613
austria,2004,21.2061158152967
austria,2005,21.5877181200712
austria,2006,20.9654514944677
austria,2007,20.228656021155
austria,2008,20.058806304579
austria,2009,18.3720877542092
austria,2010,19.6553828166291
austria,2011,19.0800376191222
austria,2012,18.3632423032364
austria,2013,18.4978280373898
austria,2014,17.5152565818483
austria,2015,18.1128933761244
austria,2016,18.3478642690101
austria,2017,18.9979986123341
austria,2018,18.1691846071397
austria,2019,18.5469862516448
austria,2020,16.95449001358
austria,2021,18.0181855684725
austria,2022,16.7817742466805
azerbaijan,1850,0
azerbaijan,1851,0
azerbaijan,1852,0
azerbaijan,1853,0
azerbaijan,1854,0
azerbaijan,1855,0
azerbaijan,1856,0
azerbaijan,1857,0
azerbaijan,1858,0
azerbaijan,1859,0
azerbaijan,1860,0.00244776771470059
azerbaijan,1861,0.00310932655651157
azerbaijan,1862,0.00280500948927852
azerbaijan,1863,0.00293732125764071
azerbaijan,1864,0.00329456303221864
azerbaijan,1865,0.00314902008702022
azerbaijan,1866,0.00994984498083701
azerbaijan,1867,0.0114185056096574
azerbaijan,1868,0.00949998496840555
azerbaijan,1869,0.0128871662384777
azerbaijan,1870,0.0139853539158839
azerbaijan,1871,0.0188808893452851
azerbaijan,1872,0.0193836740650615
azerbaijan,1873,0.0181928681498017
azerbaijan,1874,0.0220828341396502
azerbaijan,1875,0.0254170907023775
azerbaijan,1876,0.0315563567543834
azerbaijan,1877,0.0322046844193581
azerbaijan,1878,0.042088373516014
azerbaijan,1879,0.0431865611934202
azerbaijan,1880,0.0506621761058842
azerbaijan,1881,0.053361336180473
azerbaijan,1882,0.0562060392002601
azerbaijan,1883,0.063972740003121
azerbaijan,1884,0.0649518470890012
azerbaijan,1885,0.0707471025432653
azerbaijan,1886,0.0725597737698274
azerbaijan,1887,0.0767805191805814
azerbaijan,1888,0.0800883133896362
azerbaijan,1889,0.0864922029783664
azerbaijan,1890,0.0979504021185325
azerbaijan,1891,0.107847322392025
azerbaijan,1892,0.114158593742901
azerbaijan,1893,0.133806891344687
azerbaijan,1894,0.13628112141306
azerbaijan,1895,0.156590977856657
azerbaijan,1896,0.159409218522772
azerbaijan,1897,0.184310293328537
azerbaijan,1898,0.206710675712256
azerbaijan,1899,0.239801848979641
azerbaijan,1900,0.271649291624421
azerbaijan,1901,0.278886745353833
azerbaijan,1902,0.269360298031755
azerbaijan,1903,0.263485655516474
azerbaijan,1904,0.293149953983278
azerbaijan,1905,0.261672984289912
azerbaijan,1906,0.298468887071438
azerbaijan,1907,0.334312145120756
azerbaijan,1908,0.33636297753037
azerbaijan,1909,0.355071861576785
azerbaijan,1910,0.348218111975623
azerbaijan,1911,0.361025891153083
azerbaijan,1912,0.408962444830706
azerbaijan,1913,0.44426322462974
azerbaijan,1914,0.400957582844794
azerbaijan,1915,0.368025183699444
azerbaijan,1916,0.392251468486561
azerbaijan,1917,0.360999428799411
azerbaijan,1918,0.143968435154904
azerbaijan,1919,0.122970557515823
azerbaijan,1920,0.11213422368696
azerbaijan,1921,0.121607746301693
azerbaijan,1922,0.148308261157184
azerbaijan,1923,0.163828431586069
azerbaijan,1924,0.195186320687909
azerbaijan,1925,0.192645934735355
azerbaijan,1926,0.279124906536885
azerbaijan,1927,0.347027306060363
azerbaijan,1928,0.381967040197373
azerbaijan,1929,0.411600456269561
azerbaijan,1930,0.561715569397555
azerbaijan,1931,0.675249209354995
azerbaijan,1932,0.759850481360369
azerbaijan,1933,0.849972451183004
azerbaijan,1934,1.0272595037693
azerbaijan,1935,1.1612569597789
azerbaijan,1936,1.32960543483921
azerbaijan,1937,1.3609009035645
azerbaijan,1938,1.43650966499965
azerbaijan,1939,1.45415505509286
azerbaijan,1940,1.74281651602638
azerbaijan,1941,1.5312837382562
azerbaijan,1942,0.838578756702752
azerbaijan,1943,0.875189423008571
azerbaijan,1944,1.26918740683751
azerbaijan,1945,1.33858955376864
azerbaijan,1946,1.5007656524467
azerbaijan,1947,1.80542753578626
azerbaijan,1948,1.91825825700791
azerbaijan,1949,2.17976751757476
azerbaijan,1950,2.42646495604641
azerbaijan,1951,2.62722783804938
azerbaijan,1952,2.81342232560542
azerbaijan,1953,2.97621558157181
azerbaijan,1954,3.24816060044905
azerbaijan,1955,3.68333973834539
azerbaijan,1956,4.04334396961936
azerbaijan,1957,4.42758319514144
azerbaijan,1958,4.73006740732808
azerbaijan,1959,4.97440038514179
azerbaijan,1960,5.18135580887202
azerbaijan,1961,5.34915946812878
azerbaijan,1962,5.62076822682515
azerbaijan,1963,6.03386953398519
azerbaijan,1964,6.42223186919016
azerbaijan,1965,6.81513887095269
azerbaijan,1966,7.19895738210239
azerbaijan,1967,7.5325002244225
azerbaijan,1968,7.7491898551667
azerbaijan,1969,8.07398817081897
azerbaijan,1970,8.48943882014488
azerbaijan,1971,9.01467796558165
azerbaijan,1972,9.48908756120177
azerbaijan,1973,9.89494145199378
azerbaijan,1974,10.2773331333388
azerbaijan,1975,10.8072086280421
azerbaijan,1976,11.2243060678587
azerbaijan,1977,11.607459567904
azerbaijan,1978,12.009302741063
azerbaijan,1979,12.1098379500065
azerbaijan,1980,12.5845439424758
azerbaijan,1981,12.3530478157507
azerbaijan,1982,12.5869767718611
azerbaijan,1983,12.7686882820728
azerbaijan,1984,12.8846601708194
azerbaijan,1985,13.8914487887146
azerbaijan,1986,14.4973784521019
azerbaijan,1987,13.5385654963836
azerbaijan,1988,13.9225753492515
azerbaijan,1989,13.8218301633083
azerbaijan,1990,13.9604815514496
azerbaijan,1991,13.5786572158205
azerbaijan,1992,15.3314411296099
azerbaijan,1993,13.2112713417432
azerbaijan,1994,11.4478312835311
azerbaijan,1995,9.09097976139946
azerbaijan,1996,8.5268310314205
azerbaijan,1997,8.14489552459963
azerbaijan,1998,8.67491080079846
azerbaijan,1999,7.86615545149187
azerbaijan,2000,8.12372036899563
azerbaijan,2001,7.75531139843555
azerbaijan,2002,7.79758022544822
azerbaijan,2003,8.32084708919582
azerbaijan,2004,8.80268533145874
azerbaijan,2005,9.33230402074236
azerbaijan,2006,9.42189575590336
azerbaijan,2007,8.19781241784733
azerbaijan,2008,9.01651529747554
azerbaijan,2009,7.94284271378739
azerbaijan,2010,7.51884592576419
azerbaijan,2011,8.24503504715039
azerbaijan,2012,8.94468952814006
azerbaijan,2013,9.1580850545275
azerbaijan,2014,9.37457025831244
azerbaijan,2015,9.46587078385939
azerbaijan,2016,9.47798284254166
azerbaijan,2017,9.44515361898583
azerbaijan,2018,9.43663387169451
azerbaijan,2019,10.2996439588164
azerbaijan,2020,9.86605576193752
azerbaijan,2021,10.4622330647688
azerbaijan,2022,10.3882794262056
bahamas,1950,0.015
bahamas,1951,0.018
bahamas,1952,0.021
bahamas,1953,0.022
bahamas,1954,0.023
bahamas,1955,0.035
bahamas,1956,0.038
bahamas,1957,0.048
bahamas,1958,0.049
bahamas,1959,0.071
bahamas,1960,0.112
bahamas,1961,0.149
bahamas,1962,0.198
bahamas,1963,0.193
bahamas,1964,0.296
bahamas,1965,0.359
bahamas,1966,0.298
bahamas,1967,0.464245748031496
bahamas,1968,0.444245748031496
bahamas,1969,0.475099763779528
bahamas,1970,0.701083543307087
bahamas,1971,1.83508354330709
bahamas,1972,1.76891322834646
bahamas,1973,2.14594566929134
bahamas,1974,2.01412409448819
bahamas,1975,2.25057826771654
bahamas,1976,1.76238973856593
bahamas,1977,2.64975123131676
bahamas,1978,1.8005032917031
bahamas,1979,1.88745974647393
bahamas,1980,2.17579828374534
bahamas,1981,0.763766359469877
bahamas,1982,0.616398858962758
bahamas,1983,0.549774469706098
bahamas,1984,0.506
bahamas,1985,0.412
bahamas,1986,0.385
bahamas,1987,0.388
bahamas,1988,0.42
bahamas,1989,0.531
bahamas,1990,0.552
bahamas,1991,0.545
bahamas,1992,0.51
bahamas,1993,0.476
bahamas,1994,0.483
bahamas,1995,0.502
bahamas,1996,0.495
bahamas,1997,0.439
bahamas,1998,0.543
bahamas,1999,0.555
bahamas,2000,0.553
bahamas,2001,0.531
bahamas,2002,0.556
bahamas,2003,0.565
bahamas,2004,0.559
bahamas,2005,0.52
bahamas,2006,0.506
bahamas,2007,0.511
bahamas,2008,0.523
bahamas,2009,0.588
bahamas,2010,0.608
bahamas,2011,0.577
bahamas,2012,0.56
bahamas,2013,0.554
bahamas,2014,0.583
bahamas,2015,0.613
bahamas,2016,0.603
bahamas,2017,0.685
bahamas,2018,0.661
bahamas,2019,0.67
bahamas,2020,0.596
bahamas,2021,0.573327299967934
bahamas,2022,0.578602609219378
bahrain,1933,0.003
bahrain,1934,0.033
bahrain,1935,0.145
bahrain,1936,0.532
bahrain,1937,0.888
bahrain,1938,0.949
bahrain,1939,0.869
bahrain,1940,0.81
bahrain,1941,0.778
bahrain,1942,0.714
bahrain,1943,0.753
bahrain,1944,0.769
bahrain,1945,0.836
bahrain,1946,0.917
bahrain,1947,1.078
bahrain,1948,1.249
bahrain,1949,1.258
bahrain,1950,0.377
bahrain,1951,0.321
bahrain,1952,0.351
bahrain,1953,0.272
bahrain,1954,0.285
bahrain,1955,0.383
bahrain,1956,0.288
bahrain,1957,0.206
bahrain,1958,0.352
bahrain,1959,0.358
bahrain,1960,0.157
bahrain,1961,0.483
bahrain,1962,0.434
bahrain,1963,0.326
bahrain,1964,0.436
bahrain,1965,0.335
bahrain,1966,0.177
bahrain,1967,0.274
bahrain,1968,0.301
bahrain,1969,0.347
bahrain,1970,0.707
bahrain,1971,0.829
bahrain,1972,1.004
bahrain,1973,1.506
bahrain,1974,1.474
bahrain,1975,1.569
bahrain,1976,1.793
bahrain,1977,2.037
bahrain,1978,2.118
bahrain,1979,2.218
bahrain,1980,2.151
bahrain,1981,2.325
bahrain,1982,2.683
bahrain,1983,2.244
bahrain,1984,2.511
bahrain,1985,2.78
bahrain,1986,3.003
bahrain,1987,3.117
bahrain,1988,3.31401719150127
bahrain,1989,3.19780181426635
bahrain,1990,3.15385620089242
bahrain,1991,3.10895813044075
bahrain,1992,2.86367825624049
bahrain,1993,4.59605962481047
bahrain,1994,3.94187083938514
bahrain,1995,4.04561050946703
bahrain,1996,4.37190092248276
bahrain,1997,4.71857497793534
bahrain,1998,5.0126516020768
bahrain,1999,4.99858932583256
bahrain,2000,5.24938974794734
bahrain,2001,4.19620441262485
bahrain,2002,4.33078964246357
bahrain,2003,4.57682609596957
bahrain,2004,4.88086924340392
bahrain,2005,5.40503627566238
bahrain,2006,5.3005321021906
bahrain,2007,7.30652958065119
bahrain,2008,8.10079638046278
bahrain,2009,7.66868757515875
bahrain,2010,7.9354353415801
bahrain,2011,7.76955401092312
bahrain,2012,7.40147101014144
bahrain,2013,8.50372723855705
bahrain,2014,8.43333227153151
bahrain,2015,8.85907514069921
bahrain,2016,8.61340143014416
bahrain,2017,8.96156761307594
bahrain,2018,8.90746403877215
bahrain,2019,10.2574052388964
bahrain,2020,10.2063182156348
bahrain,2021,10.4046024000365
bahrain,2022,10.315412985555
bangladesh,1850,0
bangladesh,1851,0
bangladesh,1852,0
bangladesh,1853,0
bangladesh,1854,0
bangladesh,1855,0
bangladesh,1856,0
bangladesh,1857,0
bangladesh,1858,0
bangladesh,1859,0
bangladesh,1860,0
bangladesh,1861,0
bangladesh,1862,0
bangladesh,1863,0
bangladesh,1864,0
bangladesh,1865,0
bangladesh,1866,0
bangladesh,1867,0
bangladesh,1868,0
bangladesh,1869,0
bangladesh,1870,0
bangladesh,1871,0
bangladesh,1872,0
bangladesh,1873,0
bangladesh,1874,0
bangladesh,1875,0
bangladesh,1876,0
bangladesh,1877,0
bangladesh,1878,0
bangladesh,1879,0
bangladesh,1880,0
bangladesh,1881,0
bangladesh,1882,0
bangladesh,1883,0
bangladesh,1884,0
bangladesh,1885,0
bangladesh,1886,0
bangladesh,1887,0
bangladesh,1888,0
bangladesh,1889,0
bangladesh,1890,0
bangladesh,1891,0
bangladesh,1892,0
bangladesh,1893,0
bangladesh,1894,0
bangladesh,1895,0
bangladesh,1896,0
bangladesh,1897,0
bangladesh,1898,0
bangladesh,1899,0
bangladesh,1900,0
bangladesh,1901,0
bangladesh,1902,0
bangladesh,1903,0
bangladesh,1904,0
bangladesh,1905,0
bangladesh,1906,0
bangladesh,1907,0
bangladesh,1908,0
bangladesh,1909,0
bangladesh,1910,0
bangladesh,1911,0
bangladesh,1912,0
bangladesh,1913,0
bangladesh,1914,0
bangladesh,1915,0
bangladesh,1916,0
bangladesh,1917,0
bangladesh,1918,0
bangladesh,1919,0
bangladesh,1920,0
bangladesh,1921,0
bangladesh,1922,0
bangladesh,1923,0
bangladesh,1924,0
bangladesh,1925,0
bangladesh,1926,0
bangladesh,1927,0
bangladesh,1928,0
bangladesh,1929,0
bangladesh,1930,0
bangladesh,1931,0
bangladesh,1932,0
bangladesh,1933,0
bangladesh,1934,0
bangladesh,1935,0
bangladesh,1936,0
bangladesh,1937,0
bangladesh,1938,0
bangladesh,1939,0
bangladesh,1940,0
bangladesh,1941,0
bangladesh,1942,0
bangladesh,1943,0
bangladesh,1944,0
bangladesh,1945,0
bangladesh,1946,0.0320616113744076
bangladesh,1947,0.0331563981042654
bangladesh,1948,0.0365931885822092
bangladesh,1949,0.0519194027517346
bangladesh,1950,0.271033864595411
bangladesh,1951,0.334686964999822
bangladesh,1952,0.353454491985039
bangladesh,1953,0.359709913335894
bangladesh,1954,0.365339628432796
bangladesh,1955,0.376443922539564
bangladesh,1956,0.446040020424187
bangladesh,1957,0.460894980155212
bangladesh,1958,0.517511279451778
bangladesh,1959,0.502185307360745
bangladesh,1960,0.603685966046265
bangladesh,1961,0.625111769062494
bangladesh,1962,0.686887574993356
bangladesh,1963,0.789640324512112
bangladesh,1964,0.811848379850454
bangladesh,1965,0.85188488368812
bangladesh,1966,0.866898011164802
bangladesh,1967,0.920071604321856
bangladesh,1968,1.05503971932293
bangladesh,1969,1.0232879518336
bangladesh,1970,1.03798993031204
bangladesh,1971,0.984124484527383
bangladesh,1972,0.956856259281337
bangladesh,1973,1.24172873903512
bangladesh,1974,1.26994656826415
bangladesh,1975,1.32552477270857
bangladesh,1976,1.51632031071526
bangladesh,1977,1.57880827958866
bangladesh,1978,1.6333031151871
bangladesh,1979,1.8047620889462
bangladesh,1980,2.07347673359978
bangladesh,1981,2.15232965636917
bangladesh,1982,2.33413969998417
bangladesh,1983,2.2347930591686
bangladesh,1984,2.47739085706304
bangladesh,1985,2.78088466065024
bangladesh,1986,3.11293852281768
bangladesh,1987,3.22044957888856
bangladesh,1988,3.67861370881855
bangladesh,1989,3.65239159681398
bangladesh,1990,3.84323044604361
bangladesh,1991,4.02346702964778
bangladesh,1992,4.19757195800467
bangladesh,1993,4.38397830699166
bangladesh,1994,4.78657615689027
bangladesh,1995,5.74282575859618
bangladesh,1996,5.86594325438131
bangladesh,1997,6.31164521490087
bangladesh,1998,6.33127740817395
bangladesh,1999,6.84361021768568
bangladesh,2000,7.23924961508699
bangladesh,2001,8.47022617788246
bangladesh,2002,8.7285051293117
bangladesh,2003,9.131903522019
bangladesh,2004,9.81042888957199
bangladesh,2005,10.2829095338999
bangladesh,2006,11.3780480349345
bangladesh,2007,11.638135371179
bangladesh,2008,12.3637751091703
bangladesh,2009,13.4137751091703
bangladesh,2010,14.7356859553188
bangladesh,2011,15.4356834061135
bangladesh,2012,16.5687224480717
bangladesh,2013,16.8665354255767
bangladesh,2014,18.0155563438176
bangladesh,2015,19.9665814485104
bangladesh,2016,20.7978380147413
bangladesh,2017,22.0365107952625
bangladesh,2018,22.5315750117286
bangladesh,2019,27.5087001734086
bangladesh,2020,25.549934674522
bangladesh,2021,26.954231011181
bangladesh,2022,27.8666340530872
barbados,1928,0.001
barbados,1929,0.001
barbados,1930,0.002
barbados,1931,0.001
barbados,1932,0.001
barbados,1933,0.001
barbados,1934,0.001
barbados,1935,0
barbados,1936,0
barbados,1937,0
barbados,1938,0
barbados,1939,0.001
barbados,1940,0
barbados,1941,0
barbados,1942,0
barbados,1943,0
barbados,1944,0
barbados,1945,0
barbados,1946,0
barbados,1947,0.001
barbados,1948,0.001
barbados,1949,0.001
barbados,1950,0.02
barbados,1951,0.03
barbados,1952,0.024
barbados,1953,0.03
barbados,1954,0.031
barbados,1955,0.035
barbados,1956,0.035
barbados,1957,0.037
barbados,1958,0.041
barbados,1959,0.041
barbados,1960,0.047
barbados,1961,0.053
barbados,1962,0.071
barbados,1963,0.052
barbados,1964,0.049
barbados,1965,0.056
barbados,1966,0.073
barbados,1967,0.092
barbados,1968,0.12
barbados,1969,0.131
barbados,1970,0.117
barbados,1971,0.132
barbados,1972,0.137
barbados,1973,0.131
barbados,1974,0.134
barbados,1975,0.155
barbados,1976,0.145
barbados,1977,0.161
barbados,1978,0.172
barbados,1979,0.164
barbados,1980,0.184
barbados,1981,0.187
barbados,1982,0.176
barbados,1983,0.187
barbados,1984,0.203874265916239
barbados,1985,0.23081629699513
barbados,1986,0.249838243540522
barbados,1987,0.256836597068034
barbados,1988,0.257856848176232
barbados,1989,0.269837785036364
barbados,1990,0.34805287123527
barbados,1991,0.387056474159322
barbados,1992,0.371677567447952
barbados,1993,0.299366171778733
barbados,1994,0.317556240343276
barbados,1995,0.350151582195823
barbados,1996,0.365449038824899
barbados,1997,0.420422549323642
barbados,1998,0.42907079454285
barbados,1999,0.451262901402945
barbados,2000,0.477299126637555
barbados,2001,0.450842794759825
barbados,2002,0.452393013100437
barbados,2003,0.463836073293946
barbados,2004,0.469484716157205
barbados,2005,0.48103056768559
barbados,2006,0.484484716157205
barbados,2007,0.491872474587327
barbados,2008,0.568085323781255
barbados,2009,0.545890335110618
barbados,2010,0.503565502183406
barbados,2011,0.529886905215284
barbados,2012,0.492185713468469
barbados,2013,0.497294013710339
barbados,2014,0.46125973951679
barbados,2015,0.46025973951679
barbados,2016,0.46225973951679
barbados,2017,0.44885282766599
barbados,2018,0.45185307959482
barbados,2019,0.454889609275185
barbados,2020,0.336667206956389
barbados,2021,0.334714328978851
barbados,2022,0.336472974078025
belarus,1850,0.00086441504411604
belarus,1851,0
belarus,1852,0
belarus,1853,0
belarus,1854,0
belarus,1855,0.00262112948860993
belarus,1856,0
belarus,1857,0
belarus,1858,0.00368073502655862
belarus,1859,0.00390380987665308
belarus,1860,0.00515860590843443
belarus,1861,0.00655282372152481
belarus,1862,0.00591148352750324
belarus,1863,0.00619032709012131
belarus,1864,0.00694320470919012
belarus,1865,0.00663647679031024
belarus,1866,0.0209690359088794
belarus,1867,0.0240641994539401
belarus,1868,0.0200209677959779
belarus,1869,0.0271593629990007
belarus,1870,0.0294737645687308
belarus,1871,0.0397909763855996
belarus,1872,0.0408505819235483
belarus,1873,0.0383409898599856
belarus,1874,0.0465389906009571
belarus,1875,0.0535658483789326
belarus,1876,0.0665041896844114
belarus,1877,0.06787052314124
belarus,1878,0.0887001372688103
belarus,1879,0.0910145388385404
belarus,1880,0.106769200126462
belarus,1881,0.112457608803871
belarus,1882,0.118452745400159
belarus,1883,0.13482086252584
belarus,1884,0.136884304889214
belarus,1885,0.149097652931886
belarus,1886,0.152917809739754
belarus,1887,0.16181291938727
belarus,1888,0.168784008452722
belarus,1889,0.182280036883437
belarus,1890,0.206427889406163
belarus,1891,0.227285387889995
belarus,1892,0.240586225826877
belarus,1893,0.281994494875661
belarus,1894,0.287208869496619
belarus,1895,0.330011356358494
belarus,1896,0.335950724242259
belarus,1897,0.388429082726982
belarus,1898,0.435637297878222
belarus,1899,0.505376072889003
belarus,1900,0.572493718411174
belarus,1901,0.587746461286383
belarus,1902,0.567669724777882
belarus,1903,0.555289070597639
belarus,1904,0.617805797336612
belarus,1905,0.551468913789771
belarus,1906,0.629015308553858
belarus,1907,0.704554029667096
belarus,1908,0.708876104887676
belarus,1909,0.748304584641872
belarus,1910,0.733860488098256
belarus,1911,0.760852544959686
belarus,1912,0.861877567696215
belarus,1913,0.936273030202718
belarus,1914,0.845007532157821
belarus,1915,0.775603369422182
belarus,1916,0.826659625737551
belarus,1917,0.760796776247162
belarus,1918,0.30340968048473
belarus,1919,0.259157207097241
belarus,1920,0.23631991931882
belarus,1921,0.256285118402275
belarus,1922,0.312555749338603
belarus,1923,0.345264099233703
belarus,1924,0.411350023574187
belarus,1925,0.40599622717192
belarus,1926,0.588248379699096
belarus,1927,0.731350896034693
belarus,1928,0.810415731090413
belarus,1929,0.873216780845472
belarus,1930,1.18936998044283
belarus,1931,1.42892977612818
belarus,1932,1.60861691289237
belarus,1933,1.7975949318671
belarus,1934,2.17366885277494
belarus,1935,2.45925272381429
belarus,1936,2.8184873187791
belarus,1937,2.88293934496397
belarus,1938,3.04293374337665
belarus,1939,3.08024051640156
belarus,1940,3.6914985408827
belarus,1941,3.24455238468361
belarus,1942,1.76728261551711
belarus,1943,1.84443862929353
belarus,1944,2.67477899005764
belarus,1945,2.82807330234628
belarus,1946,3.17567111672008
belarus,1947,3.82277622136885
belarus,1948,4.06582526825266
belarus,1949,4.6215522371319
belarus,1950,5.14887559265358
belarus,1951,5.57845136090663
belarus,1952,5.97441626437601
belarus,1953,6.32100262297459
belarus,1954,6.90229110288451
belarus,1955,7.82717943034077
belarus,1956,8.58570290476383
belarus,1957,9.39673675833752
belarus,1958,10.0324738925579
belarus,1959,10.5492723285275
belarus,1960,10.9862043663481
belarus,1961,11.3350500584652
belarus,1962,11.904954253377
belarus,1963,12.7717816000756
belarus,1964,13.585708706878
belarus,1965,14.4136630525702
belarus,1966,15.2244626527528
belarus,1967,15.9280314232742
belarus,1968,16.3834612821755
belarus,1969,17.0682490120578
belarus,1970,17.9579935434761
belarus,1971,19.0590522092843
belarus,1972,20.0580289946975
belarus,1973,20.9115714562626
belarus,1974,21.7149542633568
belarus,1975,22.826821456933
belarus,1976,23.6948679664938
belarus,1977,24.4937277385479
belarus,1978,25.3350673472267
belarus,1979,25.535542002803
belarus,1980,26.5290850738626
belarus,1981,26.0296005966146
belarus,1982,26.5130242737355
belarus,1983,26.8835465812663
belarus,1984,27.1124345665334
belarus,1985,29.2203440705636
belarus,1986,33.1745510329159
belarus,1987,30.7015611459244
belarus,1988,31.1973975867602
belarus,1989,29.7875640804654
belarus,1990,29.5701569568866
belarus,1991,28.4038362112964
belarus,1992,25.5139121845665
belarus,1993,21.9873950211712
belarus,1994,18.5260369820365
belarus,1995,16.622718957788
belarus,1996,16.8490130295371
belarus,1997,16.8090651954761
belarus,1998,16.3955915674427
belarus,1999,15.8202802852167
belarus,2000,14.9852573510304
belarus,2001,14.7388049974396
belarus,2002,14.6954540495151
belarus,2003,15.03493092398
belarus,2004,15.8988893769625
belarus,2005,16.1873050201684
belarus,2006,16.8514156866822
belarus,2007,16.4350822409779
belarus,2008,17.1496748256067
belarus,2009,16.5332273235401
belarus,2010,17.0428822207673
belarus,2011,16.7324206792789
belarus,2012,17.0702139075566
belarus,2013,17.5015164110981
belarus,2014,17.3714174913704
belarus,2015,16.0477378458927
belarus,2016,15.8663982241854
belarus,2017,16.2068375219323
belarus,2018,16.9642282877772
belarus,2019,16.9476920683875
belarus,2020,16.1177813683998
belarus,2021,16.6316039611922
belarus,2022,16.0483430293582
belgium,1850,2.547
belgium,1851,2.775
belgium,1852,3.114
belgium,1853,3.217
belgium,1854,3.564
belgium,1855,3.651
belgium,1856,3.606
belgium,1857,3.754
belgium,1858,3.944
belgium,1859,4.066
belgium,1860,4.152
belgium,1861,4.492
belgium,1862,4.461
belgium,1863,4.702
belgium,1864,4.935
belgium,1865,5.202
belgium,1866,5.603
belgium,1867,6.068
belgium,1868,5.486
belgium,1869,5.909
belgium,1870,6.754
belgium,1871,6.473
belgium,1872,6.984
belgium,1873,7.671
belgium,1874,7.073
belgium,1875,7.35
belgium,1876,7.183
belgium,1877,6.837
belgium,1878,7.434
belgium,1879,7.569
belgium,1880,8.304
belgium,1881,8.36
belgium,1882,8.853
belgium,1883,9.384
belgium,1884,9.244
belgium,1885,9.029
belgium,1886,8.762
belgium,1887,9.271
belgium,1888,9.84
belgium,1889,10.053
belgium,1890,10.869
belgium,1891,10.311
belgium,1892,10.297
belgium,1893,9.846
belgium,1894,10.871
belgium,1895,10.953
belgium,1896,11.539
belgium,1897,11.939
belgium,1898,12.305
belgium,1899,12.862
belgium,1900,13.555
belgium,1901,12.748
belgium,1902,13.334
belgium,1903,14.364
belgium,1904,13.742
belgium,1905,13.719
belgium,1906,15.692
belgium,1907,15.918
belgium,1908,15.788
belgium,1909,15.765
belgium,1910,16.727
belgium,1911,16.836
belgium,1912,17.679
belgium,1913,18.563
belgium,1914,11.074
belgium,1915,9.394
belgium,1916,12.498
belgium,1917,9.893
belgium,1918,9.204
belgium,1919,12.246
belgium,1920,15.053
belgium,1921,13.792
belgium,1922,15.259
belgium,1923,19.619
belgium,1924,20.812
belgium,1925,21.299
belgium,1926,21.202
belgium,1927,24.693
belgium,1928,24.0846422228085
belgium,1929,26.4614152755906
belgium,1930,25.5656343835973
belgium,1931,22.9592829525381
belgium,1932,18.4806804724409
belgium,1933,19.8298507874016
belgium,1934,20.4579075590551
belgium,1935,19.5525750393701
belgium,1936,20.4704047244094
belgium,1937,24.6446829133858
belgium,1938,21.593634096118
belgium,1939,20.1171857480315
belgium,1940,16.9497648031496
belgium,1941,17.790302519685
belgium,1942,16.6694403601291
belgium,1943,15.7894890551181
belgium,1944,9.04433503414743
belgium,1945,10.5772862992126
belgium,1946,15.3959156692913
belgium,1947,22.3881208661417
belgium,1948,23.2143260629921
belgium,1949,22.0447722723797
belgium,1950,20.7970746456693
belgium,1951,24.4131500787402
belgium,1952,22.7794663779528
belgium,1953,22.4818986614173
belgium,1954,23.3991744094488
belgium,1955,25.1138258752758
belgium,1956,26.4138581102362
belgium,1957,26.3338092517443
belgium,1958,23.9315231496063
belgium,1959,24.1021014173228
belgium,1960,24.8111579938601
belgium,1961,25.2997526771654
belgium,1962,26.7517204335358
belgium,1963,28.8418096287465
belgium,1964,28.2625523622047
belgium,1965,28.747487480315
belgium,1966,28.6836093566064
belgium,1967,29.3015848031496
belgium,1968,32.3246659055118
belgium,1969,33.7040821737137
belgium,1970,34.2495791338583
belgium,1971,33.1251378440116
belgium,1972,35.654386785982
belgium,1973,37.8381966680627
belgium,1974,36.8313584751045
belgium,1975,33.2486426777226
belgium,1976,35.3923576153064
belgium,1977,34.4430481067754
belgium,1978,36.9678701739402
belgium,1979,38.1513410186881
belgium,1980,36.8001613045651
belgium,1981,33.7264254386371
belgium,1982,31.9601276072514
belgium,1983,27.6205900755699
belgium,1984,28.6480732605976
belgium,1985,28.3855054783284
belgium,1986,27.9385259771047
belgium,1987,27.9991028039918
belgium,1988,27.222385277068
belgium,1989,29.1463115709871
belgium,1990,32.8310041603819
belgium,1991,33.6688390596396
belgium,1992,33.43026418303
belgium,1993,33.1397041571352
belgium,1994,34.0602481960353
belgium,1995,34.3712584382661
belgium,1996,35.3380834206719
belgium,1997,33.8402350898266
belgium,1998,35.5413474839134
belgium,1999,34.0286954790413
belgium,2000,34.5855741685142
belgium,2001,34.4066764100228
belgium,2002,34.6241849187281
belgium,2003,35.0022734175338
belgium,2004,35.1448747460159
belgium,2005,34.2870965133493
belgium,2006,33.8081282134769
belgium,2007,32.877529631448
belgium,2008,32.7974989349082
belgium,2009,29.4118730782415
belgium,2010,31.2784132488148
belgium,2011,28.6759156918107
belgium,2012,27.9488316885507
belgium,2013,28.0335008040317
belgium,2014,26.4817814752132
belgium,2015,27.6052491357587
belgium,2016,27.1896904904314
belgium,2017,27.0346724520974
belgium,2018,27.2836581927985
belgium,2019,27.1479966520693
belgium,2020,24.8639157402915
belgium,2021,26.1102840341647
belgium,2022,24.4556118120554
belize,1950,0.005
belize,1951,0.007
belize,1952,0.007
belize,1953,0.008
belize,1954,0.008
belize,1955,0.008
belize,1956,0.008
belize,1957,0.008
belize,1958,0.011
belize,1959,0.011
belize,1960,0.012
belize,1961,0.01
belize,1962,0.019
belize,1963,0.017
belize,1964,0.023
belize,1965,0.023
belize,1966,0.022
belize,1967,0.033
belize,1968,0.028
belize,1969,0.037
belize,1970,0.033
belize,1971,0.039
belize,1972,0.043
belize,1973,0.04
belize,1974,0.042
belize,1975,0.048
belize,1976,0.048
belize,1977,0.054
belize,1978,0.059
belize,1979,0.057
belize,1980,0.052
belize,1981,0.05
belize,1982,0.047
belize,1983,0.047
belize,1984,0.047
belize,1985,0.052
belize,1986,0.056
belize,1987,0.062
belize,1988,0.068
belize,1989,0.082
belize,1990,0.085
belize,1991,0.111
belize,1992,0.097
belize,1993,0.103
belize,1994,0.102
belize,1995,0.103
belize,1996,0.084
belize,1997,0.106
belize,1998,0.101
belize,1999,0.095
belize,2000,0.108
belize,2001,0.122
belize,2002,0.118
belize,2003,0.118
belize,2004,0.107
belize,2005,0.115
belize,2006,0.121
belize,2007,0.13
belize,2008,0.119
belize,2009,0.141
belize,2010,0.147
belize,2011,0.151
belize,2012,0.123
belize,2013,0.12
belize,2014,0.128
belize,2015,0.175
belize,2016,0.171
belize,2017,0.168
belize,2018,0.165
belize,2019,0.193
belize,2020,0.167394032877493
belize,2021,0.191609949050296
belize,2022,0.197934344263927
benin,1850,0
benin,1851,0
benin,1852,0
benin,1853,0
benin,1854,0
benin,1855,0
benin,1856,0
benin,1857,0
benin,1858,0
benin,1859,0
benin,1860,0
benin,1861,0
benin,1862,0
benin,1863,0
benin,1864,0
benin,1865,0
benin,1866,0
benin,1867,0
benin,1868,0
benin,1869,0
benin,1870,0
benin,1871,0
benin,1872,0
benin,1873,0
benin,1874,0
benin,1875,0
benin,1876,0
benin,1877,0
benin,1878,0
benin,1879,0
benin,1880,0
benin,1881,0
benin,1882,0
benin,1883,0
benin,1884,0
benin,1885,0
benin,1886,0
benin,1887,0
benin,1888,0
benin,1889,0
benin,1890,0
benin,1891,0
benin,1892,0
benin,1893,0
benin,1894,0
benin,1895,0
benin,1896,0
benin,1897,0
benin,1898,0
benin,1899,0
benin,1900,0
benin,1901,0
benin,1902,0
benin,1903,0
benin,1904,0
benin,1905,0
benin,1906,0
benin,1907,0
benin,1908,0
benin,1909,0
benin,1910,0
benin,1911,0
benin,1912,0
benin,1913,0
benin,1914,0
benin,1915,0
benin,1916,0
benin,1917,0
benin,1918,0
benin,1919,0
benin,1920,0
benin,1921,0
benin,1922,0
benin,1923,0
benin,1924,0
benin,1925,0
benin,1926,0
benin,1927,0
benin,1928,0
benin,1929,0
benin,1930,0
benin,1931,0
benin,1932,0
benin,1933,0
benin,1934,0
benin,1935,0
benin,1936,0
benin,1937,0
benin,1938,0
benin,1939,0
benin,1940,0
benin,1941,0
benin,1942,0
benin,1943,0
benin,1944,0
benin,1945,0
benin,1946,0
benin,1947,0
benin,1948,0
benin,1949,0
benin,1950,0.0376125
benin,1951,0.03145
benin,1952,0.03516875
benin,1953,0.02921875
benin,1954,0.034425
benin,1955,0.03431875
benin,1956,0.0397375
benin,1957,0.04069375
benin,1958,0.034
benin,1959,0.028
benin,1960,0.044
benin,1961,0.035
benin,1962,0.037
benin,1963,0.033
benin,1964,0.039
benin,1965,0.041
benin,1966,0.031
benin,1967,0.039
benin,1968,0.042
benin,1969,0.055
benin,1970,0.077
benin,1971,0.08
benin,1972,0.106
benin,1973,0.104
benin,1974,0.111
benin,1975,0.121
benin,1976,0.071
benin,1977,0.081
benin,1978,0.099
benin,1979,0.1
benin,1980,0.130956820301603
benin,1981,0.105701674105665
benin,1982,0.120781848738233
benin,1983,0.11037407698437
benin,1984,0.122351507497401
benin,1985,0.187328938010433
benin,1986,0.170306368523464
benin,1987,0.129283799036496
benin,1988,0.138659834093591
benin,1989,0.155612547368951
benin,1990,0.158118527760449
benin,1991,0.169118527760449
benin,1992,0.183118527760449
benin,1993,0.220366188396756
benin,1994,0.248779164067374
benin,1995,0.260990018714909
benin,1996,0.32309107922645
benin,1997,0.334054273237679
benin,1998,0.304
benin,1999,0.399
benin,2000,0.402
benin,2001,0.461
benin,2002,0.575888334373051
benin,2003,0.653383655645664
benin,2004,0.707860262008734
benin,2005,0.679511540860886
benin,2006,0.914603243917654
benin,2007,1.07286026200873
benin,2008,1.0695945102932
benin,2009,1.1529794135995
benin,2010,1.27712601372427
benin,2011,1.22263069245165
benin,2012,1.20156643792888
benin,2013,1.24617217716781
benin,2014,1.3089519650655
benin,2015,1.45438758973621
benin,2016,1.77238381273174
benin,2017,1.85702812343252
benin,2018,2.02906566829741
benin,2019,1.94217879464427
benin,2020,2.11371790140231
benin,2021,2.26869410154186
benin,2022,2.30135363571097
bermuda,1950,0.012
bermuda,1951,0.016
bermuda,1952,0.029
bermuda,1953,0.025
bermuda,1954,0.023
bermuda,1955,0.03
bermuda,1956,0.037
bermuda,1957,0.038
bermuda,1958,0.04
bermuda,1959,0.037
bermuda,1960,0.043
bermuda,1961,0.048
bermuda,1962,0.043
bermuda,1963,0.041
bermuda,1964,0.055
bermuda,1965,0.049
bermuda,1966,0.055
bermuda,1967,0.058
bermuda,1968,0.061
bermuda,1969,0.054
bermuda,1970,0.062
bermuda,1971,0.063
bermuda,1972,0.069
bermuda,1973,0.116
bermuda,1974,0.121
bermuda,1975,0.125
bermuda,1976,0.128
bermuda,1977,0.124
bermuda,1978,0.116
bermuda,1979,0.126
bermuda,1980,0.119
bermuda,1981,0.106
bermuda,1982,0.108
bermuda,1983,0.123
bermuda,1984,0.121
bermuda,1985,0.123
bermuda,1986,0.115
bermuda,1987,0.156
bermuda,1988,0.176
bermuda,1989,0.213
bermuda,1990,0.137
bermuda,1991,0.147
bermuda,1992,0.126
bermuda,1993,0.147
bermuda,1994,0.145
bermuda,1995,0.145
bermuda,1996,0.144
bermuda,1997,0.143
bermuda,1998,0.142
bermuda,1999,0.14
bermuda,2000,0.141
bermuda,2001,0.144
bermuda,2002,0.152
bermuda,2003,0.153
bermuda,2004,0.159
bermuda,2005,0.159
bermuda,2006,0.178
bermuda,2007,0.199
bermuda,2008,0.177
bermuda,2009,0.13
bermuda,2010,0.166
bermuda,2011,0.121
bermuda,2012,0.1
bermuda,2013,0.146
bermuda,2014,0.183
bermuda,2015,0.147
bermuda,2016,0.169
bermuda,2017,0.173
bermuda,2018,0.19
bermuda,2019,0.162
bermuda,2020,0.125
bermuda,2021,0.120453275806945
bermuda,2022,0.121563399807669
bhutan,1970,0.001
bhutan,1971,0.001
bhutan,1972,0.001
bhutan,1973,0.001
bhutan,1974,0.001
bhutan,1975,0.001
bhutan,1976,0.001
bhutan,1977,0.002
bhutan,1978,0.003
bhutan,1979,0.006
bhutan,1980,0.006
bhutan,1981,0.0151060837462152
bhutan,1982,0.0171071601025737
bhutan,1983,0.0236759238206024
bhutan,1984,0.0296780047762289
bhutan,1985,0.0326800857318554
bhutan,1986,0.0306821666874819
bhutan,1987,0.0436842476431084
bhutan,1988,0.0456863285987349
bhutan,1989,0.0326884095543614
bhutan,1990,0.0506904905099879
bhutan,1991,0.0506925714656144
bhutan,1992,0.058694652421241
bhutan,1993,0.0496142000405318
bhutan,1994,0.0579722956148952
bhutan,1995,0.0679493563822144
bhutan,1996,0.08140611302062
bhutan,1997,0.106469840168897
bhutan,1998,0.104310954510776
bhutan,1999,0.105313645401672
bhutan,2000,0.108316336292569
bhutan,2001,0.104865936688004
bhutan,2002,0.113676499279319
bhutan,2003,0.102679369562941
bhutan,2004,0.0840373798369745
bhutan,2005,0.108040429513324
bhutan,2006,0.107398977965536
bhutan,2007,0.107402207034612
bhutan,2008,0.115216246914498
bhutan,2009,0.106408665172763
bhutan,2010,0.133124326935376
bhutan,2011,0.19978792822854
bhutan,2012,0.227946082907266
bhutan,2013,0.25060083070685
bhutan,2014,0.28062844031954
bhutan,2015,0.288347662852712
bhutan,2016,0.344264759376989
bhutan,2017,0.366132792780829
bhutan,2018,0.403312428955498
bhutan,2019,0.398096424560168
bhutan,2020,0.251026746724891
bhutan,2021,0.289896207801219
bhutan,2022,0.288080791378627
bonaire_saint_eustatius_and_saba,1850,0
bonaire_saint_eustatius_and_saba,1851,0
bonaire_saint_eustatius_and_saba,1852,0
bonaire_saint_eustatius_and_saba,1853,0
bonaire_saint_eustatius_and_saba,1854,0
bonaire_saint_eustatius_and_saba,1855,0
bonaire_saint_eustatius_and_saba,1856,0
bonaire_saint_eustatius_and_saba,1857,0
bonaire_saint_eustatius_and_saba,1858,0
bonaire_saint_eustatius_and_saba,1859,0
bonaire_saint_eustatius_and_saba,1860,0
bonaire_saint_eustatius_and_saba,1861,0
bonaire_saint_eustatius_and_saba,1862,0
bonaire_saint_eustatius_and_saba,1863,0
bonaire_saint_eustatius_and_saba,1864,0
bonaire_saint_eustatius_and_saba,1865,0
bonaire_saint_eustatius_and_saba,1866,0
bonaire_saint_eustatius_and_saba,1867,0
bonaire_saint_eustatius_and_saba,1868,0
bonaire_saint_eustatius_and_saba,1869,0
bonaire_saint_eustatius_and_saba,1870,0
bonaire_saint_eustatius_and_saba,1871,0
bonaire_saint_eustatius_and_saba,1872,0
bonaire_saint_eustatius_and_saba,1873,0
bonaire_saint_eustatius_and_saba,1874,0
bonaire_saint_eustatius_and_saba,1875,0
bonaire_saint_eustatius_and_saba,1876,0
bonaire_saint_eustatius_and_saba,1877,0
bonaire_saint_eustatius_and_saba,1878,0
bonaire_saint_eustatius_and_saba,1879,0
bonaire_saint_eustatius_and_saba,1880,0
bonaire_saint_eustatius_and_saba,1881,0
bonaire_saint_eustatius_and_saba,1882,0
bonaire_saint_eustatius_and_saba,1883,0
bonaire_saint_eustatius_and_saba,1884,0
bonaire_saint_eustatius_and_saba,1885,0
bonaire_saint_eustatius_and_saba,1886,0
bonaire_saint_eustatius_and_saba,1887,0
bonaire_saint_eustatius_and_saba,1888,0
bonaire_saint_eustatius_and_saba,1889,0
bonaire_saint_eustatius_and_saba,1890,0
bonaire_saint_eustatius_and_saba,1891,0
bonaire_saint_eustatius_and_saba,1892,0
bonaire_saint_eustatius_and_saba,1893,0
bonaire_saint_eustatius_and_saba,1894,0
bonaire_saint_eustatius_and_saba,1895,0
bonaire_saint_eustatius_and_saba,1896,0
bonaire_saint_eustatius_and_saba,1897,0
bonaire_saint_eustatius_and_saba,1898,0
bonaire_saint_eustatius_and_saba,1899,0
bonaire_saint_eustatius_and_saba,1900,0
bonaire_saint_eustatius_and_saba,1901,0
bonaire_saint_eustatius_and_saba,1902,0
bonaire_saint_eustatius_and_saba,1903,0
bonaire_saint_eustatius_and_saba,1904,0
bonaire_saint_eustatius_and_saba,1905,0
bonaire_saint_eustatius_and_saba,1906,0
bonaire_saint_eustatius_and_saba,1907,0
bonaire_saint_eustatius_and_saba,1908,0
bonaire_saint_eustatius_and_saba,1909,0
bonaire_saint_eustatius_and_saba,1910,0
bonaire_saint_eustatius_and_saba,1911,0
bonaire_saint_eustatius_and_saba,1912,0
bonaire_saint_eustatius_and_saba,1913,0
bonaire_saint_eustatius_and_saba,1914,0
bonaire_saint_eustatius_and_saba,1915,0
bonaire_saint_eustatius_and_saba,1916,0
bonaire_saint_eustatius_and_saba,1917,0
bonaire_saint_eustatius_and_saba,1918,0
bonaire_saint_eustatius_and_saba,1919,0
bonaire_saint_eustatius_and_saba,1920,0
bonaire_saint_eustatius_and_saba,1921,0
bonaire_saint_eustatius_and_saba,1922,0
bonaire_saint_eustatius_and_saba,1923,0
bonaire_saint_eustatius_and_saba,1924,0
bonaire_saint_eustatius_and_saba,1925,0
bonaire_saint_eustatius_and_saba,1926,0.00183850756283898
bonaire_saint_eustatius_and_saba,1927,0.00196870824910734
bonaire_saint_eustatius_and_saba,1928,0.00455563890570875
bonaire_saint_eustatius_and_saba,1929,0.00569327894459254
bonaire_saint_eustatius_and_saba,1930,0.00740897309414294
bonaire_saint_eustatius_and_saba,1931,0.00615406009670538
bonaire_saint_eustatius_and_saba,1932,0.00602062747850838
bonaire_saint_eustatius_and_saba,1933,0.00644262544747745
bonaire_saint_eustatius_and_saba,1934,0.00712456308442199
bonaire_saint_eustatius_and_saba,1935,0.00798241015919719
bonaire_saint_eustatius_and_saba,1936,0.00867542870561138
bonaire_saint_eustatius_and_saba,1937,0.0101302597780638
bonaire_saint_eustatius_and_saba,1938,0.0109834898072267
bonaire_saint_eustatius_and_saba,1939,0.0102498412594238
bonaire_saint_eustatius_and_saba,1940,0.00828297982856137
bonaire_saint_eustatius_and_saba,1941,0.0100942468222875
bonaire_saint_eustatius_and_saba,1942,0.00588165440557655
bonaire_saint_eustatius_and_saba,1943,0.0094995713474164
bonaire_saint_eustatius_and_saba,1944,0.0119101308616259
bonaire_saint_eustatius_and_saba,1945,0.0138386708139058
bonaire_saint_eustatius_and_saba,1946,0.0155132732575062
bonaire_saint_eustatius_and_saba,1947,0.0175812479872792
bonaire_saint_eustatius_and_saba,1948,0.0180055544790544
bonaire_saint_eustatius_and_saba,1949,0
bonaire_saint_eustatius_and_saba,1950,0.0225494821280751
bonaire_saint_eustatius_and_saba,1951,0.0355635616787765
bonaire_saint_eustatius_and_saba,1952,0.0205343262114873
bonaire_saint_eustatius_and_saba,1953,0.0237653303905974
bonaire_saint_eustatius_and_saba,1954,0.0480710377867603
bonaire_saint_eustatius_and_saba,1955,0.0397627413261914
bonaire_saint_eustatius_and_saba,1956,0.0514258783629792
bonaire_saint_eustatius_and_saba,1957,0.0351245053617546
bonaire_saint_eustatius_and_saba,1958,0.0307677157543831
bonaire_saint_eustatius_and_saba,1959,0.0396051313662348
bonaire_saint_eustatius_and_saba,1960,0.0340550092049063
bonaire_saint_eustatius_and_saba,1961,0.0355410459702113
bonaire_saint_eustatius_and_saba,1962,0.0390309807978215
bonaire_saint_eustatius_and_saba,1963,0.0373873340725599
bonaire_saint_eustatius_and_saba,1964,0.0363516114785595
bonaire_saint_eustatius_and_saba,1965,0.0326140038567317
bonaire_saint_eustatius_and_saba,1966,0.0304975272516004
bonaire_saint_eustatius_and_saba,1967,0.0375674597410817
bonaire_saint_eustatius_and_saba,1968,0.0349331218389502
bonaire_saint_eustatius_and_saba,1969,0.045718146241694
bonaire_saint_eustatius_and_saba,1970,0.0511331741516312
bonaire_saint_eustatius_and_saba,1971,0.0445022979791718
bonaire_saint_eustatius_and_saba,1972,0.0431513554652581
bonaire_saint_eustatius_and_saba,1973,0.0478683964096732
bonaire_saint_eustatius_and_saba,1974,0.043387770405193
bonaire_saint_eustatius_and_saba,1975,0.0314206713027747
bonaire_saint_eustatius_and_saba,1976,0.0671193272329426
bonaire_saint_eustatius_and_saba,1977,0.0350569582360589
bonaire_saint_eustatius_and_saba,1978,0.0298558295574914
bonaire_saint_eustatius_and_saba,1979,0.0313193506142312
bonaire_saint_eustatius_and_saba,1980,0.0322312368111229
bonaire_saint_eustatius_and_saba,1981,0.0307001686286874
bonaire_saint_eustatius_and_saba,1982,0.034325197707689
bonaire_saint_eustatius_and_saba,1983,0.0176410576608556
bonaire_saint_eustatius_and_saba,1984,0.0440519838078672
bonaire_saint_eustatius_and_saba,1985,0.0515609726143705
bonaire_saint_eustatius_and_saba,1986,0.00988439606013479
bonaire_saint_eustatius_and_saba,1987,0.00878745463970969
bonaire_saint_eustatius_and_saba,1988,0.00865629860031104
bonaire_saint_eustatius_and_saba,1989,0.0164779678589943
bonaire_saint_eustatius_and_saba,1990,0.0176464489372732
bonaire_saint_eustatius_and_saba,1991,0.0140813893208917
bonaire_saint_eustatius_and_saba,1992,0.0116013478486262
bonaire_saint_eustatius_and_saba,1993,0.0179087610160705
bonaire_saint_eustatius_and_saba,1994,0.0171695178849145
bonaire_saint_eustatius_and_saba,1995,0.0169906687402799
bonaire_saint_eustatius_and_saba,1996,0.0158937273198548
bonaire_saint_eustatius_and_saba,1997,0.0166329704510109
bonaire_saint_eustatius_and_saba,1998,0.000918092275790565
bonaire_saint_eustatius_and_saba,1999,0.00687973043027475
bonaire_saint_eustatius_and_saba,2000,0.0182545360290306
bonaire_saint_eustatius_and_saba,2001,0.0185883877656817
bonaire_saint_eustatius_and_saba,2002,0.0179206842923795
bonaire_saint_eustatius_and_saba,2003,0.0179326075686884
bonaire_saint_eustatius_and_saba,2004,0.0188149300155521
bonaire_saint_eustatius_and_saba,2005,0.0186480041472265
bonaire_saint_eustatius_and_saba,2006,0.0194349403836185
bonaire_saint_eustatius_and_saba,2007,0.021879212026957
bonaire_saint_eustatius_and_saba,2008,0.0210445826853292
bonaire_saint_eustatius_and_saba,2009,0.0215334370139969
bonaire_saint_eustatius_and_saba,2010,0.0148325557283567
bonaire_saint_eustatius_and_saba,2011,0.0189222395023328
bonaire_saint_eustatius_and_saba,2012,0.023
bonaire_saint_eustatius_and_saba,2013,0.023
bonaire_saint_eustatius_and_saba,2014,0.023
bonaire_saint_eustatius_and_saba,2015,0.026
bonaire_saint_eustatius_and_saba,2016,0.028
bonaire_saint_eustatius_and_saba,2017,0.028
bonaire_saint_eustatius_and_saba,2018,0.027
bonaire_saint_eustatius_and_saba,2019,0.03
bonaire_saint_eustatius_and_saba,2020,0.031
bonaire_saint_eustatius_and_saba,2021,0.0298724124001222
bonaire_saint_eustatius_and_saba,2022,0.030147723152302
bosnia_herzegovina,1850,0
bosnia_herzegovina,1851,0
bosnia_herzegovina,1852,0
bosnia_herzegovina,1853,0
bosnia_herzegovina,1854,0
bosnia_herzegovina,1855,0
bosnia_herzegovina,1856,0
bosnia_herzegovina,1857,0
bosnia_herzegovina,1858,0
bosnia_herzegovina,1859,0
bosnia_herzegovina,1860,0
bosnia_herzegovina,1861,0
bosnia_herzegovina,1862,0
bosnia_herzegovina,1863,0
bosnia_herzegovina,1864,0
bosnia_herzegovina,1865,0
bosnia_herzegovina,1866,0
bosnia_herzegovina,1867,0
bosnia_herzegovina,1868,0
bosnia_herzegovina,1869,0
bosnia_herzegovina,1870,0
bosnia_herzegovina,1871,0
bosnia_herzegovina,1872,0
bosnia_herzegovina,1873,0
bosnia_herzegovina,1874,0
bosnia_herzegovina,1875,0
bosnia_herzegovina,1876,0
bosnia_herzegovina,1877,0
bosnia_herzegovina,1878,0
bosnia_herzegovina,1879,0
bosnia_herzegovina,1880,0
bosnia_herzegovina,1881,0
bosnia_herzegovina,1882,0
bosnia_herzegovina,1883,0
bosnia_herzegovina,1884,0
bosnia_herzegovina,1885,0.00123247953128521
bosnia_herzegovina,1886,0
bosnia_herzegovina,1887,0
bosnia_herzegovina,1888,0
bosnia_herzegovina,1889,0
bosnia_herzegovina,1890,0.00369743859385563
bosnia_herzegovina,1891,0.00431367835949824
bosnia_herzegovina,1892,0.00477585818373019
bosnia_herzegovina,1893,0.00847329677758582
bosnia_herzegovina,1894,0.0161762938481184
bosnia_herzegovina,1895,0.0161762938481184
bosnia_herzegovina,1896,0.0180250131450462
bosnia_herzegovina,1897,0.0140194546683693
bosnia_herzegovina,1898,0.0212602719146699
bosnia_herzegovina,1899,0.0248036505671149
bosnia_herzegovina,1900,0.033585067227522
bosnia_herzegovina,1901,0.036666266055735
bosnia_herzegovina,1902,0.0343553669345752
bosnia_herzegovina,1903,0.0372825058213776
bosnia_herzegovina,1904,0.039747464883948
bosnia_herzegovina,1905,0.0431367835949823
bosnia_herzegovina,1906,0.0516100803725682
bosnia_herzegovina,1907,0.0525344400210321
bosnia_herzegovina,1908,0.056539998497709
bosnia_herzegovina,1909,0.0580805979118155
bosnia_herzegovina,1910,0.0574643581461729
bosnia_herzegovina,1911,0.0622402163299031
bosnia_herzegovina,1912,0.0637808157440096
bosnia_herzegovina,1913,0.17516615338391
bosnia_herzegovina,1914,0
bosnia_herzegovina,1915,0
bosnia_herzegovina,1916,0
bosnia_herzegovina,1917,0
bosnia_herzegovina,1918,0
bosnia_herzegovina,1919,0.125558852249681
bosnia_herzegovina,1920,0.166692856606325
bosnia_herzegovina,1921,0.17747705250507
bosnia_herzegovina,1922,0.25789634192143
bosnia_herzegovina,1923,0.281313453015849
bosnia_herzegovina,1924,0.288400210320739
bosnia_herzegovina,1925,0.316593179598888
bosnia_herzegovina,1926,0.308273942762713
bosnia_herzegovina,1927,0.348329527529482
bosnia_herzegovina,1928,0.39571218771044
bosnia_herzegovina,1929,0.431521895891234
bosnia_herzegovina,1930,0.406102005558477
bosnia_herzegovina,1931,0.375385041414838
bosnia_herzegovina,1932,0.342237890598951
bosnia_herzegovina,1933,0.316662441823667
bosnia_herzegovina,1934,0.32960564926848
bosnia_herzegovina,1935,0.345024316807834
bosnia_herzegovina,1936,0.340232763543826
bosnia_herzegovina,1937,0.379053005632088
bosnia_herzegovina,1938,0.359034481829901
bosnia_herzegovina,1939,0.376745826104171
bosnia_herzegovina,1940,0.433216555246751
bosnia_herzegovina,1941,0
bosnia_herzegovina,1942,0
bosnia_herzegovina,1943,0.0153517896728633
bosnia_herzegovina,1944,0.00385149853526628
bosnia_herzegovina,1945,0.218932877121142
bosnia_herzegovina,1946,0.432661661740121
bosnia_herzegovina,1947,0.602042255194152
bosnia_herzegovina,1948,0.678604914826433
bosnia_herzegovina,1949,0.77521048132626
bosnia_herzegovina,1950,0.744702984307929
bosnia_herzegovina,1951,0.704949276866637
bosnia_herzegovina,1952,0.707892369654122
bosnia_herzegovina,1953,0.702960408896143
bosnia_herzegovina,1954,0.838544358822944
bosnia_herzegovina,1955,0.960270253394689
bosnia_herzegovina,1956,1.09784369107066
bosnia_herzegovina,1957,1.1921761612349
bosnia_herzegovina,1958,1.17492038688085
bosnia_herzegovina,1959,1.34687854934914
bosnia_herzegovina,1960,1.47122489023985
bosnia_herzegovina,1961,1.54208552955673
bosnia_herzegovina,1962,1.58246946683988
bosnia_herzegovina,1963,1.76044559884047
bosnia_herzegovina,1964,1.99448430723014
bosnia_herzegovina,1965,2.05211390427177
bosnia_herzegovina,1966,2.03349094187091
bosnia_herzegovina,1967,2.05399546588014
bosnia_herzegovina,1968,2.19686493000926
bosnia_herzegovina,1969,2.27777152229706
bosnia_herzegovina,1970,2.97648306359305
bosnia_herzegovina,1971,3.20779803277796
bosnia_herzegovina,1972,3.00649475237114
bosnia_herzegovina,1973,3.59125723044279
bosnia_herzegovina,1974,3.60676734862939
bosnia_herzegovina,1975,3.76322984384138
bosnia_herzegovina,1976,3.88387467089587
bosnia_herzegovina,1977,3.77663044410119
bosnia_herzegovina,1978,4.22001422488071
bosnia_herzegovina,1979,4.58979369168637
bosnia_herzegovina,1980,4.51282627857733
bosnia_herzegovina,1981,4.91151330870805
bosnia_herzegovina,1982,4.51159775813161
bosnia_herzegovina,1983,4.85822912094125
bosnia_herzegovina,1984,5.12339124394608
bosnia_herzegovina,1985,5.2261394519496
bosnia_herzegovina,1986,5.45778028340158
bosnia_herzegovina,1987,5.32814299529239
bosnia_herzegovina,1988,5.49779569835718
bosnia_herzegovina,1989,5.48090223617743
bosnia_herzegovina,1990,5.4274660288484
bosnia_herzegovina,1991,3.83990852728575
bosnia_herzegovina,1992,4.10172287622496
bosnia_herzegovina,1993,3.43356320652765
bosnia_herzegovina,1994,0.874713908495172
bosnia_herzegovina,1995,0.928500974867545
bosnia_herzegovina,1996,1.15706950426374
bosnia_herzegovina,1997,2.28323270365124
bosnia_herzegovina,1998,2.87952971608225
bosnia_herzegovina,1999,2.82021037668764
bosnia_herzegovina,2000,3.73968366263283
bosnia_herzegovina,2001,3.61976281992285
bosnia_herzegovina,2002,3.86806801104658
bosnia_herzegovina,2003,3.91870087336245
bosnia_herzegovina,2004,4.22010209240453
bosnia_herzegovina,2005,4.37936242645618
bosnia_herzegovina,2006,4.74531113588275
bosnia_herzegovina,2007,4.76919539430861
bosnia_herzegovina,2008,5.44722947566656
bosnia_herzegovina,2009,5.60510209240453
bosnia_herzegovina,2010,5.77120739857947
bosnia_herzegovina,2011,6.48506801104658
bosnia_herzegovina,2012,6.04098633863202
bosnia_herzegovina,2013,5.95006801104658
bosnia_herzegovina,2014,5.27068382004436
bosnia_herzegovina,2015,5.03834348404267
bosnia_herzegovina,2016,5.93078820554442
bosnia_herzegovina,2017,6.04699080504806
bosnia_herzegovina,2018,6.02484598211113
bosnia_herzegovina,2019,5.67968815255044
bosnia_herzegovina,2020,5.68553807305947
bosnia_herzegovina,2021,5.44158390145362
bosnia_herzegovina,2022,5.38638382469472
botswana,1950,0
botswana,1951,0
botswana,1952,0
botswana,1953,0
botswana,1954,0
botswana,1955,0
botswana,1956,0
botswana,1957,0
botswana,1958,0
botswana,1959,0
botswana,1960,0
botswana,1961,0
botswana,1962,0
botswana,1963,0
botswana,1964,0
botswana,1965,0
botswana,1966,0
botswana,1967,0
botswana,1968,0
botswana,1969,0
botswana,1972,0.006
botswana,1973,0.014
botswana,1974,0.024
botswana,1975,0.051
botswana,1976,0.162
botswana,1977,0.213
botswana,1978,0.227
botswana,1979,0.257
botswana,1980,0.269
botswana,1981,0.275
botswana,1982,0.3
botswana,1983,0.281
botswana,1984,0.285
botswana,1985,0.316
botswana,1986,0.291
botswana,1987,0.338
botswana,1988,0.355
botswana,1989,0.39
botswana,1990,0.737
botswana,1991,0.719
botswana,1992,0.758
botswana,1993,0.872
botswana,1994,0.827
botswana,1995,0.831
botswana,1996,0.752
botswana,1997,0.764
botswana,1998,0.912
botswana,1999,0.862
botswana,2000,1.031
botswana,2001,1.05
botswana,2002,1.085
botswana,2003,1.044
botswana,2004,1.063
botswana,2005,1.117
botswana,2006,1.128
botswana,2007,1.154
botswana,2008,1.229
botswana,2009,1.05224999363515
botswana,2010,1.23833932193858
botswana,2011,1.0995639401813
botswana,2012,1.38556530577688
botswana,2013,1.54559351129077
botswana,2014,1.86958635248148
botswana,2015,1.47958770292037
botswana,2016,1.73258750588402
botswana,2017,1.93158635248148
botswana,2018,2.0481057568321
botswana,2019,1.851
botswana,2020,1.515
botswana,2021,1.67479245302301
botswana,2022,2.03801653174363
brazil,1901,0.574
brazil,1902,0.684
brazil,1903,0.666
brazil,1904,0.715
brazil,1905,0.764
brazil,1906,0.875
brazil,1907,0.942
brazil,1908,0.981
brazil,1909,0.985
brazil,1910,1.146
brazil,1911,1.257
brazil,1912,1.526
brazil,1913,1.647
brazil,1914,1.121
brazil,1915,0.858
brazil,1916,0.786
brazil,1917,0.682
brazil,1918,0.634
brazil,1919,0.838
brazil,1920,0.995
brazil,1921,0.789
brazil,1922,1.032
brazil,1923,1.26
brazil,1924,1.393
brazil,1925,1.467
brazil,1926,1.495
brazil,1927,1.658
brazil,1928,1.61790267716535
brazil,1929,1.73189456692913
brazil,1930,1.50490274178875
brazil,1931,1.13781346456693
brazil,1932,1.13783779527559
brazil,1933,1.28875669291339
brazil,1934,1.2616431496063
brazil,1935,1.50359475763204
brazil,1936,1.40446510511755
brazil,1937,1.6613674015748
brazil,1938,1.66331833050033
brazil,1939,1.6232290528379
brazil,1940,1.77018086614173
brazil,1941,1.71415653543307
brazil,1942,1.60117327196546
brazil,1943,1.76717322353926
brazil,1944,1.60910787401575
brazil,1945,1.86214842519685
brazil,1946,2.03609209924814
brazil,1947,2.44199433070866
brazil,1948,2.14177535433071
brazil,1949,2.01058951993147
brazil,1950,5.36546716535433
brazil,1951,5.91139417322835
brazil,1952,6.80521601011316
brazil,1953,6.88276189987216
brazil,1954,8.09924285998867
brazil,1955,9.28594277006857
brazil,1956,9.99139094488189
brazil,1957,9.81825307086614
brazil,1958,10.6588232283465
brazil,1959,10.6487664566929
brazil,1960,12.787068976378
brazil,1961,13.4104931097336
brazil,1962,14.6324365090321
brazil,1963,15.1536680545268
brazil,1964,15.4547804510113
brazil,1965,15.3600500688977
brazil,1966,17.5115776519633
brazil,1967,18.0219861242833
brazil,1968,21.0764597395424
brazil,1969,22.9498960721091
brazil,1970,25.5153371204338
brazil,1971,27.9304181627367
brazil,1972,31.1186732170117
brazil,1973,36.0427875116124
brazil,1974,39.0326680113554
brazil,1975,41.0279977566492
brazil,1976,42.1962298932744
brazil,1977,44.3131423213648
brazil,1978,48.3398417581261
brazil,1979,51.2519537460822
brazil,1980,50.8162373572879
brazil,1981,46.7588496150872
brazil,1982,46.8066852458178
brazil,1983,45.2783296451574
brazil,1984,45.7334754964429
brazil,1985,49.1568590389912
brazil,1986,53.8314409728698
brazil,1987,56.2138859582267
brazil,1988,56.6853914674922
brazil,1989,57.8796568517872
brazil,1990,59.6774017467249
brazil,1991,62.6075327510917
brazil,1992,63.755731441048
brazil,1993,66.6774017467249
brazil,1994,69.3236899563319
brazil,1995,73.3291484716157
brazil,1996,78.9604257641921
brazil,1997,83.7742903930131
brazil,1998,86.6154475982533
brazil,1999,89.3165938864629
brazil,2000,92.8447052401747
brazil,2001,94.4776200873362
brazil,2002,94.9140283842795
brazil,2003,94.0625
brazil,2004,98.6446506550218
brazil,2005,99.4462336244541
brazil,2006,100.674399563319
brazil,2007,106.597434497817
brazil,2008,112.619541484716
brazil,2009,106.379639737991
brazil,2010,120.160753275109
brazil,2011,126.25
brazil,2012,136.001364628821
brazil,2013,145.310589519651
brazil,2014,152.265556768559
brazil,2015,144.474072052402
brazil,2016,134.483624454148
brazil,2017,135.677227556219
brazil,2018,130.458137342276
brazil,2019,129.220629600604
brazil,2020,121.316683515304
brazil,2021,135.700418842627
brazil,2022,131.953414906905
british_virgin_islands,1957,0
british_virgin_islands,1958,0
british_virgin_islands,1959,0
british_virgin_islands,1960,0
british_virgin_islands,1961,0
british_virgin_islands,1962,0.001
british_virgin_islands,1963,0.001
british_virgin_islands,1964,0.002
british_virgin_islands,1965,0.002
british_virgin_islands,1966,0.003
british_virgin_islands,1967,0.001
british_virgin_islands,1968,0.004
british_virgin_islands,1969,0.005
british_virgin_islands,1970,0.005
british_virgin_islands,1971,0.006
british_virgin_islands,1972,0.006
british_virgin_islands,1973,0.007
british_virgin_islands,1974,0.007
british_virgin_islands,1975,0.007
british_virgin_islands,1976,0.007
british_virgin_islands,1977,0.008
british_virgin_islands,1978,0.008
british_virgin_islands,1979,0.008
british_virgin_islands,1980,0.008
british_virgin_islands,1981,0.012
british_virgin_islands,1982,0.01
british_virgin_islands,1983,0.011
british_virgin_islands,1984,0.011
british_virgin_islands,1985,0.013
british_virgin_islands,1986,0.015
british_virgin_islands,1987,0.017
british_virgin_islands,1988,0.018
british_virgin_islands,1989,0.018
british_virgin_islands,1990,0.018
british_virgin_islands,1991,0.02
british_virgin_islands,1992,0.022
british_virgin_islands,1993,0.023
british_virgin_islands,1994,0.023
british_virgin_islands,1995,0.024
british_virgin_islands,1996,0.027
british_virgin_islands,1997,0.028
british_virgin_islands,1998,0.028
british_virgin_islands,1999,0.031
british_virgin_islands,2000,0.032
british_virgin_islands,2001,0.034
british_virgin_islands,2002,0.039
british_virgin_islands,2003,0.04
british_virgin_islands,2004,0.042
british_virgin_islands,2005,0.045
british_virgin_islands,2006,0.049
british_virgin_islands,2007,0.051
british_virgin_islands,2008,0.053
british_virgin_islands,2009,0.053
british_virgin_islands,2010,0.058
british_virgin_islands,2011,0.058
british_virgin_islands,2012,0.058
british_virgin_islands,2013,0.058
british_virgin_islands,2014,0.059
british_virgin_islands,2015,0.062
british_virgin_islands,2016,0.063
british_virgin_islands,2017,0.049
british_virgin_islands,2018,0.044
british_virgin_islands,2019,0.045
british_virgin_islands,2020,0.044
british_virgin_islands,2021,0.0423995530840445
british_virgin_islands,2022,0.0427903167322996
brunei_darussalam,1930,0
brunei_darussalam,1931,0
brunei_darussalam,1932,0
brunei_darussalam,1933,0.001
brunei_darussalam,1934,0.012
brunei_darussalam,1935,0.007
brunei_darussalam,1936,0.021
brunei_darussalam,1937,0.056
brunei_darussalam,1938,0.059
brunei_darussalam,1939,0.717
brunei_darussalam,1940,0.808
brunei_darussalam,1941,0.537
brunei_darussalam,1942,0.34
brunei_darussalam,1943,0.511
brunei_darussalam,1944,0.681
brunei_darussalam,1945,0.251
brunei_darussalam,1946,0.258
brunei_darussalam,1947,1.461
brunei_darussalam,1948,0.022
brunei_darussalam,1949,3.13
brunei_darussalam,1950,0.113
brunei_darussalam,1951,0.082
brunei_darussalam,1952,0.088
brunei_darussalam,1953,0.094
brunei_darussalam,1954,0.098
brunei_darussalam,1955,0.082
brunei_darussalam,1956,0.081
brunei_darussalam,1957,0.08
brunei_darussalam,1958,0.087
brunei_darussalam,1959,0.089
brunei_darussalam,1960,0.091
brunei_darussalam,1961,0.083
brunei_darussalam,1962,0.101
brunei_darussalam,1963,0.097
brunei_darussalam,1964,0.093
brunei_darussalam,1965,0.091
brunei_darussalam,1966,0.134
brunei_darussalam,1967,0.12
brunei_darussalam,1968,0.117
brunei_darussalam,1969,0.133
brunei_darussalam,1970,2.239
brunei_darussalam,1971,2.05
brunei_darussalam,1972,2.58
brunei_darussalam,1973,2.722
brunei_darussalam,1974,2.232
brunei_darussalam,1975,1.931
brunei_darussalam,1976,1.643
brunei_darussalam,1977,1.744
brunei_darussalam,1978,2.602
brunei_darussalam,1979,2.029
brunei_darussalam,1980,1.877
brunei_darussalam,1981,0.562
brunei_darussalam,1982,0.727273684210526
brunei_darussalam,1983,0.746
brunei_darussalam,1984,0.523
brunei_darussalam,1985,0.708
brunei_darussalam,1986,0.627
brunei_darussalam,1987,0.905
brunei_darussalam,1988,1.559
brunei_darussalam,1989,1.731
brunei_darussalam,1990,1.489
brunei_darussalam,1991,1.968
brunei_darussalam,1992,1.879
brunei_darussalam,1993,1.735
brunei_darussalam,1994,1.51554794323144
brunei_darussalam,1995,1.58988407372734
brunei_darussalam,1996,1.60445432775285
brunei_darussalam,1997,1.66136635262009
brunei_darussalam,1998,1.52709571724891
brunei_darussalam,1999,1.63156409497817
brunei_darussalam,2000,1.45435027394368
brunei_darussalam,2001,1.41637984934498
brunei_darussalam,2002,1.27452897598253
brunei_darussalam,2003,1.52780070571452
brunei_darussalam,2004,1.53945889847162
brunei_darussalam,2005,1.48158273253275
brunei_darussalam,2006,1.94969658842795
brunei_darussalam,2007,2.20433856550218
brunei_darussalam,2008,2.5015176790393
brunei_darussalam,2009,2.11378953599559
brunei_darussalam,2010,2.18815015065502
brunei_darussalam,2011,2.60792558357677
brunei_darussalam,2012,2.59274780234866
brunei_darussalam,2013,2.08134683197497
brunei_darussalam,2014,2.4102053281379
brunei_darussalam,2015,1.89227353089915
brunei_darussalam,2016,2.08321714567383
brunei_darussalam,2017,2.54077084080711
brunei_darussalam,2018,2.55034406033393
brunei_darussalam,2019,2.92924576262054
brunei_darussalam,2020,3.03000260679461
brunei_darussalam,2021,3.08456248961529
brunei_darussalam,2022,2.93495842097652
bulgaria,1879,0
bulgaria,1880,0
bulgaria,1881,0.001
bulgaria,1882,0.001
bulgaria,1883,0.002
bulgaria,1884,0.003
bulgaria,1885,0.002
bulgaria,1886,0.002
bulgaria,1887,0.003
bulgaria,1888,0.005
bulgaria,1889,0.007
bulgaria,1890,0.009
bulgaria,1891,0.011
bulgaria,1892,0.013
bulgaria,1893,0.017
bulgaria,1894,0.022
bulgaria,1895,0.023
bulgaria,1896,0.029
bulgaria,1897,0.03
bulgaria,1898,0.04
bulgaria,1899,0.04
bulgaria,1900,0.059
bulgaria,1901,0.074
bulgaria,1902,0.065
bulgaria,1903,0.064
bulgaria,1904,0.082
bulgaria,1905,0.098
bulgaria,1906,0.086
bulgaria,1907,0.124
bulgaria,1908,0.163
bulgaria,1909,0.165
bulgaria,1910,0.173
bulgaria,1911,0.245
bulgaria,1912,0.245
bulgaria,1913,0.215
bulgaria,1914,0.323
bulgaria,1915,0.208
bulgaria,1916,0.252
bulgaria,1917,0.311
bulgaria,1918,0.388
bulgaria,1919,0.228
bulgaria,1920,0.3
bulgaria,1921,0.373
bulgaria,1922,0.412
bulgaria,1923,0.438
bulgaria,1924,0.503
bulgaria,1925,0.494
bulgaria,1926,0.486
bulgaria,1927,0.496
bulgaria,1928,0.583878346456693
bulgaria,1929,0.67782968503937
bulgaria,1930,0.655805354330709
bulgaria,1931,0.620886456692913
bulgaria,1932,0.719845905511811
bulgaria,1933,0.640870033464567
bulgaria,1934,0.665870430768868
bulgaria,1935,0.674886456692913
bulgaria,1936,0.685878346456693
bulgaria,1937,0.760854015748032
bulgaria,1938,0.865805129306814
bulgaria,1939,0.95080514944053
bulgaria,1940,1.119
bulgaria,1941,1.207
bulgaria,1942,1.46
bulgaria,1943,1.586
bulgaria,1944,1.19786212598425
bulgaria,1945,1.42173236220472
bulgaria,1946,1.358
bulgaria,1947,1.613
bulgaria,1948,1.6976431496063
bulgaria,1949,2.034
bulgaria,1950,2.04633463558624
bulgaria,1951,2.22830283245648
bulgaria,1952,2.57325385826772
bulgaria,1953,2.88922952755905
bulgaria,1954,3.10914031496063
bulgaria,1955,3.30010787401575
bulgaria,1956,3.53905137033669
bulgaria,1957,3.92702677165354
bulgaria,1958,4.26497
bulgaria,1959,5.35541850393701
bulgaria,1960,6.07824790080217
bulgaria,1961,7.08106976377953
bulgaria,1962,8.37991566929134
bulgaria,1963,9.38156692913386
bulgaria,1964,11.6861533070866
bulgaria,1965,12.6280395293982
bulgaria,1966,13.2958532283465
bulgaria,1967,15.040301486437
bulgaria,1968,16.2291235458875
bulgaria,1969,18.0970827559055
bulgaria,1970,16.6959532344473
bulgaria,1971,17.5277179712412
bulgaria,1972,18.0346402543827
bulgaria,1973,18.7547128967416
bulgaria,1974,19.4149916732893
bulgaria,1975,19.9023450271527
bulgaria,1976,19.9139771615685
bulgaria,1977,20.68664368019
bulgaria,1978,22.1635065191299
bulgaria,1979,21.5414579709105
bulgaria,1980,21.0836718525252
bulgaria,1981,21.8577511380008
bulgaria,1982,24.5207922138955
bulgaria,1983,24.5800499476861
bulgaria,1984,23.7568046401978
bulgaria,1985,24.3508005928552
bulgaria,1986,24.8832610795254
bulgaria,1987,24.9107956061792
bulgaria,1988,23.7208861456081
bulgaria,1989,23.603227956604
bulgaria,1990,20.9164808475955
bulgaria,1991,16.7730193481917
bulgaria,1992,15.640410421452
bulgaria,1993,15.9290457960801
bulgaria,1994,15.3840170822455
bulgaria,1995,15.8048550461549
bulgaria,1996,15.9552665420199
bulgaria,1997,15.2317340262913
bulgaria,1998,14.4964922081116
bulgaria,1999,12.641505868502
bulgaria,2000,12.3945025712454
bulgaria,2001,13.3520349925854
bulgaria,2002,12.5817015438535
bulgaria,2003,13.7755663443185
bulgaria,2004,13.5168600108292
bulgaria,2005,13.8095452040913
bulgaria,2006,14.147551486487
bulgaria,2007,15.1975217620434
bulgaria,2008,14.7441242805604
bulgaria,2009,12.4889882385203
bulgaria,2010,13.0481452312473
bulgaria,2011,14.4991142044059
bulgaria,2012,13.1795801271359
bulgaria,2013,11.6230158883635
bulgaria,2014,12.3258159398787
bulgaria,2015,13.1334649234227
bulgaria,2016,12.3736205064003
bulgaria,2017,12.9450303421944
bulgaria,2018,11.8667135595027
bulgaria,2019,11.5263949592301
bulgaria,2020,9.97096435476301
bulgaria,2021,11.5398154632677
bulgaria,2022,12.5948408422833
burkina_faso,1850,0
burkina_faso,1851,0
burkina_faso,1852,0
burkina_faso,1853,0
burkina_faso,1854,0
burkina_faso,1855,0
burkina_faso,1856,0
burkina_faso,1857,0
burkina_faso,1858,0
burkina_faso,1859,0
burkina_faso,1860,0
burkina_faso,1861,0
burkina_faso,1862,0
burkina_faso,1863,0
burkina_faso,1864,0
burkina_faso,1865,0
burkina_faso,1866,0
burkina_faso,1867,0
burkina_faso,1868,0
burkina_faso,1869,0
burkina_faso,1870,0
burkina_faso,1871,0
burkina_faso,1872,0
burkina_faso,1873,0
burkina_faso,1874,0
burkina_faso,1875,0
burkina_faso,1876,0
burkina_faso,1877,0
burkina_faso,1878,0
burkina_faso,1879,0
burkina_faso,1880,0
burkina_faso,1881,0
burkina_faso,1882,0
burkina_faso,1883,0
burkina_faso,1884,0
burkina_faso,1885,0
burkina_faso,1886,0
burkina_faso,1887,0
burkina_faso,1888,0
burkina_faso,1889,0
burkina_faso,1890,0
burkina_faso,1891,0
burkina_faso,1892,0
burkina_faso,1893,0
burkina_faso,1894,0
burkina_faso,1895,0
burkina_faso,1896,0
burkina_faso,1897,0
burkina_faso,1898,0
burkina_faso,1899,0
burkina_faso,1900,0
burkina_faso,1901,0
burkina_faso,1902,0
burkina_faso,1903,0
burkina_faso,1904,0
burkina_faso,1905,0
burkina_faso,1906,0
burkina_faso,1907,0
burkina_faso,1908,0
burkina_faso,1909,0
burkina_faso,1910,0
burkina_faso,1911,0
burkina_faso,1912,0
burkina_faso,1913,0
burkina_faso,1914,0
burkina_faso,1915,0
burkina_faso,1916,0
burkina_faso,1917,0
burkina_faso,1918,0
burkina_faso,1919,0
burkina_faso,1920,0
burkina_faso,1921,0
burkina_faso,1922,0
burkina_faso,1923,0
burkina_faso,1924,0
burkina_faso,1925,0
burkina_faso,1926,0
burkina_faso,1927,0
burkina_faso,1928,0
burkina_faso,1929,0
burkina_faso,1930,0
burkina_faso,1931,0
burkina_faso,1932,0
burkina_faso,1933,0
burkina_faso,1934,0
burkina_faso,1935,0
burkina_faso,1936,0
burkina_faso,1937,0
burkina_faso,1938,0
burkina_faso,1939,0
burkina_faso,1940,0
burkina_faso,1941,0
burkina_faso,1942,0
burkina_faso,1943,0
burkina_faso,1944,0
burkina_faso,1945,0
burkina_faso,1946,0
burkina_faso,1947,0
burkina_faso,1948,0
burkina_faso,1949,0
burkina_faso,1950,0.00110625
burkina_faso,1951,0.000925
burkina_faso,1952,0.001034375
burkina_faso,1953,0.000859375
burkina_faso,1954,0.0010125
burkina_faso,1955,0.001009375
burkina_faso,1956,0.00116875
burkina_faso,1957,0.001196875
burkina_faso,1958,0.001
burkina_faso,1959,0.002
burkina_faso,1960,0.012
burkina_faso,1961,0.025
burkina_faso,1962,0.023
burkina_faso,1963,0.024
burkina_faso,1964,0.03
burkina_faso,1965,0.028
burkina_faso,1966,0.028
burkina_faso,1967,0.028
burkina_faso,1968,0.028
burkina_faso,1969,0.033
burkina_faso,1970,0.039
burkina_faso,1971,0.041
burkina_faso,1972,0.044
burkina_faso,1973,0.046
burkina_faso,1974,0.056
burkina_faso,1975,0.06
burkina_faso,1976,0.057
burkina_faso,1977,0.068
burkina_faso,1978,0.095
burkina_faso,1979,0.111
burkina_faso,1980,0.118
burkina_faso,1981,0.152
burkina_faso,1982,0.157
burkina_faso,1983,0.162
burkina_faso,1984,0.127
burkina_faso,1985,0.13
burkina_faso,1986,0.131
burkina_faso,1987,0.141
burkina_faso,1988,0.151
burkina_faso,1989,0.224
burkina_faso,1990,0.159
burkina_faso,1991,0.171
burkina_faso,1992,0.172
burkina_faso,1993,0.171
burkina_faso,1994,0.176
burkina_faso,1995,0.17033580537327
burkina_faso,1996,0.192330704959782
burkina_faso,1997,0.219434139395059
burkina_faso,1998,0.234427338843741
burkina_faso,1999,0.249892422315908
burkina_faso,2000,0.281034344352766
burkina_faso,2001,0.270495293065067
burkina_faso,2002,0.27328404837225
burkina_faso,2003,0.29327092090546
burkina_faso,2004,0.30025779343867
burkina_faso,2005,0.30624466597188
burkina_faso,2006,0.371214342941419
burkina_faso,2007,0.434170162048297
burkina_faso,2008,0.473129157458947
burkina_faso,2009,0.499174867907578
burkina_faso,2010,0.55577839842634
burkina_faso,2011,0.581586560688777
burkina_faso,2012,0.714769100464366
burkina_faso,2013,0.781615769909888
burkina_faso,2014,0.794620003335741
burkina_faso,2015,1.01391514180071
burkina_faso,2016,1.06549877296271
burkina_faso,2017,1.2333622977775
burkina_faso,2018,1.36737718901202
burkina_faso,2019,1.50314242095061
burkina_faso,2020,1.41760746229596
burkina_faso,2021,1.60445579994652
burkina_faso,2022,1.62722930245733
burundi,1850,0
burundi,1851,0
burundi,1852,0
burundi,1853,0
burundi,1854,0
burundi,1855,0
burundi,1856,0
burundi,1857,0
burundi,1858,0
burundi,1859,0
burundi,1860,0
burundi,1861,0
burundi,1862,0
burundi,1863,0
burundi,1864,0
burundi,1865,0
burundi,1866,0
burundi,1867,0
burundi,1868,0
burundi,1869,0
burundi,1870,0
burundi,1871,0
burundi,1872,0
burundi,1873,0
burundi,1874,0
burundi,1875,0
burundi,1876,0
burundi,1877,0
burundi,1878,0
burundi,1879,0
burundi,1880,0
burundi,1881,0
burundi,1882,0
burundi,1883,0
burundi,1884,0
burundi,1885,0
burundi,1886,0
burundi,1887,0
burundi,1888,0
burundi,1889,0
burundi,1890,0
burundi,1891,0
burundi,1892,0
burundi,1893,0
burundi,1894,0
burundi,1895,0
burundi,1896,0
burundi,1897,0
burundi,1898,0
burundi,1899,0
burundi,1900,0
burundi,1901,0
burundi,1902,0
burundi,1903,0
burundi,1904,0
burundi,1905,0
burundi,1906,0
burundi,1907,0
burundi,1908,0
burundi,1909,0
burundi,1910,0
burundi,1911,0
burundi,1912,0
burundi,1913,0
burundi,1914,0
burundi,1915,0
burundi,1916,0
burundi,1917,0
burundi,1918,0
burundi,1919,0
burundi,1920,0
burundi,1921,0
burundi,1922,0
burundi,1923,0
burundi,1924,0
burundi,1925,0
burundi,1926,0
burundi,1927,0
burundi,1928,0
burundi,1929,0
burundi,1930,0
burundi,1931,0
burundi,1932,0
burundi,1933,0
burundi,1934,0
burundi,1935,0
burundi,1936,0
burundi,1937,0
burundi,1938,0
burundi,1939,0
burundi,1940,0
burundi,1941,0
burundi,1942,0
burundi,1943,0
burundi,1944,0
burundi,1945,0
burundi,1946,0
burundi,1947,0
burundi,1948,0
burundi,1949,0
burundi,1950,0.0024
burundi,1951,0.0024
burundi,1952,0.00445714285714286
burundi,1953,0.00411428571428571
burundi,1954,0.00171428571428571
burundi,1955,0.00205714285714286
burundi,1956,0.0024
burundi,1957,0.00274285714285714
burundi,1958,0.00274285714285714
burundi,1959,0.0106285714285714
burundi,1960,0.00994285714285714
burundi,1961,0.0130285714285714
burundi,1962,0.012
burundi,1963,0.013
burundi,1964,0.013
burundi,1965,0.01
burundi,1966,0.013
burundi,1967,0.013
burundi,1968,0.015
burundi,1969,0.02
burundi,1970,0.017
burundi,1971,0.02
burundi,1972,0.02
burundi,1973,0.02
burundi,1974,0.025
burundi,1975,0.021
burundi,1976,0.024
burundi,1977,0.027
burundi,1978,0.028
burundi,1979,0.03
burundi,1980,0.04
burundi,1981,0.043
burundi,1982,0.043
burundi,1983,0.056
burundi,1984,0.06
burundi,1985,0.063
burundi,1986,0.064
burundi,1987,0.068
burundi,1988,0.062
burundi,1989,0.073
burundi,1990,0.057
burundi,1991,0.065
burundi,1992,0.059
burundi,1993,0.062
burundi,1994,0.064
burundi,1995,0.065
burundi,1996,0.066
burundi,1997,0.068
burundi,1998,0.068
burundi,1999,0.069
burundi,2000,0.074
burundi,2001,0.056
burundi,2002,0.058
burundi,2003,0.044
burundi,2004,0.054
burundi,2005,0.042
burundi,2006,0.05
burundi,2007,0.055
burundi,2008,0.057
burundi,2009,0.046
burundi,2010,0.081
burundi,2011,0.093
burundi,2012,0.0960761904761905
burundi,2013,0.098
burundi,2014,0.095
burundi,2015,0.097
burundi,2016,0.117
burundi,2017,0.14
burundi,2018,0.176058510638298
burundi,2019,0.188
burundi,2020,0.200809424382627
burundi,2021,0.218340627577408
burundi,2022,0.217917880413468
cambodia,1955,0.028
cambodia,1956,0.036
cambodia,1957,0.044
cambodia,1958,0.054
cambodia,1959,0.058
cambodia,1960,0.064
cambodia,1961,0.078
cambodia,1962,0.084
cambodia,1963,0.106
cambodia,1964,0.0929919760428883
cambodia,1965,0.109943228346457
cambodia,1966,0.127935118110236
cambodia,1967,0.113935118110236
cambodia,1968,0.133935118110236
cambodia,1969,0.366934940837313
cambodia,1970,0.319959448818898
cambodia,1971,0.0679831590280616
cambodia,1972,0.0320272999526511
cambodia,1973,0.0351089561876044
cambodia,1974,0.0201113715588454
cambodia,1975,0.0201534073619426
cambodia,1976,0.0201954431650398
cambodia,1977,0.0202374789681369
cambodia,1978,0.0140399306816049
cambodia,1979,0.008
cambodia,1980,0.078
cambodia,1981,0.082
cambodia,1982,0.092
cambodia,1983,0.1
cambodia,1984,0.112
cambodia,1985,0.114
cambodia,1986,0.118
cambodia,1987,0.119
cambodia,1988,0.123
cambodia,1989,0.123
cambodia,1990,0.344
cambodia,1991,0.356
cambodia,1992,0.368
cambodia,1993,0.378
cambodia,1994,0.404450578347412
cambodia,1995,0.424532252179507
cambodia,1996,0.445227852023206
cambodia,1997,0.423543399765548
cambodia,1998,0.535665910513691
cambodia,1999,0.517
cambodia,2000,0.539
cambodia,2001,0.614
cambodia,2002,0.602
cambodia,2003,0.649
cambodia,2004,0.667
cambodia,2005,0.757
cambodia,2006,0.818
cambodia,2007,0.947364082969432
cambodia,2008,1.05532641921397
cambodia,2009,1.24374625652062
cambodia,2010,1.38595592079945
cambodia,2011,1.43960098253275
cambodia,2012,1.5218384279476
cambodia,2013,1.53840884279476
cambodia,2014,1.86524391487389
cambodia,2015,2.28319050218341
cambodia,2016,2.98081659388646
cambodia,2017,3.40489353295903
cambodia,2018,3.80290538573508
cambodia,2019,4.97259180702849
cambodia,2020,5.19492909128717
cambodia,2021,5.49410271658573
cambodia,2022,5.44624498973765
canada,1850,0.016
canada,1851,0.019
canada,1852,0.023
canada,1853,0.028
canada,1854,0.034
canada,1855,0.041
canada,1856,0.049
canada,1857,0.059
canada,1858,0.072
canada,1859,0.086
canada,1860,0.104
canada,1861,0.125
canada,1862,0.153
canada,1863,0.192
canada,1864,0.23
canada,1865,0.278
canada,1866,0.339
canada,1867,0.435
canada,1868,0.258
canada,1869,0.187
canada,1870,0.334
canada,1871,0.486
canada,1872,0.504
canada,1873,0.439
canada,1874,0.443
canada,1875,0.512
canada,1876,0.507
canada,1877,0.552
canada,1878,0.528
canada,1879,0.596
canada,1880,1.428
canada,1881,1.526
canada,1882,1.806
canada,1883,2.028
canada,1884,2.347
canada,1885,2.25
canada,1886,2.401
canada,1887,2.77
canada,1888,3.633
canada,1889,3.082
canada,1890,3.388
canada,1891,3.805
canada,1892,3.791
canada,1893,4.054
canada,1894,3.87
canada,1895,3.693
canada,1896,3.998
canada,1897,4.039
canada,1898,4.287
canada,1899,5.232
canada,1900,5.63
canada,1901,6.508
canada,1902,7
canada,1903,7.631
canada,1904,9.033
canada,1905,9.658
canada,1906,10.204
canada,1907,12.825
canada,1908,12.939
canada,1909,12.387
canada,1910,14.089
canada,1911,16.449
canada,1912,18.36
canada,1913,21.638
canada,1914,18.663
canada,1915,16.68
canada,1916,20.867
canada,1917,23.265
canada,1918,24.432
canada,1919,20.767
canada,1920,23.029
canada,1921,21.966
canada,1922,18.889
canada,1923,25.377
canada,1924,21.12
canada,1925,20.537
canada,1926,23.132
canada,1927,25.109
canada,1928,25.5940616535433
canada,1929,27.0278508669108
canada,1930,25.7499319700694
canada,1931,20.7012157480315
canada,1932,19.1611889340512
canada,1933,18.9635782677165
canada,1934,21.8103917043941
canada,1935,21.5053917322835
canada,1936,23.5161322047244
canada,1937,25.5139213385827
canada,1938,23.3470348818898
canada,1939,25.9289942919232
canada,1940,29.6456779869043
canada,1941,32.7925320472441
canada,1942,35.7744022388044
canada,1943,37.6807186166824
canada,1944,38.3207428805817
canada,1945,35.6225158267717
canada,1946,37.7789724946096
canada,1947,39.1779075590551
canada,1948,43.2605263207751
canada,1949,39.5802101492212
canada,1950,42.0670721351293
canada,1951,44.3990236103399
canada,1952,43.5067559055118
canada,1953,43.8341071754144
canada,1954,44.4780746456693
canada,1955,46.2535961417323
canada,1956,51.8019716535433
canada,1957,49.8939497637795
canada,1958,49.7148443307087
canada,1959,50.3497145669291
canada,1960,52.5972092913386
canada,1961,52.9477875590551
canada,1962,56.4931144094488
canada,1963,57.5629846456693
canada,1964,64.8410844094488
canada,1965,68.7546383464567
canada,1966,70.7080706299213
canada,1967,76.8660033070866
canada,1968,82.7678328934608
canada,1969,83.8207437795276
canada,1970,93.1160519685039
canada,1971,96.148308837935
canada,1972,103.927861678786
canada,1973,104.059278844009
canada,1974,106.336494330838
canada,1975,108.29333664698
canada,1976,108.88708025669
canada,1977,111.296518268896
canada,1978,113.40847500099
canada,1979,120.544967651203
canada,1980,120.864321466844
canada,1981,117.257019704751
canada,1982,113.115427257559
canada,1983,111.446097842075
canada,1984,116.057131553246
canada,1985,115.097897154693
canada,1986,110.455226472751
canada,1987,117.626107707852
canada,1988,124.363840262968
canada,1989,126.333283288118
canada,1990,125.137307647924
canada,1991,122.860153443073
canada,1992,126.641056685106
canada,1993,126.788802056794
canada,1994,130.740448417427
canada,1995,134.231904309536
canada,1996,138.699962758279
canada,1997,142.62480631938
canada,1998,144.726056966583
canada,1999,148.603187443782
canada,2000,154.775136629986
canada,2001,152.605633264443
canada,2002,154.032160446628
canada,2003,158.686455336723
canada,2004,158.21217839747
canada,2005,156.867807343695
canada,2006,155.181361648089
canada,2007,162.051106541728
canada,2008,157.425943537752
canada,2009,148.509732699215
canada,2010,151.763673178409
canada,2011,154.272383469401
canada,2012,154.416410551522
canada,2013,155.442069685489
canada,2014,154.572330045399
canada,2015,155.753365420381
canada,2016,152.207894971597
canada,2017,154.653900749165
canada,2018,157.49625673227
canada,2019,157.911495137947
canada,2020,142.697951858257
canada,2021,146.608552672531
canada,2022,149.54800145277
cape_verde,1950,0.028
cape_verde,1951,0.021
cape_verde,1952,0.01
cape_verde,1953,0.005
cape_verde,1954,0.006
cape_verde,1955,0.006
cape_verde,1956,0.008
cape_verde,1957,0.005
cape_verde,1958,0.004
cape_verde,1959,0.00499188976377953
cape_verde,1960,0.00599188976377953
cape_verde,1961,0.00599188976377953
cape_verde,1962,0.00499188976377953
cape_verde,1963,0.00399188976377953
cape_verde,1964,0.00798377952755906
cape_verde,1965,0.00698377952755906
cape_verde,1966,0.006
cape_verde,1967,0.005
cape_verde,1968,0.00799188976377953
cape_verde,1969,0.00998377952755905
cape_verde,1970,0.00998377952755905
cape_verde,1971,0.00999188976377953
cape_verde,1972,0.0139918897637795
cape_verde,1973,0.0169837795275591
cape_verde,1974,0.018
cape_verde,1975,0.021
cape_verde,1976,0.02
cape_verde,1977,0.022
cape_verde,1978,0.056916546331263
cape_verde,1979,0.068
cape_verde,1980,0.033
cape_verde,1981,0.009
cape_verde,1982,0.01
cape_verde,1983,0.01
cape_verde,1984,0.023
cape_verde,1985,0.023
cape_verde,1986,0.016
cape_verde,1987,0.022
cape_verde,1988,0.02
cape_verde,1989,0.022
cape_verde,1990,0.049
cape_verde,1991,0.045
cape_verde,1992,0.049
cape_verde,1993,0.047
cape_verde,1994,0.048
cape_verde,1995,0.054
cape_verde,1996,0.059
cape_verde,1997,0.062
cape_verde,1998,0.066
cape_verde,1999,0.079
cape_verde,2000,0.081
cape_verde,2001,0.095
cape_verde,2002,0.104
cape_verde,2003,0.113
cape_verde,2004,0.116
cape_verde,2005,0.122
cape_verde,2006,0.135
cape_verde,2007,0.138
cape_verde,2008,0.128
cape_verde,2009,0.142
cape_verde,2010,0.152
cape_verde,2011,0.168
cape_verde,2012,0.137
cape_verde,2013,0.135
cape_verde,2014,0.133
cape_verde,2015,0.134
cape_verde,2016,0.135
cape_verde,2017,0.139
cape_verde,2018,0.147
cape_verde,2019,0.153
cape_verde,2020,0.141
cape_verde,2021,0.152526694166703
cape_verde,2022,0.155234167905341
central_african_republic,1850,0
central_african_republic,1851,0
central_african_republic,1852,0
central_african_republic,1853,0
central_african_republic,1854,0
central_african_republic,1855,0
central_african_republic,1856,0
central_african_republic,1857,0
central_african_republic,1858,0
central_african_republic,1859,0
central_african_republic,1860,0
central_african_republic,1861,0
central_african_republic,1862,0
central_african_republic,1863,0
central_african_republic,1864,0
central_african_republic,1865,0
central_african_republic,1866,0
central_african_republic,1867,0
central_african_republic,1868,0
central_african_republic,1869,0
central_african_republic,1870,0
central_african_republic,1871,0
central_african_republic,1872,0
central_african_republic,1873,0
central_african_republic,1874,0
central_african_republic,1875,0
central_african_republic,1876,0
central_african_republic,1877,0
central_african_republic,1878,0
central_african_republic,1879,0
central_african_republic,1880,0
central_african_republic,1881,0
central_african_republic,1882,0
central_african_republic,1883,0
central_african_republic,1884,0
central_african_republic,1885,0
central_african_republic,1886,0
central_african_republic,1887,0
central_african_republic,1888,0
central_african_republic,1889,0
central_african_republic,1890,0
central_african_republic,1891,0
central_african_republic,1892,0
central_african_republic,1893,0
central_african_republic,1894,0
central_african_republic,1895,0
central_african_republic,1896,0
central_african_republic,1897,0
central_african_republic,1898,0
central_african_republic,1899,0
central_african_republic,1900,0
central_african_republic,1901,0
central_african_republic,1902,0
central_african_republic,1903,0
central_african_republic,1904,0
central_african_republic,1905,0
central_african_republic,1906,0
central_african_republic,1907,0
central_african_republic,1908,0
central_african_republic,1909,0
central_african_republic,1910,0
central_african_republic,1911,0
central_african_republic,1912,0
central_african_republic,1913,0
central_african_republic,1914,0
central_african_republic,1915,0
central_african_republic,1916,0
central_african_republic,1917,0
central_african_republic,1918,0
central_african_republic,1919,0
central_african_republic,1920,0
central_african_republic,1921,0
central_african_republic,1922,0
central_african_republic,1923,0
central_african_republic,1924,0
central_african_republic,1925,0
central_african_republic,1926,0
central_african_republic,1927,0
central_african_republic,1928,0
central_african_republic,1929,0
central_african_republic,1930,0
central_african_republic,1931,0
central_african_republic,1932,0
central_african_republic,1933,0
central_african_republic,1934,0
central_african_republic,1935,0
central_african_republic,1936,0
central_african_republic,1937,0
central_african_republic,1938,0
central_african_republic,1939,0
central_african_republic,1940,0
central_african_republic,1941,0
central_african_republic,1942,0
central_african_republic,1943,0
central_african_republic,1944,0
central_african_republic,1945,0
central_african_republic,1946,0
central_african_republic,1947,0
central_african_republic,1948,0
central_african_republic,1949,0
central_african_republic,1950,0.0128316831683168
central_african_republic,1951,0.0171089108910891
central_african_republic,1952,0.0221881188118812
central_african_republic,1953,0.0187128712871287
central_african_republic,1954,0.0197821782178218
central_african_republic,1955,0.0195148514851485
central_african_republic,1956,0.0253960396039604
central_african_republic,1957,0.0272673267326733
central_african_republic,1958,0.0312772277227723
central_african_republic,1959,0.027
central_african_republic,1960,0.024
central_african_republic,1961,0.024
central_african_republic,1962,0.02
central_african_republic,1963,0.02
central_african_republic,1964,0.02
central_african_republic,1965,0.024
central_african_republic,1966,0.023
central_african_republic,1967,0.025
central_african_republic,1968,0.05
central_african_republic,1969,0.051
central_african_republic,1970,0.057
central_african_republic,1971,0.05
central_african_republic,1972,0.046
central_african_republic,1973,0.044
central_african_republic,1974,0.031
central_african_republic,1975,0.028
central_african_republic,1976,0.035
central_african_republic,1977,0.035
central_african_republic,1978,0.04
central_african_republic,1979,0.028
central_african_republic,1980,0.029
central_african_republic,1981,0.037
central_african_republic,1982,0.039
central_african_republic,1983,0.04
central_african_republic,1984,0.041
central_african_republic,1985,0.044
central_african_republic,1986,0.044
central_african_republic,1987,0.071
central_african_republic,1988,0.063
central_african_republic,1989,0.068
central_african_republic,1990,0.05
central_african_republic,1991,0.052
central_african_republic,1992,0.053
central_african_republic,1993,0.054
central_african_republic,1994,0.057
central_african_republic,1995,0.057
central_african_republic,1996,0.058
central_african_republic,1997,0.059
central_african_republic,1998,0.06
central_african_republic,1999,0.063
central_african_republic,2000,0.064
central_african_republic,2001,0.067
central_african_republic,2002,0.066
central_african_republic,2003,0.061
central_african_republic,2004,0.06
central_african_republic,2005,0.059
central_african_republic,2006,0.062
central_african_republic,2007,0.063
central_african_republic,2008,0.045
central_african_republic,2009,0.044
central_african_republic,2010,0.046
central_african_republic,2011,0.051
central_african_republic,2012,0.052
central_african_republic,2013,0.032
central_african_republic,2014,0.034
central_african_republic,2015,0.049
central_african_republic,2016,0.054
central_african_republic,2017,0.059
central_african_republic,2018,0.06
central_african_republic,2019,0.062
central_african_republic,2020,0.065
central_african_republic,2021,0.0680225388168221
central_african_republic,2022,0.0617428988790581
chad,1850,0
chad,1851,0
chad,1852,0
chad,1853,0
chad,1854,0
chad,1855,0
chad,1856,0
chad,1857,0
chad,1858,0
chad,1859,0
chad,1860,0
chad,1861,0
chad,1862,0
chad,1863,0
chad,1864,0
chad,1865,0
chad,1866,0
chad,1867,0
chad,1868,0
chad,1869,0
chad,1870,0
chad,1871,0
chad,1872,0
chad,1873,0
chad,1874,0
chad,1875,0
chad,1876,0
chad,1877,0
chad,1878,0
chad,1879,0
chad,1880,0
chad,1881,0
chad,1882,0
chad,1883,0
chad,1884,0
chad,1885,0
chad,1886,0
chad,1887,0
chad,1888,0
chad,1889,0
chad,1890,0
chad,1891,0
chad,1892,0
chad,1893,0
chad,1894,0
chad,1895,0
chad,1896,0
chad,1897,0
chad,1898,0
chad,1899,0
chad,1900,0
chad,1901,0
chad,1902,0
chad,1903,0
chad,1904,0
chad,1905,0
chad,1906,0
chad,1907,0
chad,1908,0
chad,1909,0
chad,1910,0
chad,1911,0
chad,1912,0
chad,1913,0
chad,1914,0
chad,1915,0
chad,1916,0
chad,1917,0
chad,1918,0
chad,1919,0
chad,1920,0
chad,1921,0
chad,1922,0
chad,1923,0
chad,1924,0
chad,1925,0
chad,1926,0
chad,1927,0
chad,1928,0
chad,1929,0
chad,1930,0
chad,1931,0
chad,1932,0
chad,1933,0
chad,1934,0
chad,1935,0
chad,1936,0
chad,1937,0
chad,1938,0
chad,1939,0
chad,1940,0
chad,1941,0
chad,1942,0
chad,1943,0
chad,1944,0
chad,1945,0
chad,1946,0
chad,1947,0
chad,1948,0
chad,1949,0
chad,1950,0.00807920792079208
chad,1951,0.0107722772277228
chad,1952,0.013970297029703
chad,1953,0.0117821782178218
chad,1954,0.0124554455445545
chad,1955,0.0122871287128713
chad,1956,0.015990099009901
chad,1957,0.0171683168316832
chad,1958,0.0196930693069307
chad,1959,0.017
chad,1960,0.015
chad,1961,0.014
chad,1962,0.023
chad,1963,0.025
chad,1964,0.027
chad,1965,0.029
chad,1966,0.023
chad,1967,0.032
chad,1968,0.034
chad,1969,0.044
chad,1970,0.034
chad,1971,0.041
chad,1972,0.033
chad,1973,0.044
chad,1974,0.041
chad,1975,0.05
chad,1976,0.05
chad,1977,0.054
chad,1978,0.053
chad,1979,0.055
chad,1980,0.057
chad,1981,0.057
chad,1982,0.056
chad,1983,0.056
chad,1984,0.059
chad,1985,0.049
chad,1986,0.051
chad,1987,0.054
chad,1988,0.018
chad,1989,0.028
chad,1990,0.103
chad,1991,0.105
chad,1992,0.111
chad,1993,0.11
chad,1994,0.112474034934498
chad,1995,0.116651465065502
chad,1996,0.120965379912664
chad,1997,0.123661950873362
chad,1998,0.126593708515284
chad,1999,0.130252496724891
chad,2000,0.133054593886463
chad,2001,0.13798951419214
chad,2002,0.143981692139738
chad,2003,0.240833563318777
chad,2004,0.246323910480349
chad,2005,0.252647812227074
chad,2006,0.262268318777293
chad,2007,0.29720390720524
chad,2008,0.238117517467249
chad,2009,0.331890152838428
chad,2010,0.337337888646288
chad,2011,0.347420587403742
chad,2012,0.475695270740761
chad,2013,0.567275446429262
chad,2014,0.595736797227246
chad,2015,0.641839068997305
chad,2016,0.648047883507771
chad,2017,0.639782900577071
chad,2018,0.650521367581284
chad,2019,0.62858436981602
chad,2020,0.622057563818204
chad,2021,0.673186784323758
chad,2022,0.646616756362255
chile,1895,0.143
chile,1896,0.146
chile,1897,0.174
chile,1898,0.202
chile,1899,0.173
chile,1900,0.232
chile,1901,0.428
chile,1902,0.535
chile,1903,0.59
chile,1904,0.537
chile,1905,0.567
chile,1906,0.666
chile,1907,0.595
chile,1908,0.671
chile,1909,0.642
chile,1910,0.767
chile,1911,0.848
chile,1912,0.945
chile,1913,0.916
chile,1914,0.776
chile,1915,0.837
chile,1916,1.012
chile,1917,1.099
chile,1918,1.083
chile,1919,1.06
chile,1920,0.759
chile,1921,0.91
chile,1922,0.752
chile,1923,0.831
chile,1924,1.099
chile,1925,1.037
chile,1926,1.065
chile,1927,1.058
chile,1928,0.997878224437091
chile,1929,1.09583794313769
chile,1930,1.05082174440885
chile,1931,0.798886456692913
chile,1932,0.789878346456693
chile,1933,1.11684590551181
chile,1934,1.31777308555157
chile,1935,1.39468392736277
chile,1936,1.37172445280465
chile,1937,1.44065125984252
chile,1938,1.50859448818898
chile,1939,1.36662692913386
chile,1940,1.43557826771654
chile,1941,1.5196025984252
chile,1942,1.58459474387108
chile,1943,1.66758637795276
chile,1944,1.6756025984252
chile,1945,1.53954582677165
chile,1946,1.48235929133858
chile,1947,1.55733496062992
chile,1948,1.6944076032593
chile,1949,1.60345661417323
chile,1950,2.30643228346457
chile,1951,2.72422952755905
chile,1952,2.89409976377953
chile,1953,2.83915653543307
chile,1954,3.02414842519685
chile,1955,3.16511598425197
chile,1956,3.22914816146975
chile,1957,3.20019708661417
chile,1958,3.39819708661417
chile,1959,3.46707543307087
chile,1960,3.67807543307087
chile,1961,3.94505717449114
chile,1962,4.55987242994543
chile,1963,4.73171047244095
chile,1964,4.77760503937008
chile,1965,4.8436942519685
chile,1966,5.1234917903478
chile,1967,5.2506377396943
chile,1968,5.78663724487005
chile,1969,6.14941850393701
chile,1970,6.72374501906741
chile,1971,7.38421709232432
chile,1972,7.67985630007693
chile,1973,7.5296093139908
chile,1974,7.06277051317413
chile,1975,6.26273832014693
chile,1976,6.55810103128778
chile,1977,6.2819086330805
chile,1978,6.23417328564492
chile,1979,6.74936072373619
chile,1980,6.85042023545172
chile,1981,6.6449573467023
chile,1982,5.58822466933884
chile,1983,5.64248647992471
chile,1984,6.00564081789227
chile,1985,5.81119916244621
chile,1986,6.01049456625174
chile,1987,6.11631057606117
chile,1988,7.25981910391228
chile,1989,8.73849034292143
chile,1990,8.98147233465283
chile,1991,8.43117069158958
chile,1992,8.73380021834061
chile,1993,9.30618122270742
chile,1994,10.3643200611354
chile,1995,11.3434850801516
chile,1996,13.1621978345588
chile,1997,15.2680063995633
chile,1998,15.6273135764192
chile,1999,16.7598117751092
chile,2000,15.966866430131
chile,2001,14.442790493832
chile,2002,14.9660400229258
chile,2003,15.0382633908297
chile,2004,16.1649634530568
chile,2005,16.6832678569869
chile,2006,17.481414139738
chile,2007,19.2348349115721
chile,2008,19.2556057751092
chile,2009,18.002134789457
chile,2010,19.4725766289107
chile,2011,21.3077145661988
chile,2012,21.7305753320915
chile,2013,22.3080828459141
chile,2014,21.1762720518621
chile,2015,22.3204583566029
chile,2016,22.9941312739606
chile,2017,22.963496910774
chile,2018,23.0455437604899
chile,2019,25.1029194852887
chile,2020,21.8826868046269
chile,2021,24.3004002510281
chile,2022,23.0288540452873
china_mainland,1899,0
china_mainland,1902,0
china_mainland,1903,0
china_mainland,1904,0
china_mainland,1905,0
china_mainland,1906,0
china_mainland,1907,5.42955
china_mainland,1908,6.2052
china_mainland,1909,6.61888
china_mainland,1910,6.82572
china_mainland,1911,6.7223
china_mainland,1912,4.6476948
china_mainland,1913,6.61888
china_mainland,1914,7.2921442
china_mainland,1915,6.9379307
china_mainland,1916,8.2234413
china_mainland,1917,8.7400242
china_mainland,1918,9.483614
china_mainland,1919,10.3704405
china_mainland,1920,10.9930289
china_mainland,1921,10.5793489
china_mainland,1922,10.9092587
china_mainland,1923,12.6958392
china_mainland,1924,13.3313551
china_mainland,1925,12.5422605
china_mainland,1926,11.915984
china_mainland,1927,12.502340872167
china_mainland,1928,12.9889302944273
china_mainland,1929,13.1773545897638
china_mainland,1930,13.5257793141732
china_mainland,1931,14.1661183188976
china_mainland,1932,13.7197467653543
china_mainland,1933,14.7683350796503
china_mainland,1934,17.0258263188976
china_mainland,1935,19.8269564667958
china_mainland,1936,20.5996867826772
china_mainland,1937,19.3691737336691
china_mainland,1938,16.7482311267717
china_mainland,1939,20.3130433181102
china_mainland,1940,24.7790743131111
china_mainland,1941,31.1076879456693
china_mainland,1942,34.828979576378
china_mainland,1943,29.7474202984252
china_mainland,1944,28.1123275882129
china_mainland,1945,15.2544231925193
china_mainland,1946,9.85454351653543
china_mainland,1947,11.4181591162194
china_mainland,1948,10.480377877393
china_mainland,1949,16.9435312586012
china_mainland,1950,21.5161808251936
china_mainland,1951,27.8698725210865
china_mainland,1952,34.9343138899358
china_mainland,1953,36.512795703673
china_mainland,1954,43.9075899651599
china_mainland,1955,51.998215399554
china_mainland,1956,58.9039258673667
china_mainland,1957,69.8103061401443
china_mainland,1958,143.181511825745
china_mainland,1959,196.547913989451
china_mainland,1960,218.013078805909
china_mainland,1961,155.739679798544
china_mainland,1962,125.441614102051
china_mainland,1963,124.666880307032
china_mainland,1964,125.71973094008
china_mainland,1965,136.541038194337
china_mainland,1966,149.961604123184
china_mainland,1967,125.607504217923
china_mainland,1968,135.236508197564
china_mainland,1969,165.852446968949
china_mainland,1970,220.511088041603
china_mainland,1971,248.146752254064
china_mainland,1972,264.368339485436
china_mainland,1973,275.189021783194
china_mainland,1974,280.594941908827
china_mainland,1975,322.929845979307
china_mainland,1976,334.721964223432
china_mainland,1977,365.947356640011
china_mainland,1978,407.417534239407
china_mainland,1979,416.392234757189
china_mainland,1980,407.886431264374
china_mainland,1981,402.971575970848
china_mainland,1982,438.478442529673
china_mainland,1983,462.395417861393
china_mainland,1984,503.501095088538
china_mainland,1985,545.32830353285
china_mainland,1986,574.294037628536
china_mainland,1987,616.195016227435
china_mainland,1988,662.088851751083
china_mainland,1989,672.394750921966
china_mainland,1990,678.180900655022
china_mainland,1991,711.270792078832
china_mainland,1992,745.3022891272
china_mainland,1993,797.39381991178
china_mainland,1994,847.090254613394
china_mainland,1995,917.477411229296
china_mainland,1996,957.646874136488
china_mainland,1997,959.49624160262
china_mainland,1998,918.282640297489
china_mainland,1999,970.871888864296
china_mainland,2000,995.960947394105
china_mainland,2001,1017.6073911155
china_mainland,2002,1119.82606157096
china_mainland,2003,1321.26601790393
china_mainland,2004,1423.94947395961
china_mainland,2005,1605.3883348417
china_mainland,2006,1772.47217558297
china_mainland,2007,1905.99801343777
china_mainland,2008,2047.35202057205
china_mainland,2009,2153.68157667249
china_mainland,2010,2352.79115195196
china_mainland,2011,2601.64002563321
china_mainland,2012,2669.03776121401
china_mainland,2013,2717.35159109342
china_mainland,2014,2728.89574734726
china_mainland,2015,2692.94524334451
china_mainland,2016,2665.12814878689
china_mainland,2017,2732.30122086521
china_mainland,2018,2825.85548314825
china_mainland,2019,2926.0485675889
china_mainland,2020,2978.71511045134
china_mainland,2021,3093.95028768862
china_mainland,2022,3110.47418791154
colombia,1921,0.008
colombia,1922,0.039
colombia,1923,0.051
colombia,1924,0.054
colombia,1925,0.121
colombia,1926,0.231
colombia,1927,0.225
colombia,1928,0.368
colombia,1929,0.352
colombia,1930,0.178
colombia,1931,0.09
colombia,1932,0.022
colombia,1933,0.146
colombia,1934,0.200918897637795
colombia,1935,0.655918897637795
colombia,1936,0.759886605895682
colombia,1937,0.759862307159043
colombia,1938,0.819845905511811
colombia,1939,1.26581346456693
colombia,1940,1.13678913385827
colombia,1941,1.01876480314961
colombia,1942,1.13677291338583
colombia,1943,1.01871586289312
colombia,1944,1.29369204900739
colombia,1945,1.22266720820393
colombia,1946,1.35363503937008
colombia,1947,1.38161881889764
colombia,1948,1.22359448818898
colombia,1949,1.40147283464567
colombia,1950,2.04637551181102
colombia,1951,2.22828661925779
colombia,1952,2.35622952755905
colombia,1953,2.93703488188976
colombia,1954,2.62593755905512
colombia,1955,3.25984834645669
colombia,1956,3.43865330930755
colombia,1957,3.72564559055118
colombia,1958,3.81464559055118
colombia,1959,4.39049994784114
colombia,1960,4.47338606299213
colombia,1961,4.96624007874016
colombia,1962,5.30007787401575
colombia,1963,5.79497279064462
colombia,1964,5.91783493264997
colombia,1965,6.23873760659944
colombia,1966,6.40671291338583
colombia,1967,6.73767236220473
colombia,1968,7.25238886384551
colombia,1969,7.64636417322835
colombia,1970,7.74291811023622
colombia,1971,8.26457872103724
colombia,1972,8.57674108357676
colombia,1973,9.17869965947861
colombia,1974,9.9329774132571
colombia,1975,9.77321096119887
colombia,1976,10.3656487149135
colombia,1977,10.7098729946093
colombia,1978,11.3357653437068
colombia,1979,12.08157436579
colombia,1980,12.0562879245281
colombia,1981,12.0797824905765
colombia,1982,12.4670580843776
colombia,1983,13.430580683296
colombia,1984,13.2919048035633
colombia,1985,13.1221315235869
colombia,1986,13.3063005822306
colombia,1987,13.6801269647551
colombia,1988,14.1968918362076
colombia,1989,14.4085169470832
colombia,1990,15.5288600216985
colombia,1991,15.4623580786026
colombia,1992,16.7834825327511
colombia,1993,17.2865182426926
colombia,1994,18.2962262423581
colombia,1995,16.2174520087336
colombia,1996,16.3517122183406
colombia,1997,17.8100978558952
colombia,1998,17.9581871015284
colombia,1999,15.1407726593886
colombia,2000,15.4452402455472
colombia,2001,15.5153306266376
colombia,2002,15.2568803909311
colombia,2003,15.659959371179
colombia,2004,14.91451224306
colombia,2005,16.4196512172489
colombia,2006,17.0044661451965
colombia,2007,16.5096875021834
colombia,2008,18.276196941048
colombia,2009,19.7763699432314
colombia,2010,20.8150832423581
colombia,2011,20.803538930894
colombia,2012,21.9037309646053
colombia,2013,24.0460323722867
colombia,2014,26.8242747267954
colombia,2015,26.4121786307563
colombia,2016,27.2068048576333
colombia,2017,25.1842279089997
colombia,2018,23.7751186523752
colombia,2019,25.7909191185837
colombia,2020,24.4899907781183
colombia,2021,26.136788654149
colombia,2022,27.2155766274156
comoros,1959,0.003
comoros,1960,0.003
comoros,1961,0.003
comoros,1962,0.003
comoros,1963,0.003
comoros,1964,0.003
comoros,1965,0.004
comoros,1966,0.005
comoros,1967,0.005
comoros,1968,0.005
comoros,1969,0.005
comoros,1970,0.008
comoros,1971,0.008
comoros,1972,0.008
comoros,1973,0.008
comoros,1974,0.008
comoros,1975,0.009
comoros,1976,0.011
comoros,1977,0.011
comoros,1978,0.008
comoros,1979,0.006
comoros,1980,0.013
comoros,1981,0.013
comoros,1982,0.013
comoros,1983,0.013
comoros,1984,0.013
comoros,1985,0.013
comoros,1986,0.012
comoros,1987,0.013
comoros,1988,0.014
comoros,1989,0.014
comoros,1990,0.018
comoros,1991,0.018
comoros,1992,0.019
comoros,1993,0.02
comoros,1994,0.02
comoros,1995,0.021
comoros,1996,0.022
comoros,1997,0.023
comoros,1998,0.025
comoros,1999,0.026
comoros,2000,0.028
comoros,2001,0.029
comoros,2002,0.029
comoros,2003,0.037
comoros,2004,0.04
comoros,2005,0.039
comoros,2006,0.045
comoros,2007,0.029
comoros,2008,0.03
comoros,2009,0.037
comoros,2010,0.044
comoros,2011,0.039
comoros,2012,0.042
comoros,2013,0.05
comoros,2014,0.044
comoros,2015,0.049
comoros,2016,0.059
comoros,2017,0.073
comoros,2018,0.08
comoros,2019,0.085
comoros,2020,0.104
comoros,2021,0.113299618764236
comoros,2022,0.112652703769735
congo,1850,0
congo,1851,0
congo,1852,0
congo,1853,0
congo,1854,0
congo,1855,0
congo,1856,0
congo,1857,0
congo,1858,0
congo,1859,0
congo,1860,0
congo,1861,0
congo,1862,0
congo,1863,0
congo,1864,0
congo,1865,0
congo,1866,0
congo,1867,0
congo,1868,0
congo,1869,0
congo,1870,0
congo,1871,0
congo,1872,0
congo,1873,0
congo,1874,0
congo,1875,0
congo,1876,0
congo,1877,0
congo,1878,0
congo,1879,0
congo,1880,0
congo,1881,0
congo,1882,0
congo,1883,0
congo,1884,0
congo,1885,0
congo,1886,0
congo,1887,0
congo,1888,0
congo,1889,0
congo,1890,0
congo,1891,0
congo,1892,0
congo,1893,0
congo,1894,0
congo,1895,0
congo,1896,0
congo,1897,0
congo,1898,0
congo,1899,0
congo,1900,0
congo,1901,0
congo,1902,0
congo,1903,0
congo,1904,0
congo,1905,0
congo,1906,0
congo,1907,0
congo,1908,0
congo,1909,0
congo,1910,0
congo,1911,0
congo,1912,0
congo,1913,0
congo,1914,0
congo,1915,0
congo,1916,0
congo,1917,0
congo,1918,0
congo,1919,0
congo,1920,0
congo,1921,0
congo,1922,0
congo,1923,0
congo,1924,0
congo,1925,0
congo,1926,0
congo,1927,0
congo,1928,0
congo,1929,0
congo,1930,0
congo,1931,0
congo,1932,0
congo,1933,0
congo,1934,0
congo,1935,0
congo,1936,0
congo,1937,0
congo,1938,0
congo,1939,0
congo,1940,0
congo,1941,0
congo,1942,0
congo,1943,0
congo,1944,0
congo,1945,0
congo,1946,0
congo,1947,0
congo,1948,0
congo,1949,0
congo,1950,0.0242376237623762
congo,1951,0.0323168316831683
congo,1952,0.0419108910891089
congo,1953,0.0353465346534654
congo,1954,0.0373663366336634
congo,1955,0.0368613861386138
congo,1956,0.047970297029703
congo,1957,0.0515049504950495
congo,1958,0.0590792079207921
congo,1959,0.051
congo,1960,0.061
congo,1961,0.073
congo,1962,0.065
congo,1963,0.064
congo,1964,0.073
congo,1965,0.067
congo,1966,0.084
congo,1967,0.088
congo,1968,0.123
congo,1969,0.137
congo,1970,0.156
congo,1971,0.187
congo,1972,0.181
congo,1973,0.333
congo,1974,0.443
congo,1975,0.3
congo,1976,0.337
congo,1977,0.131
congo,1978,0.088
congo,1979,0.095
congo,1980,0.110679310500997
congo,1981,0.128472595972384
congo,1982,0.366567255173837
congo,1983,0.311804491004103
congo,1984,0.311
congo,1985,0.348041422134404
congo,1986,0.289949031231227
congo,1987,0.360287116855937
congo,1988,0.407462178384714
congo,1989,0.408195209197841
congo,1990,0.275083922322132
congo,1991,0.295522977460131
congo,1992,0.351845908685983
congo,1993,0.316714823560937
congo,1994,0.923547908440988
congo,1995,0.880095468024159
congo,1996,1.10191351554432
congo,1997,1.31838751183727
congo,1998,1.05602350655022
congo,1999,1.06866249017467
congo,2000,1.16928232301902
congo,2001,1.14023106659389
congo,2002,0.742435216157205
congo,2003,0.889222346069869
congo,2004,0.968506148471616
congo,2005,1.18780827899104
congo,2006,1.30618889022685
congo,2007,1.16247567298486
congo,2008,1.16546504664527
congo,2009,1.34925029972459
congo,2010,1.50107620698222
congo,2011,1.37729838006858
congo,2012,1.36995824970849
congo,2013,1.60815659908144
congo,2014,1.49278859251041
congo,2015,1.53747662399297
congo,2016,1.56366364031385
congo,2017,1.54240591857645
congo,2018,1.78628417037863
congo,2019,1.98967854504351
congo,2020,2.01733212148111
congo,2021,1.98031678119027
congo,2022,2.02836509442531
cook_islands,1968,0
cook_islands,1969,0.003
cook_islands,1970,0.003
cook_islands,1971,0.003
cook_islands,1972,0.003
cook_islands,1973,0.003
cook_islands,1974,0.003
cook_islands,1975,0.004
cook_islands,1976,0.004
cook_islands,1977,0.008
cook_islands,1978,0.008
cook_islands,1979,0.007
cook_islands,1980,0.008
cook_islands,1981,0.018
cook_islands,1982,0.014
cook_islands,1983,0.014
cook_islands,1984,0.006
cook_islands,1985,0.006
cook_islands,1986,0.006
cook_islands,1987,0.006
cook_islands,1988,0.006
cook_islands,1989,0.006
cook_islands,1990,0.012
cook_islands,1991,0.012
cook_islands,1992,0.012
cook_islands,1993,0.013
cook_islands,1994,0.013
cook_islands,1995,0.013
cook_islands,1996,0.014
cook_islands,1997,0.014
cook_islands,1998,0.013
cook_islands,1999,0.014
cook_islands,2000,0.014
cook_islands,2001,0.013
cook_islands,2002,0.011
cook_islands,2003,0.013
cook_islands,2004,0.015
cook_islands,2005,0.017
cook_islands,2006,0.018
cook_islands,2007,0.018
cook_islands,2008,0.018
cook_islands,2009,0.018
cook_islands,2010,0.02
cook_islands,2011,0.022
cook_islands,2012,0.023
cook_islands,2013,0.023
cook_islands,2014,0.022
cook_islands,2015,0.022
cook_islands,2016,0.02
cook_islands,2017,0.022
cook_islands,2018,0.022
cook_islands,2019,0.023
cook_islands,2020,0.018
cook_islands,2021,0.0187824107181165
cook_islands,2022,0.0185706591984446
costa_rica,1950,0.078
costa_rica,1951,0.085
costa_rica,1952,0.106
costa_rica,1953,0.118
costa_rica,1954,0.111
costa_rica,1955,0.095
costa_rica,1956,0.132
costa_rica,1957,0.126
costa_rica,1958,0.122
costa_rica,1959,0.105
costa_rica,1960,0.134
costa_rica,1961,0.134
costa_rica,1962,0.15
costa_rica,1963,0.164
costa_rica,1964,0.183967559055118
costa_rica,1965,0.230870236220472
costa_rica,1966,0.270870236220472
costa_rica,1967,0.238878346456693
costa_rica,1968,0.282854015748031
costa_rica,1969,0.31282157480315
costa_rica,1970,0.340797244094488
costa_rica,1971,0.416764803149606
costa_rica,1972,0.480708031496063
costa_rica,1973,0.557699921259843
costa_rica,1974,0.519675590551181
costa_rica,1975,0.555635039370079
costa_rica,1976,0.568191815938663
costa_rica,1977,0.711631772242186
costa_rica,1978,0.794771567646835
costa_rica,1979,0.759001667969234
costa_rica,1980,0.668247988764074
costa_rica,1981,0.610320161650565
costa_rica,1982,0.565125979982219
costa_rica,1983,0.570090808239025
costa_rica,1984,0.540652154836106
costa_rica,1985,0.612023679212059
costa_rica,1986,0.703475496540806
costa_rica,1987,0.743411907721564
costa_rica,1988,0.793100905788157
costa_rica,1989,0.800585437141616
costa_rica,1990,0.79503674678603
costa_rica,1991,0.89735655605909
costa_rica,1992,1.02125226897266
costa_rica,1993,1.06192466346023
costa_rica,1994,1.41917296158831
costa_rica,1995,1.31025369667439
costa_rica,1996,1.27903307160053
costa_rica,1997,1.34175283361156
costa_rica,1998,1.42852114700385
costa_rica,1999,1.48410640757776
costa_rica,2000,1.47212695842186
costa_rica,2001,1.54655213195721
costa_rica,2002,1.70453059714658
costa_rica,2003,1.79654603369969
costa_rica,2004,1.8672703058103
costa_rica,2005,1.83498976927858
costa_rica,2006,1.91231557770929
costa_rica,2007,2.17269109888181
costa_rica,2008,2.18066144954286
costa_rica,2009,2.11456126875335
costa_rica,2010,2.044936328622
costa_rica,2011,1.995309750173
costa_rica,2012,1.98146436389284
costa_rica,2013,2.08283751270405
costa_rica,2014,2.11471317144671
costa_rica,2015,2.02129404954316
costa_rica,2016,2.14408671277666
costa_rica,2017,2.19132317723554
costa_rica,2018,2.1867837664924
costa_rica,2019,2.10108671277666
costa_rica,2020,1.84584613509747
costa_rica,2021,2.08935192818509
costa_rica,2022,2.15302780422509
cote_d_ivoire,1850,0
cote_d_ivoire,1851,0
cote_d_ivoire,1852,0
cote_d_ivoire,1853,0
cote_d_ivoire,1854,0
cote_d_ivoire,1855,0
cote_d_ivoire,1856,0
cote_d_ivoire,1857,0
cote_d_ivoire,1858,0
cote_d_ivoire,1859,0
cote_d_ivoire,1860,0
cote_d_ivoire,1861,0
cote_d_ivoire,1862,0
cote_d_ivoire,1863,0
cote_d_ivoire,1864,0
cote_d_ivoire,1865,0
cote_d_ivoire,1866,0
cote_d_ivoire,1867,0
cote_d_ivoire,1868,0
cote_d_ivoire,1869,0
cote_d_ivoire,1870,0
cote_d_ivoire,1871,0
cote_d_ivoire,1872,0
cote_d_ivoire,1873,0
cote_d_ivoire,1874,0
cote_d_ivoire,1875,0
cote_d_ivoire,1876,0
cote_d_ivoire,1877,0
cote_d_ivoire,1878,0
cote_d_ivoire,1879,0
cote_d_ivoire,1880,0
cote_d_ivoire,1881,0
cote_d_ivoire,1882,0
cote_d_ivoire,1883,0
cote_d_ivoire,1884,0
cote_d_ivoire,1885,0
cote_d_ivoire,1886,0
cote_d_ivoire,1887,0
cote_d_ivoire,1888,0
cote_d_ivoire,1889,0
cote_d_ivoire,1890,0
cote_d_ivoire,1891,0
cote_d_ivoire,1892,0
cote_d_ivoire,1893,0
cote_d_ivoire,1894,0
cote_d_ivoire,1895,0
cote_d_ivoire,1896,0
cote_d_ivoire,1897,0
cote_d_ivoire,1898,0
cote_d_ivoire,1899,0
cote_d_ivoire,1900,0
cote_d_ivoire,1901,0
cote_d_ivoire,1902,0
cote_d_ivoire,1903,0
cote_d_ivoire,1904,0
cote_d_ivoire,1905,0
cote_d_ivoire,1906,0
cote_d_ivoire,1907,0
cote_d_ivoire,1908,0
cote_d_ivoire,1909,0
cote_d_ivoire,1910,0
cote_d_ivoire,1911,0
cote_d_ivoire,1912,0
cote_d_ivoire,1913,0
cote_d_ivoire,1914,0
cote_d_ivoire,1915,0
cote_d_ivoire,1916,0
cote_d_ivoire,1917,0
cote_d_ivoire,1918,0
cote_d_ivoire,1919,0
cote_d_ivoire,1920,0
cote_d_ivoire,1921,0
cote_d_ivoire,1922,0
cote_d_ivoire,1923,0
cote_d_ivoire,1924,0
cote_d_ivoire,1925,0
cote_d_ivoire,1926,0
cote_d_ivoire,1927,0
cote_d_ivoire,1928,0
cote_d_ivoire,1929,0
cote_d_ivoire,1930,0
cote_d_ivoire,1931,0
cote_d_ivoire,1932,0
cote_d_ivoire,1933,0
cote_d_ivoire,1934,0
cote_d_ivoire,1935,0
cote_d_ivoire,1936,0
cote_d_ivoire,1937,0
cote_d_ivoire,1938,0
cote_d_ivoire,1939,0
cote_d_ivoire,1940,0
cote_d_ivoire,1941,0
cote_d_ivoire,1942,0
cote_d_ivoire,1943,0
cote_d_ivoire,1944,0
cote_d_ivoire,1945,0
cote_d_ivoire,1946,0
cote_d_ivoire,1947,0
cote_d_ivoire,1948,0
cote_d_ivoire,1949,0
cote_d_ivoire,1950,0.15045
cote_d_ivoire,1951,0.1258
cote_d_ivoire,1952,0.140675
cote_d_ivoire,1953,0.116875
cote_d_ivoire,1954,0.1377
cote_d_ivoire,1955,0.137275
cote_d_ivoire,1956,0.15895
cote_d_ivoire,1957,0.162775
cote_d_ivoire,1958,0.136
cote_d_ivoire,1959,0.149
cote_d_ivoire,1960,0.126
cote_d_ivoire,1961,0.151
cote_d_ivoire,1962,0.16
cote_d_ivoire,1963,0.17
cote_d_ivoire,1964,0.208
cote_d_ivoire,1965,0.32
cote_d_ivoire,1966,0.338
cote_d_ivoire,1967,0.371
cote_d_ivoire,1968,0.436
cote_d_ivoire,1969,0.516
cote_d_ivoire,1970,0.612
cote_d_ivoire,1971,0.67
cote_d_ivoire,1972,0.74
cote_d_ivoire,1973,0.785
cote_d_ivoire,1974,0.885
cote_d_ivoire,1975,1.088
cote_d_ivoire,1976,1.081
cote_d_ivoire,1977,1.106
cote_d_ivoire,1978,1.314
cote_d_ivoire,1979,1.479
cote_d_ivoire,1980,1.52
cote_d_ivoire,1981,1.055
cote_d_ivoire,1982,1.516
cote_d_ivoire,1983,1.233
cote_d_ivoire,1984,1.401
cote_d_ivoire,1985,1.906
cote_d_ivoire,1986,1.522
cote_d_ivoire,1987,2.006
cote_d_ivoire,1988,2.403
cote_d_ivoire,1989,2.256
cote_d_ivoire,1990,1.305
cote_d_ivoire,1991,1.176
cote_d_ivoire,1992,1.049
cote_d_ivoire,1993,1.39
cote_d_ivoire,1994,1.128
cote_d_ivoire,1995,1.69905481142625
cote_d_ivoire,1996,2.05404162227074
cote_d_ivoire,1997,1.96813261913483
cote_d_ivoire,1998,1.84374601528384
cote_d_ivoire,1999,1.66263959960185
cote_d_ivoire,2000,1.81047304585153
cote_d_ivoire,2001,2.08779512117904
cote_d_ivoire,2002,2.03334190611354
cote_d_ivoire,2003,1.44664977450382
cote_d_ivoire,2004,2.01590096834061
cote_d_ivoire,2005,2.06450732751092
cote_d_ivoire,2006,1.87970473144105
cote_d_ivoire,2007,1.81584870851528
cote_d_ivoire,2008,1.83204294978166
cote_d_ivoire,2009,1.54474434934498
cote_d_ivoire,2010,1.69889348471616
cote_d_ivoire,2011,1.78034107771063
cote_d_ivoire,2012,2.33078867070511
cote_d_ivoire,2013,2.64185858235229
cote_d_ivoire,2014,2.70284521631463
cote_d_ivoire,2015,2.60773610381757
cote_d_ivoire,2016,3.27040026248555
cote_d_ivoire,2017,3.27562914742928
cote_d_ivoire,2018,2.82544585740098
cote_d_ivoire,2019,2.87529511726678
cote_d_ivoire,2020,3.00726185481531
cote_d_ivoire,2021,3.20125396659411
cote_d_ivoire,2022,3.2025544387671
croatia,1850,0
croatia,1851,0
croatia,1852,0
croatia,1853,0
croatia,1854,0
croatia,1855,0
croatia,1856,0
croatia,1857,0
croatia,1858,0
croatia,1859,0
croatia,1860,0
croatia,1861,0
croatia,1862,0
croatia,1863,0
croatia,1864,0
croatia,1865,0
croatia,1866,0
croatia,1867,0
croatia,1868,0
croatia,1869,0
croatia,1870,0
croatia,1871,0
croatia,1872,0
croatia,1873,0
croatia,1874,0
croatia,1875,0
croatia,1876,0
croatia,1877,0
croatia,1878,0
croatia,1879,0
croatia,1880,0
croatia,1881,0
croatia,1882,0
croatia,1883,0
croatia,1884,0
croatia,1885,0.00133974310824007
croatia,1886,0
croatia,1887,0
croatia,1888,0
croatia,1889,0
croatia,1890,0.0040192293247202
croatia,1891,0.00468910087884023
croatia,1892,0.00519150454443026
croatia,1893,0.00921073386915045
croatia,1894,0.0175841282956509
croatia,1895,0.0175841282956509
croatia,1896,0.019593742958011
croatia,1897,0.0152395778562308
croatia,1898,0.0231105686171411
croatia,1899,0.0269623300533313
croatia,1900,0.0365079996995418
croatia,1901,0.039857357470142
croatia,1902,0.0373453391421918
croatia,1903,0.040527229024262
croatia,1904,0.0432067152407421
croatia,1905,0.0468910087884023
croatia,1906,0.0561017426575528
croatia,1907,0.0571065499887328
croatia,1908,0.061460715090513
croatia,1909,0.0631353939758131
croatia,1910,0.0624655224216931
croatia,1911,0.0676570269661233
croatia,1912,0.0693317058514234
croatia,1913,0.190410989258619
croatia,1914,0
croatia,1915,0
croatia,1916,0
croatia,1917,0
croatia,1918,0
croatia,1919,0.136486329151957
croatia,1920,0.181200255389469
croatia,1921,0.19292300758657
croatia,1922,0.280341245399234
croatia,1923,0.305796364455795
croatia,1924,0.313499887328175
croatia,1925,0.344146510929167
croatia,1926,0.335103244948546
croatia,1927,0.378644895966349
croatia,1928,0.424330594174102
croatia,1929,0.469077555772553
croatia,1930,0.441445354165102
croatia,1931,0.401876034011085
croatia,1932,0.367300595042443
croatia,1933,0.339668638608586
croatia,1934,0.353506826510949
croatia,1935,0.369576058664396
croatia,1936,0.365270973765575
croatia,1937,0.407316341532234
croatia,1938,0.38484937293369
croatia,1939,0.404251537054484
croatia,1940,0.470919702546383
croatia,1941,0
croatia,1942,0
croatia,1943,0.0167126919359351
croatia,1944,0.00418669721325021
croatia,1945,0.236619567174588
croatia,1946,0.46519062357223
croatia,1947,0.645092470610606
croatia,1948,0.728110975128904
croatia,1949,0.832164557711609
croatia,1950,0.801172546277016
croatia,1951,0.758394551778617
croatia,1952,0.760265629974415
croatia,1953,0.756142438394996
croatia,1954,0.902408392686735
croatia,1955,1.03326896714105
croatia,1956,1.18258719158111
croatia,1957,1.28284664003526
croatia,1958,1.26447480733548
croatia,1959,1.44991042592026
croatia,1960,1.58437935079734
croatia,1961,1.66147625592783
croatia,1962,1.70483338991715
croatia,1963,1.89670842186618
croatia,1964,2.15035557037923
croatia,1965,2.21436894909282
croatia,1966,2.19484596597117
croatia,1967,2.21893682661016
croatia,1968,2.37356296507559
croatia,1969,2.46147687502014
croatia,1970,3.2194799212603
croatia,1971,3.46781830401475
croatia,1972,3.24564419066585
croatia,1973,3.88226594500947
croatia,1974,3.8973456607575
croatia,1975,4.06465594665943
croatia,1976,4.19407750317508
croatia,1977,4.07650932885555
croatia,1978,4.55734639902635
croatia,1979,4.95824766519286
croatia,1980,4.87359952061408
croatia,1981,5.29644146105363
croatia,1982,4.86444509139609
croatia,1983,5.23849881157001
croatia,1984,5.52512895777996
croatia,1985,5.6367103968906
croatia,1986,5.88849558888607
croatia,1987,5.74774968370182
croatia,1988,5.93294971040146
croatia,1989,5.91439309123718
croatia,1990,6.27038326071042
croatia,1991,4.63571202503866
croatia,1992,4.46758243519776
croatia,1993,4.58691636038214
croatia,1994,4.3804054109732
croatia,1995,4.58943909376544
croatia,1996,4.73353632910191
croatia,1997,5.06455455727397
croatia,1998,5.18863786192745
croatia,1999,5.46462084789251
croatia,2000,5.3657232223151
croatia,2001,5.67202419134192
croatia,2002,5.97360783942262
croatia,2003,6.33546068730002
croatia,2004,6.24586783641118
croatia,2005,6.37009621652586
croatia,2006,6.42651860649739
croatia,2007,6.78485835425735
croatia,2008,6.4395173870722
croatia,2009,5.95123103010012
croatia,2010,5.73639954305115
croatia,2011,5.63596518133834
croatia,2012,5.20776421037406
croatia,2013,5.0306198167006
croatia,2014,4.82575499960009
croatia,2015,4.86482104589832
croatia,2016,4.94241659307276
croatia,2017,5.11571916569076
croatia,2018,4.83737767094201
croatia,2019,4.87375696044078
croatia,2020,4.6044018480511
croatia,2021,4.75180860152423
croatia,2022,4.78332051770261
cuba,1941,0.0208296850393701
cuba,1942,0.0228134645669291
cuba,1943,0.0228134645669291
cuba,1944,0.0238053543307087
cuba,1945,0.0297566929133858
cuba,1946,0.045708031496063
cuba,1947,0.051691811023622
cuba,1948,0.0496837007874016
cuba,1949,0.0496593700787402
cuba,1950,1.52965148762838
cuba,1951,1.76557826771654
cuba,1952,1.71453798593139
cuba,1953,1.68955393700787
cuba,1954,1.62353771653543
cuba,1955,1.84952149606299
cuba,1956,1.59434307086614
cuba,1957,3.7842862992126
cuba,1958,4.91121346721137
cuba,1959,4.27531062992126
cuba,1960,3.73556192998767
cuba,1961,3.32104328012113
cuba,1962,3.86314031496063
cuba,1963,3.55510787401575
cuba,1964,3.89710787401575
cuba,1965,3.98311598425197
cuba,1966,4.14011598425197
cuba,1967,4.295
cuba,1968,4.37214031496063
cuba,1969,4.70614031496063
cuba,1970,5.09118086614173
cuba,1971,5.34624963006081
cuba,1972,5.67067965281495
cuba,1973,6.10680695206829
cuba,1974,6.2467413958245
cuba,1975,7.37977124363736
cuba,1976,7.42278000279106
cuba,1977,8.01697672423859
cuba,1978,8.36823224306744
cuba,1979,8.64752878151759
cuba,1980,8.56277918158364
cuba,1981,8.93108068197582
cuba,1982,9.42340156889743
cuba,1983,8.41174079065513
cuba,1984,8.89211058397403
cuba,1985,8.88538334260556
cuba,1986,9.15577285620841
cuba,1987,9.26126147691492
cuba,1988,9.72064605872502
cuba,1989,9.74865143915306
cuba,1990,8.09181778811916
cuba,1991,7.4154480247481
cuba,1992,5.62039472151167
cuba,1993,5.41014504027103
cuba,1994,5.83578571158832
cuba,1995,6.2322937349622
cuba,1996,6.36816350000822
cuba,1997,6.77100691683463
cuba,1998,6.6304480247481
cuba,1999,6.67770391191221
cuba,2000,7.03479663523526
cuba,2001,6.88206419400192
cuba,2002,6.96606164392699
cuba,2003,7.08044304923954
cuba,2004,6.88352377086736
cuba,2005,7.15388099286715
cuba,2006,7.31936717847898
cuba,2007,7.15180269667296
cuba,2008,7.6714705533746
cuba,2009,7.75008672262842
cuba,2010,9.33401109760415
cuba,2011,8.03250114358892
cuba,2012,8.14371143366365
cuba,2013,7.67601318091922
cuba,2014,7.53500617568237
cuba,2015,8.04275288893522
cuba,2016,7.68873797175095
cuba,2017,6.80882922350955
cuba,2018,6.31363247362288
cuba,2019,6.17325850937817
cuba,2020,5.80706893385745
cuba,2021,5.71518022073592
cuba,2022,5.70988590610481
curacao,1850,0
curacao,1851,0
curacao,1852,0
curacao,1853,0
curacao,1854,0
curacao,1855,0
curacao,1856,0
curacao,1857,0
curacao,1858,0
curacao,1859,0
curacao,1860,0
curacao,1861,0
curacao,1862,0
curacao,1863,0
curacao,1864,0
curacao,1865,0
curacao,1866,0
curacao,1867,0
curacao,1868,0
curacao,1869,0
curacao,1870,0
curacao,1871,0
curacao,1872,0
curacao,1873,0
curacao,1874,0
curacao,1875,0
curacao,1876,0
curacao,1877,0
curacao,1878,0
curacao,1879,0
curacao,1880,0
curacao,1881,0
curacao,1882,0
curacao,1883,0
curacao,1884,0
curacao,1885,0
curacao,1886,0
curacao,1887,0
curacao,1888,0
curacao,1889,0
curacao,1890,0
curacao,1891,0
curacao,1892,0
curacao,1893,0
curacao,1894,0
curacao,1895,0
curacao,1896,0
curacao,1897,0
curacao,1898,0
curacao,1899,0
curacao,1900,0
curacao,1901,0
curacao,1902,0
curacao,1903,0
curacao,1904,0
curacao,1905,0
curacao,1906,0
curacao,1907,0
curacao,1908,0
curacao,1909,0
curacao,1910,0
curacao,1911,0
curacao,1912,0
curacao,1913,0
curacao,1914,0
curacao,1915,0
curacao,1916,0
curacao,1917,0
curacao,1918,0
curacao,1919,0
curacao,1920,0
curacao,1921,0
curacao,1922,0
curacao,1923,0
curacao,1924,0
curacao,1925,0
curacao,1926,0.137168651210074
curacao,1927,0.146882754585574
curacao,1928,0.339890276617227
curacao,1929,0.424768116040035
curacao,1930,0.552773818676056
curacao,1931,0.45914639678028
curacao,1932,0.449191163179147
curacao,1933,0.480675881211795
curacao,1934,0.531554358820354
curacao,1935,0.595557210138364
curacao,1936,0.647262419949093
curacao,1937,0.755805468659023
curacao,1938,0.819463848226129
curacao,1939,0.764727287007443
curacao,1940,0.617982321122231
curacao,1941,0.75311858900197
curacao,1942,0.438822563476929
curacao,1943,0.708750627485502
curacao,1944,0.888599328632613
curacao,1945,1.03248517898532
curacao,1946,1.15742508303829
curacao,1947,1.31171398026831
curacao,1948,1.34337093417641
curacao,1949,0
curacao,1950,1.68238744920769
curacao,1951,2.65335094959915
curacao,1952,1.53203929473531
curacao,1953,1.77310030218544
curacao,1954,3.58651742791655
curacao,1955,2.96664626590193
curacao,1956,3.83681770742923
curacao,1957,2.6205935304683
curacao,1958,2.29553914063137
curacao,1959,2.95488719236778
curacao,1960,2.54079981720083
curacao,1961,2.65167108195142
curacao,1962,2.91205056735051
curacao,1963,2.78942022906578
curacao,1964,2.71214631726992
curacao,1965,2.43328828774573
curacao,1966,2.27538072885853
curacao,1967,2.80285917024766
curacao,1968,2.60631465546254
curacao,1969,3.41097125872813
curacao,1970,3.81497942800866
curacao,1971,3.32025840575038
curacao,1972,3.21946634688621
curacao,1973,3.57139861908693
curacao,1974,3.23710495718744
curacao,1975,2.34425530241571
curacao,1976,5.00768545790128
curacao,1977,2.61555392752509
curacao,1978,2.22750450089805
curacao,1979,2.3366958980009
curacao,1980,2.40473053773421
curacao,1981,2.29049953768816
curacao,1982,2.56095822897367
curacao,1983,1.31617630200123
curacao,1984,3.28666105279566
curacao,1985,3.84689691331564
curacao,1986,0.737461897356143
curacao,1987,0.655620528771384
curacao,1988,0.645835147744946
curacao,1989,1.22939968895801
curacao,1990,1.31657853810264
curacao,1991,1.05059409020218
curacao,1992,0.865561430793157
curacao,1993,1.33614930015552
curacao,1994,1.28099533437014
curacao,1995,1.26765163297045
curacao,1996,1.18581026438569
curacao,1997,1.24096423017107
curacao,1998,0.06849766718507
curacao,1999,0.513287713841369
curacao,2000,1.36194712286159
curacao,2001,1.38685536547434
curacao,2002,1.33703888024883
curacao,2003,1.33792846034215
curacao,2004,1.40375738724728
curacao,2005,1.3913032659409
curacao,2006,1.45001555209953
curacao,2007,1.63237947122862
curacao,2008,1.57010886469673
curacao,2009,1.60658164852255
curacao,2010,1.10663763608087
curacao,2011,1.41176360808709
curacao,2012,1.716
curacao,2013,1.618
curacao,2014,1.855
curacao,2015,2
curacao,2016,1.69
curacao,2017,1.355
curacao,2018,1.177
curacao,2019,0.612
curacao,2020,0.493
curacao,2021,0.475067719782589
curacao,2022,0.479446048841448
cyprus,1950,0.073
cyprus,1951,0.077
cyprus,1952,0.086
cyprus,1953,0.1
cyprus,1954,0.121
cyprus,1955,0.123
cyprus,1956,0.183959448818898
cyprus,1957,0.222927007874016
cyprus,1958,0.208911212223472
cyprus,1959,0.226910787401575
cyprus,1960,0.241902677165354
cyprus,1961,0.235894566929134
cyprus,1962,0.246894566929134
cyprus,1963,0.268894566929134
cyprus,1964,0.272918897637795
cyprus,1965,0.313894566929134
cyprus,1966,0.338894566929134
cyprus,1967,0.371797244094488
cyprus,1968,0.442740472440945
cyprus,1969,0.455732362204724
cyprus,1970,0.464708031496063
cyprus,1971,0.514064721942514
cyprus,1972,0.656642242036436
cyprus,1973,0.683278329684266
cyprus,1974,0.526409672047758
cyprus,1975,0.543347710770159
cyprus,1976,0.678953153199008
cyprus,1977,0.736729871321587
cyprus,1978,0.776479449113267
cyprus,1979,0.8311797283974
cyprus,1980,0.889914698224479
cyprus,1981,0.844883816798665
cyprus,1982,0.861682562868604
cyprus,1983,0.86008408655035
cyprus,1984,0.882793856577626
cyprus,1985,0.858349985988877
cyprus,1986,0.984188573747096
cyprus,1987,1.14218174192872
cyprus,1988,1.1456220461973
cyprus,1989,1.20898878331376
cyprus,1990,1.2677021133855
cyprus,1991,1.4009839169439
cyprus,1992,1.50263533395607
cyprus,1993,1.56913208478411
cyprus,1994,1.63523271733946
cyprus,1995,1.5998725775087
cyprus,1996,1.69538423343028
cyprus,1997,1.71896578715649
cyprus,1998,1.79925982761221
cyprus,1999,1.87192847227147
cyprus,2000,1.93902757185099
cyprus,2001,1.90461252735946
cyprus,2002,1.95672105307719
cyprus,2003,2.06322274987515
cyprus,2004,2.12574515622743
cyprus,2005,2.17175806164776
cyprus,2006,2.23389970865472
cyprus,2007,2.3208227448783
cyprus,2008,2.37874691436902
cyprus,2009,2.31173407924648
cyprus,2010,2.21100528519118
cyprus,2011,2.12544659318548
cyprus,2012,1.98219700744226
cyprus,2013,1.79656347167718
cyprus,2014,1.89705244516076
cyprus,2015,1.90272254277719
cyprus,2016,2.01246443440563
cyprus,2017,2.04798361631038
cyprus,2018,1.99828602013205
cyprus,2019,2.00391254688287
cyprus,2020,1.88616495694769
cyprus,2021,1.91849286532672
cyprus,2022,1.91849286532672
czechia,1850,0
czechia,1851,0
czechia,1852,0
czechia,1853,0
czechia,1854,0
czechia,1855,0
czechia,1856,0
czechia,1857,0
czechia,1858,0
czechia,1859,0
czechia,1860,0.0552364802193814
czechia,1861,0.181599387022624
czechia,1862,0.30871895793846
czechia,1863,0.435838528854297
czechia,1864,0.562958099770133
czechia,1865,0.69007767068597
czechia,1866,0.817197241601807
czechia,1867,0.943560148405049
czechia,1868,1.07067971932089
czechia,1869,1.19779929023672
czechia,1870,1.32491886115256
czechia,1871,1.4520384320684
czechia,1872,1.57840133887164
czechia,1873,1.70552090978747
czechia,1874,1.83264048070331
czechia,1875,1.95976005161915
czechia,1876,3.38758523208453
czechia,1877,3.55934798564342
czechia,1878,3.73111073920232
czechia,1879,4.00956313263701
czechia,1880,4.24791232810421
czechia,1881,4.4862615235714
czechia,1882,4.58765451465903
czechia,1883,4.90015679316046
czechia,1884,5.06132624914304
czechia,1885,5.31405206274953
czechia,1886,5.58645114328346
czechia,1887,5.86793019316853
czechia,1888,6.28939210388353
czechia,1889,6.65864419082954
czechia,1890,7.12096596362463
czechia,1891,7.38277174658225
czechia,1892,7.4947580352462
czechia,1893,7.66122414001694
czechia,1894,7.85341682461588
czechia,1895,8.15078582086543
czechia,1896,8.35130181070291
czechia,1897,8.83859349921362
czechia,1898,9.03608283260072
czechia,1899,9.27064870750494
czechia,1900,9.20330560148405
czechia,1901,9.61644420696052
czechia,1902,9.74507710610155
czechia,1903,9.92818982134936
czechia,1904,10.0250428277614
czechia,1905,10.3201418316732
czechia,1906,10.7771669556801
czechia,1907,11.3265051014236
czechia,1908,11.5353443964996
czechia,1909,11.4649746340283
czechia,1910,11.3454217042384
czechia,1911,11.4891878856313
czechia,1912,12.224665403073
czechia,1913,12.7868668387305
czechia,1914,11.6571673186273
czechia,1915,11.631440738799
czechia,1916,12.3797815461548
czechia,1917,11.6412773722628
czechia,1918,9.92516316489898
czechia,1919,9.37658168326814
czechia,1920,9.29940194378352
czechia,1921,8.93090652095012
czechia,1922,7.97069976206799
czechia,1923,8.42469822962455
czechia,1924,10.3405717627132
czechia,1925,9.73145715207485
czechia,1926,9.86690002822922
czechia,1927,10.5887575916442
czechia,1928,11.1486890349639
czechia,1929,12.4713379037787
czechia,1930,11.0023429993406
czechia,1931,10.2948553192498
czechia,1932,8.97293112584447
czechia,1933,8.20567273353448
czechia,1934,8.19688565204521
czechia,1935,8.43865244790304
czechia,1936,9.16871405270516
czechia,1937,11.1063182745108
czechia,1938,12.7157404121466
czechia,1939,13.9721697585683
czechia,1940,15.7468592910792
czechia,1941,15.8503589127122
czechia,1942,17.0952198140596
czechia,1943,18.8743351064543
czechia,1944,17.9934725974916
czechia,1945,9.54910110093963
czechia,1946,11.8910822565537
czechia,1947,13.4969288612325
czechia,1948,14.5881404816447
czechia,1949,15.3355577938122
czechia,1950,15.789763222137
czechia,1951,16.826254320401
czechia,1952,17.9908990425552
czechia,1953,18.6469113914384
czechia,1954,19.9143880969186
czechia,1955,20.6732512830943
czechia,1956,22.1837688231115
czechia,1957,23.1724921842124
czechia,1958,25.3198816706238
czechia,1959,25.3472978399536
czechia,1960,27.0340112811827
czechia,1961,29.340816681287
czechia,1962,31.2674835210901
czechia,1963,32.8854636048726
czechia,1964,34.2254141765389
czechia,1965,33.3514301620818
czechia,1966,33.1666010490524
czechia,1967,33.1000314396112
czechia,1968,34.6288089131033
czechia,1969,36.7613516556071
czechia,1970,42.1451143731282
czechia,1971,44.2078136054848
czechia,1972,44.6099970134101
czechia,1973,44.7893686593494
czechia,1974,45.3055610758925
czechia,1975,47.3985654727814
czechia,1976,49.2387543520969
czechia,1977,50.707542470238
czechia,1978,51.1638586107162
czechia,1979,49.8246141385133
czechia,1980,50.4032219670807
czechia,1981,49.8494737099592
czechia,1982,49.3575479016462
czechia,1983,49.4203515568804
czechia,1984,51.0829769107851
czechia,1985,50.3820485406131
czechia,1986,50.7244780551634
czechia,1987,50.1204699646069
czechia,1988,49.2950410748707
czechia,1989,47.0334859100608
czechia,1990,44.8281757671957
czechia,1991,40.6340811610961
czechia,1992,39.7668666189695
czechia,1993,38.2434597639358
czechia,1994,36.2085250178591
czechia,1995,35.9230958946598
czechia,1996,36.8500741716391
czechia,1997,35.737341840669
czechia,1998,34.2818827468973
czechia,1999,31.8427651064614
czechia,2000,34.7259790182336
czechia,2001,34.700974172315
czechia,2002,33.8345969865173
czechia,2003,34.8176028171319
czechia,2004,35.0140905517534
czechia,2005,34.3042403395694
czechia,2006,34.5401585810116
czechia,2007,35.0387793712555
czechia,2008,33.5564958608028
czechia,2009,31.3861930951024
czechia,2010,32.0662415659767
czechia,2011,31.4415917496341
czechia,2012,30.376212719996
czechia,2013,29.1301025222397
czechia,2014,28.4542026460209
czechia,2015,28.663283741322
czechia,2016,29.1159581687165
czechia,2017,29.4150028839453
czechia,2018,29.0279436530647
czechia,2019,27.5744231213921
czechia,2020,25.0265729886214
czechia,2021,26.3824304930822
czechia,2022,26.7383461050216
democratic_people_s_republic_of_korea,1850,0
democratic_people_s_republic_of_korea,1851,0
democratic_people_s_republic_of_korea,1852,0
democratic_people_s_republic_of_korea,1853,0
democratic_people_s_republic_of_korea,1854,0
democratic_people_s_republic_of_korea,1855,0
democratic_people_s_republic_of_korea,1856,0
democratic_people_s_republic_of_korea,1857,0
democratic_people_s_republic_of_korea,1858,0
democratic_people_s_republic_of_korea,1859,0
democratic_people_s_republic_of_korea,1860,0
democratic_people_s_republic_of_korea,1861,0
democratic_people_s_republic_of_korea,1862,0
democratic_people_s_republic_of_korea,1863,0
democratic_people_s_republic_of_korea,1864,0
democratic_people_s_republic_of_korea,1865,0
democratic_people_s_republic_of_korea,1866,0
democratic_people_s_republic_of_korea,1867,0
democratic_people_s_republic_of_korea,1868,0
democratic_people_s_republic_of_korea,1869,0
democratic_people_s_republic_of_korea,1870,0
democratic_people_s_republic_of_korea,1871,0
democratic_people_s_republic_of_korea,1872,0
democratic_people_s_republic_of_korea,1873,0
democratic_people_s_republic_of_korea,1874,0
democratic_people_s_republic_of_korea,1875,0
democratic_people_s_republic_of_korea,1876,0
democratic_people_s_republic_of_korea,1877,0
democratic_people_s_republic_of_korea,1878,0
democratic_people_s_republic_of_korea,1879,0
democratic_people_s_republic_of_korea,1880,0
democratic_people_s_republic_of_korea,1881,0
democratic_people_s_republic_of_korea,1882,0
democratic_people_s_republic_of_korea,1883,0
democratic_people_s_republic_of_korea,1884,0
democratic_people_s_republic_of_korea,1885,0
democratic_people_s_republic_of_korea,1886,0
democratic_people_s_republic_of_korea,1887,0
democratic_people_s_republic_of_korea,1888,0
democratic_people_s_republic_of_korea,1889,0
democratic_people_s_republic_of_korea,1890,0
democratic_people_s_republic_of_korea,1891,0
democratic_people_s_republic_of_korea,1892,0
democratic_people_s_republic_of_korea,1893,0
democratic_people_s_republic_of_korea,1894,0
democratic_people_s_republic_of_korea,1895,0
democratic_people_s_republic_of_korea,1896,0
democratic_people_s_republic_of_korea,1897,0
democratic_people_s_republic_of_korea,1898,0
democratic_people_s_republic_of_korea,1899,0
democratic_people_s_republic_of_korea,1900,0
democratic_people_s_republic_of_korea,1901,0
democratic_people_s_republic_of_korea,1902,0
democratic_people_s_republic_of_korea,1903,0
democratic_people_s_republic_of_korea,1904,0
democratic_people_s_republic_of_korea,1905,0.00378947368421053
democratic_people_s_republic_of_korea,1906,0
democratic_people_s_republic_of_korea,1907,0
democratic_people_s_republic_of_korea,1908,0
democratic_people_s_republic_of_korea,1909,0.0407368421052632
democratic_people_s_republic_of_korea,1910,0.0511578947368421
democratic_people_s_republic_of_korea,1911,0.0606315789473684
democratic_people_s_republic_of_korea,1912,0.0757894736842105
democratic_people_s_republic_of_korea,1913,0.0881052631578947
democratic_people_s_republic_of_korea,1914,0.126
democratic_people_s_republic_of_korea,1915,0.157263157894737
democratic_people_s_republic_of_korea,1916,0.130736842105263
democratic_people_s_republic_of_korea,1917,0
democratic_people_s_republic_of_korea,1918,0.128842105263158
democratic_people_s_republic_of_korea,1919,0.152526315789474
democratic_people_s_republic_of_korea,1920,0.198
democratic_people_s_republic_of_korea,1921,0.213157894736842
democratic_people_s_republic_of_korea,1922,0.217894736842105
democratic_people_s_republic_of_korea,1923,0.260526315789474
democratic_people_s_republic_of_korea,1924,0.27378947368421
democratic_people_s_republic_of_korea,1925,0.436736842105263
democratic_people_s_republic_of_korea,1926,0.468947368421053
democratic_people_s_republic_of_korea,1927,0.486
democratic_people_s_republic_of_korea,1928,0.559894736842105
democratic_people_s_republic_of_korea,1929,0.643263157894737
democratic_people_s_republic_of_korea,1930,0.606315789473684
democratic_people_s_republic_of_korea,1931,0.642315789473684
democratic_people_s_republic_of_korea,1932,0.756947368421053
democratic_people_s_republic_of_korea,1933,0.892421052631579
democratic_people_s_republic_of_korea,1934,1.18682213012847
democratic_people_s_republic_of_korea,1935,1.39593699958558
democratic_people_s_republic_of_korea,1936,1.6383554058566
democratic_people_s_republic_of_korea,1937,1.75288706923086
democratic_people_s_republic_of_korea,1938,2.34568421052632
democratic_people_s_republic_of_korea,1939,3.06158932655162
democratic_people_s_republic_of_korea,1940,3.93821052631579
democratic_people_s_republic_of_korea,1941,4.39157972648156
democratic_people_s_republic_of_korea,1942,4.84834192291753
democratic_people_s_republic_of_korea,1943,4.69843459999933
democratic_people_s_republic_of_korea,1944,4.964112755412
democratic_people_s_republic_of_korea,1945,0.0178540157480315
democratic_people_s_republic_of_korea,1946,0.0198377952755906
democratic_people_s_republic_of_korea,1947,0.0198377952755906
democratic_people_s_republic_of_korea,1948,0.383
democratic_people_s_republic_of_korea,1949,0.486
democratic_people_s_republic_of_korea,1950,0.213
democratic_people_s_republic_of_korea,1951,0.27182968503937
democratic_people_s_republic_of_korea,1952,0.242837795275591
democratic_people_s_republic_of_korea,1953,0.473667480314961
democratic_people_s_republic_of_korea,1954,1.30644808165825
democratic_people_s_republic_of_korea,1955,2.0046025984252
democratic_people_s_republic_of_korea,1956,2.44634307086614
democratic_people_s_republic_of_korea,1957,3.0810105511811
democratic_people_s_republic_of_korea,1958,4.2666537007874
democratic_people_s_republic_of_korea,1959,5.42187472628249
democratic_people_s_republic_of_korea,1960,6.49247771653543
democratic_people_s_republic_of_korea,1961,7.21250204724409
democratic_people_s_republic_of_korea,1962,8.37538039370079
democratic_people_s_republic_of_korea,1963,8.95921007874016
democratic_people_s_republic_of_korea,1964,9.72112086614173
democratic_people_s_republic_of_korea,1965,12.0693560629921
democratic_people_s_republic_of_korea,1966,12.991242519685
democratic_people_s_republic_of_korea,1967,14.2991370866142
democratic_people_s_republic_of_korea,1968,16.1760316535433
democratic_people_s_republic_of_korea,1969,17.4889101766421
democratic_people_s_republic_of_korea,1970,20.0535799212598
democratic_people_s_republic_of_korea,1971,29.3266959055118
democratic_people_s_republic_of_korea,1972,24.4281930708661
democratic_people_s_republic_of_korea,1973,26.5625929133858
democratic_people_s_republic_of_korea,1974,27.7323982677165
democratic_people_s_republic_of_korea,1975,29.3732952755905
democratic_people_s_republic_of_korea,1976,30.0302572621234
democratic_people_s_republic_of_korea,1977,31.0221565523376
democratic_people_s_republic_of_korea,1978,29.5340953009473
democratic_people_s_republic_of_korea,1979,30.0936103423509
democratic_people_s_republic_of_korea,1980,31.1359689121906
democratic_people_s_republic_of_korea,1981,31.2213274820304
democratic_people_s_republic_of_korea,1982,31.9028649378041
democratic_people_s_republic_of_korea,1983,34.1602467455669
democratic_people_s_republic_of_korea,1984,36.7526285533297
democratic_people_s_republic_of_korea,1985,39.3790103610925
democratic_people_s_republic_of_korea,1986,42.8043921688553
democratic_people_s_republic_of_korea,1987,47.9308563770264
democratic_people_s_republic_of_korea,1988,54.3751233760382
democratic_people_s_republic_of_korea,1989,57.1093902080668
democratic_people_s_republic_of_korea,1990,32.3086568731124
democratic_people_s_republic_of_korea,1991,30.791225844231
democratic_people_s_republic_of_korea,1992,26.7417056747582
democratic_people_s_republic_of_korea,1993,24.4491159462422
democratic_people_s_republic_of_korea,1994,22.2653778604954
democratic_people_s_republic_of_korea,1995,20.7647806175056
democratic_people_s_republic_of_korea,1996,18.0926667547821
democratic_people_s_republic_of_korea,1997,17.3795483994638
democratic_people_s_republic_of_korea,1998,16.0341977317345
democratic_people_s_republic_of_korea,1999,17.5054354194633
democratic_people_s_republic_of_korea,2000,18.8768934734955
democratic_people_s_republic_of_korea,2001,19.5590813114746
democratic_people_s_republic_of_korea,2002,18.7340620080363
democratic_people_s_republic_of_korea,2003,19.1427993637577
democratic_people_s_republic_of_korea,2004,19.5747717898777
democratic_people_s_republic_of_korea,2005,20.4722213768904
democratic_people_s_republic_of_korea,2006,20.7888121820038
democratic_people_s_republic_of_korea,2007,17.3247953630413
democratic_people_s_republic_of_korea,2008,19.1947296959555
democratic_people_s_republic_of_korea,2009,14.5911584928054
democratic_people_s_republic_of_korea,2010,13.6711599625797
democratic_people_s_republic_of_korea,2011,9.87605988785574
democratic_people_s_republic_of_korea,2012,10.2524949069958
democratic_people_s_republic_of_korea,2013,7.37271480131008
democratic_people_s_republic_of_korea,2014,8.33612566502241
democratic_people_s_republic_of_korea,2015,6.72039623144963
democratic_people_s_republic_of_korea,2016,7.52508257499582
democratic_people_s_republic_of_korea,2017,14.1200338253736
democratic_people_s_republic_of_korea,2018,12.9994135336125
democratic_people_s_republic_of_korea,2019,14.40071506443
democratic_people_s_republic_of_korea,2020,13.5956177231555
democratic_people_s_republic_of_korea,2021,14.0109962697358
democratic_people_s_republic_of_korea,2022,13.8841797977838
democratic_republic_of_the_congo_formerly_zaire,1920,0.001
democratic_republic_of_the_congo_formerly_zaire,1921,0.002
democratic_republic_of_the_congo_formerly_zaire,1922,0.022
democratic_republic_of_the_congo_formerly_zaire,1923,0.044
democratic_republic_of_the_congo_formerly_zaire,1924,0.059
democratic_republic_of_the_congo_formerly_zaire,1925,0.047
democratic_republic_of_the_congo_formerly_zaire,1926,0.065
democratic_republic_of_the_congo_formerly_zaire,1927,0.063
democratic_republic_of_the_congo_formerly_zaire,1928,0.0769513385826772
democratic_republic_of_the_congo_formerly_zaire,1929,0.0829351181102362
democratic_republic_of_the_congo_formerly_zaire,1930,0.105927007874016
democratic_republic_of_the_congo_formerly_zaire,1931,0.0679513385826772
democratic_republic_of_the_congo_formerly_zaire,1932,0.0139837795275591
democratic_republic_of_the_congo_formerly_zaire,1933,0.000991889763779528
democratic_republic_of_the_congo_formerly_zaire,1934,0.00499188976377953
democratic_republic_of_the_congo_formerly_zaire,1935,0.00899188976377953
democratic_republic_of_the_congo_formerly_zaire,1936,0.0109918897637795
democratic_republic_of_the_congo_formerly_zaire,1937,0.0279915893846603
democratic_republic_of_the_congo_formerly_zaire,1938,0.0329832726377953
democratic_republic_of_the_congo_formerly_zaire,1939,0.0239610708661417
democratic_republic_of_the_congo_formerly_zaire,1940,0.0209744527559055
democratic_republic_of_the_congo_formerly_zaire,1941,0.0279513385826772
democratic_republic_of_the_congo_formerly_zaire,1942,0.0389270078740157
democratic_republic_of_the_congo_formerly_zaire,1943,0.0599270078740158
democratic_republic_of_the_congo_formerly_zaire,1944,0.0469026771653543
democratic_republic_of_the_congo_formerly_zaire,1945,0.0469171345429648
democratic_republic_of_the_congo_formerly_zaire,1946,0.0849107874015748
democratic_republic_of_the_congo_formerly_zaire,1947,0.088871678040245
democratic_republic_of_the_congo_formerly_zaire,1948,0.101862125984252
democratic_republic_of_the_congo_formerly_zaire,1949,0.129837795275591
democratic_republic_of_the_congo_formerly_zaire,1950,0.403805354330709
democratic_republic_of_the_congo_formerly_zaire,1951,0.476772913385827
democratic_republic_of_the_congo_formerly_zaire,1952,0.568732831744716
democratic_republic_of_the_congo_formerly_zaire,1953,0.624724692460567
democratic_republic_of_the_congo_formerly_zaire,1954,0.768618818897638
democratic_republic_of_the_congo_formerly_zaire,1955,0.924553937007874
democratic_republic_of_the_congo_formerly_zaire,1956,0.866497165354331
democratic_republic_of_the_congo_formerly_zaire,1957,0.90848905511811
democratic_republic_of_the_congo_formerly_zaire,1958,0.798570694783465
democratic_republic_of_the_congo_formerly_zaire,1959,0.736618818897638
democratic_republic_of_the_congo_formerly_zaire,1960,0.632781023622047
democratic_republic_of_the_congo_formerly_zaire,1961,0.642846144788967
democratic_republic_of_the_congo_formerly_zaire,1962,0.592781023622047
democratic_republic_of_the_congo_formerly_zaire,1963,0.625731933984252
democratic_republic_of_the_congo_formerly_zaire,1964,0.538748115358721
democratic_republic_of_the_congo_formerly_zaire,1965,0.673724660484106
democratic_republic_of_the_congo_formerly_zaire,1966,0.655708031496063
democratic_republic_of_the_congo_formerly_zaire,1967,0.624675590551181
democratic_republic_of_the_congo_formerly_zaire,1968,0.918675590551181
democratic_republic_of_the_congo_formerly_zaire,1969,0.995643149606299
democratic_republic_of_the_congo_formerly_zaire,1970,0.739537716535433
democratic_republic_of_the_congo_formerly_zaire,1971,0.807497165354331
democratic_republic_of_the_congo_formerly_zaire,1972,0.823472834645669
democratic_republic_of_the_congo_formerly_zaire,1973,0.870407952755905
democratic_republic_of_the_congo_formerly_zaire,1974,0.91831062992126
democratic_republic_of_the_congo_formerly_zaire,1975,0.88231062992126
democratic_republic_of_the_congo_formerly_zaire,1976,0.929280896564653
democratic_republic_of_the_congo_formerly_zaire,1977,0.948955072789282
democratic_republic_of_the_congo_formerly_zaire,1978,0.962329482600415
democratic_republic_of_the_congo_formerly_zaire,1979,1.02077112560784
democratic_republic_of_the_congo_formerly_zaire,1980,0.951151726011968
democratic_republic_of_the_congo_formerly_zaire,1981,1.02495199002139
democratic_republic_of_the_congo_formerly_zaire,1982,0.83159537657279
democratic_republic_of_the_congo_formerly_zaire,1983,1.0911571851436
democratic_republic_of_the_congo_formerly_zaire,1984,1.07304591776148
democratic_republic_of_the_congo_formerly_zaire,1985,0.985782798118734
democratic_republic_of_the_congo_formerly_zaire,1986,0.913117734234203
democratic_republic_of_the_congo_formerly_zaire,1987,1.04144736586955
democratic_republic_of_the_congo_formerly_zaire,1988,1.08569659517758
democratic_republic_of_the_congo_formerly_zaire,1989,1.18777076295683
democratic_republic_of_the_congo_formerly_zaire,1990,1.15965209100559
democratic_republic_of_the_congo_formerly_zaire,1991,0.895306716055369
democratic_republic_of_the_congo_formerly_zaire,1992,0.793328634467559
democratic_republic_of_the_congo_formerly_zaire,1993,0.726618497461225
democratic_republic_of_the_congo_formerly_zaire,1994,0.750813969807545
democratic_republic_of_the_congo_formerly_zaire,1995,0.845025340052772
democratic_republic_of_the_congo_formerly_zaire,1996,0.947769713395258
democratic_republic_of_the_congo_formerly_zaire,1997,0.843180158316983
democratic_republic_of_the_congo_formerly_zaire,1998,0.745976621152735
democratic_republic_of_the_congo_formerly_zaire,1999,0.60028290936304
democratic_republic_of_the_congo_formerly_zaire,2000,0.465265099816437
democratic_republic_of_the_congo_formerly_zaire,2001,0.449637991856253
democratic_republic_of_the_congo_formerly_zaire,2002,0.473330902166582
democratic_republic_of_the_congo_formerly_zaire,2003,0.572101412076005
democratic_republic_of_the_congo_formerly_zaire,2004,0.553538386032573
democratic_republic_of_the_congo_formerly_zaire,2005,0.624552569099694
democratic_republic_of_the_congo_formerly_zaire,2006,0.642071015267417
democratic_republic_of_the_congo_formerly_zaire,2007,0.716223737626472
democratic_republic_of_the_congo_formerly_zaire,2008,0.733232346124252
democratic_republic_of_the_congo_formerly_zaire,2009,0.667844851371332
democratic_republic_of_the_congo_formerly_zaire,2010,0.746981890999839
democratic_republic_of_the_congo_formerly_zaire,2011,0.830312493684937
democratic_republic_of_the_congo_formerly_zaire,2012,0.763842724985978
democratic_republic_of_the_congo_formerly_zaire,2013,1.07030992802472
democratic_republic_of_the_congo_formerly_zaire,2014,1.38292285151098
democratic_republic_of_the_congo_formerly_zaire,2015,0.894256765613651
democratic_republic_of_the_congo_formerly_zaire,2016,0.698530526156805
democratic_republic_of_the_congo_formerly_zaire,2017,0.846742533508279
democratic_republic_of_the_congo_formerly_zaire,2018,0.921151009636012
democratic_republic_of_the_congo_formerly_zaire,2019,0.980396556455602
democratic_republic_of_the_congo_formerly_zaire,2020,1.01247776017705
democratic_republic_of_the_congo_formerly_zaire,2021,1.07551342288757
democratic_republic_of_the_congo_formerly_zaire,2022,0.982968038875193
denmark,1850,0.093
denmark,1851,0.085
denmark,1852,0.091
denmark,1853,0.098
denmark,1854,0.125
denmark,1855,0.124
denmark,1856,0.177
denmark,1857,0.181
denmark,1858,0.134
denmark,1859,0.171
denmark,1860,0.148
denmark,1861,0.214
denmark,1862,0.185
denmark,1863,0.206
denmark,1864,0.177
denmark,1865,0.277
denmark,1866,0.256
denmark,1867,0.25
denmark,1868,0.296
denmark,1869,0.258
denmark,1870,0.312
denmark,1871,0.324
denmark,1872,0.311
denmark,1873,0.314
denmark,1874,0.339
denmark,1875,0.398
denmark,1876,0.421
denmark,1877,0.416
denmark,1878,0.395
denmark,1879,0.446
denmark,1880,0.508
denmark,1881,0.538
denmark,1882,0.577
denmark,1883,0.663
denmark,1884,0.66
denmark,1885,0.692
denmark,1886,0.663
denmark,1887,0.68
denmark,1888,0.765
denmark,1889,0.817
denmark,1890,0.783
denmark,1891,0.842
denmark,1892,0.865
denmark,1893,0.818
denmark,1894,0.928
denmark,1895,0.962
denmark,1896,1.177
denmark,1897,1.262
denmark,1898,1.311
denmark,1899,1.433
denmark,1900,1.405
denmark,1901,1.463
denmark,1902,1.502
denmark,1903,1.563
denmark,1904,1.686
denmark,1905,1.64
denmark,1906,1.786
denmark,1907,1.592
denmark,1908,1.975
denmark,1909,2.185
denmark,1910,2.006
denmark,1911,2.137
denmark,1912,2.534
denmark,1913,2.6
denmark,1914,2.665
denmark,1915,2.853
denmark,1916,2.788
denmark,1917,2.029
denmark,1918,2.368
denmark,1919,2.248
denmark,1920,1.963
denmark,1921,1.854
denmark,1922,2.634
denmark,1923,2.873
denmark,1924,3.368
denmark,1925,2.926
denmark,1926,2.857
denmark,1927,3.637
denmark,1928,3.42714031496063
denmark,1929,4.12811598425197
denmark,1930,3.76814031496063
denmark,1931,3.90844039370079
denmark,1932,3.66454570281608
denmark,1933,3.64939173228346
denmark,1934,3.99614842519685
denmark,1935,4.16216464566929
denmark,1936,4.30612429780887
denmark,1937,4.44725385826772
denmark,1938,3.99329440944882
denmark,1939,4.44922952755906
denmark,1940,4.04551338582677
denmark,1941,4.74853771653543
denmark,1942,4.49552149606299
denmark,1943,5.62829440944882
denmark,1944,5.5352862992126
denmark,1945,3.83275669291339
denmark,1946,4.81544850393701
denmark,1947,5.85530251968504
denmark,1948,4.65914860789902
denmark,1949,4.60708334438009
denmark,1950,6.00103488188976
denmark,1951,5.98291322834646
denmark,1952,6.24966159691339
denmark,1953,6.3186131496063
denmark,1954,6.9806537007874
denmark,1955,7.3866131496063
denmark,1956,7.1976942519685
denmark,1957,6.79571858267717
denmark,1958,7.31182385491868
denmark,1959,7.10546694964442
denmark,1960,8.1194105894169
denmark,1961,8.6522562992126
denmark,1962,10.068199706337
denmark,1963,11.0993211811024
denmark,1964,11.7759077366968
denmark,1965,12.0888021259843
denmark,1966,13.6676885826772
denmark,1967,13.3805750393701
denmark,1968,14.5394858267717
denmark,1969,16.1961208661417
denmark,1970,16.932128806836
denmark,1971,15.5569532611414
denmark,1972,16.259664248095
denmark,1973,16.1555490942869
denmark,1974,15.0134970943969
denmark,1975,15.2043269852414
denmark,1976,16.391089983844
denmark,1977,16.857369115117
denmark,1978,16.6561983209905
denmark,1979,17.1691684289004
denmark,1980,16.4536590702796
denmark,1981,14.1145940789853
denmark,1982,14.6330387445458
denmark,1983,13.6730785217703
denmark,1984,13.8593612064683
denmark,1985,16.3702372996876
denmark,1986,16.0485376715027
denmark,1987,15.8958236484791
denmark,1988,15.0147326722542
denmark,1989,13.2874278017031
denmark,1990,14.5952434182556
denmark,1991,17.495799438716
denmark,1992,15.9188183118548
denmark,1993,16.5321280125721
denmark,1994,17.6510026934241
denmark,1995,16.8267999047082
denmark,1996,20.4420442319268
denmark,1997,17.8596675106053
denmark,1998,16.7135092171922
denmark,1999,16.0078616865961
denmark,2000,14.8216639167776
denmark,2001,15.2556626367698
denmark,2002,15.1622224428635
denmark,2003,16.5517048362943
denmark,2004,15.0382119829337
denmark,2005,14.065208675256
denmark,2006,16.2391484342277
denmark,2007,14.931591691136
denmark,2008,13.9891725194332
denmark,2009,13.3328104297591
denmark,2010,13.4251348588045
denmark,2011,12.0733796271876
denmark,2012,10.8791645722423
denmark,2013,11.3982007612705
denmark,2014,10.254198411754
denmark,2015,9.58257987204289
denmark,2016,10.0754807359098
denmark,2017,9.46086746633194
denmark,2018,9.44567512757083
denmark,2019,8.44712962510711
denmark,2020,7.72371100798585
denmark,2021,8.08086772258861
denmark,2022,7.93103381346379
djibouti,1950,0.003
djibouti,1951,0.007
djibouti,1952,0.007
djibouti,1953,0.008
djibouti,1954,0.009
djibouti,1955,0.01
djibouti,1956,0.008
djibouti,1957,0.012
djibouti,1958,0.013
djibouti,1959,0.01
djibouti,1960,0.011
djibouti,1961,0.012
djibouti,1962,0.013
djibouti,1963,0.018
djibouti,1964,0.023
djibouti,1965,0.033
djibouti,1966,0.038
djibouti,1967,0.024
djibouti,1968,0.033
djibouti,1969,0.023
djibouti,1970,0.038
djibouti,1971,0.044
djibouti,1972,0.052
djibouti,1973,0.049
djibouti,1974,0.053
djibouti,1975,0.054
djibouti,1976,0.054
djibouti,1977,0.054
djibouti,1978,0.055
djibouti,1979,0.099
djibouti,1980,0.095
djibouti,1981,0.082
djibouti,1982,0.095
djibouti,1983,0.095
djibouti,1984,0.096
djibouti,1985,0.098
djibouti,1986,0.103
djibouti,1987,0.106
djibouti,1988,0.095
djibouti,1989,0.106
djibouti,1990,0.081
djibouti,1991,0.082
djibouti,1992,0.083
djibouti,1993,0.083
djibouti,1994,0.082
djibouti,1995,0.085
djibouti,1996,0.084
djibouti,1997,0.091
djibouti,1998,0.105
djibouti,1999,0.105
djibouti,2000,0.1
djibouti,2001,0.1
djibouti,2002,0.109
djibouti,2003,0.115
djibouti,2004,0.111
djibouti,2005,0.113
djibouti,2006,0.113
djibouti,2007,0.126
djibouti,2008,0.136
djibouti,2009,0.121
djibouti,2010,0.141
djibouti,2011,0.129
djibouti,2012,0.133
djibouti,2013,0.15193511290773
djibouti,2014,0.105978661456764
djibouti,2015,0.117805956493806
djibouti,2016,0.10374838817282
djibouti,2017,0.106921093135778
djibouti,2018,0.118689530390089
djibouti,2019,0.122439208024653
djibouti,2020,0.104381639703667
djibouti,2021,0.124136593039872
djibouti,2022,0.12364518645751
dominica,1950,0
dominica,1951,0.001
dominica,1952,0.002
dominica,1953,0.001
dominica,1954,0.001
dominica,1955,0.001
dominica,1956,0.001
dominica,1957,0.001
dominica,1958,0.002
dominica,1959,0.003
dominica,1960,0.003
dominica,1961,0.003
dominica,1962,0.003
dominica,1963,0.004
dominica,1964,0.004
dominica,1965,0.004
dominica,1966,0.004
dominica,1967,0.006
dominica,1968,0.006
dominica,1969,0.005
dominica,1970,0.007
dominica,1971,0.007
dominica,1972,0.007
dominica,1973,0.007
dominica,1974,0.008
dominica,1975,0.008
dominica,1976,0.008
dominica,1977,0.007
dominica,1978,0.007
dominica,1979,0.009
dominica,1980,0.01
dominica,1981,0.01
dominica,1982,0.011
dominica,1983,0.011
dominica,1984,0.012
dominica,1985,0.013
dominica,1986,0.013
dominica,1987,0.013
dominica,1988,0.015
dominica,1989,0.016
dominica,1990,0.016
dominica,1991,0.016
dominica,1992,0.016
dominica,1993,0.017
dominica,1994,0.019
dominica,1995,0.022
dominica,1996,0.02
dominica,1997,0.022
dominica,1998,0.021
dominica,1999,0.022
dominica,2000,0.028
dominica,2001,0.03
dominica,2002,0.028
dominica,2003,0.032
dominica,2004,0.039
dominica,2005,0.041
dominica,2006,0.039
dominica,2007,0.047
dominica,2008,0.046
dominica,2009,0.051
dominica,2010,0.047
dominica,2011,0.042
dominica,2012,0.045
dominica,2013,0.043
dominica,2014,0.045
dominica,2015,0.048
dominica,2016,0.047
dominica,2017,0.042
dominica,2018,0.044
dominica,2019,0.047
dominica,2020,0.043
dominica,2021,0.0414359268775889
dominica,2022,0.0418178095338382
dominican_republic,1947,0.00198377952755906
dominican_republic,1948,0.00595133858267717
dominican_republic,1949,0.00694322834645669
dominican_republic,1950,0.0949188976377953
dominican_republic,1951,0.0978864566929134
dominican_republic,1952,0.161845905511811
dominican_republic,1953,0.168854874478925
dominican_republic,1954,0.17082157480315
dominican_republic,1955,0.249740472440945
dominican_republic,1956,0.268724251968504
dominican_republic,1957,0.281691811023622
dominican_republic,1958,0.290699921259843
dominican_republic,1959,0.303789133858268
dominican_republic,1960,0.283813464566929
dominican_republic,1961,0.280741392751438
dominican_republic,1962,0.338732362204724
dominican_republic,1963,0.340748582677165
dominican_republic,1964,0.476667480314961
dominican_republic,1965,0.421765359170529
dominican_republic,1966,0.455691811023622
dominican_republic,1967,0.42765937007874
dominican_republic,1968,0.640643149606299
dominican_republic,1969,0.723570750366549
dominican_republic,1970,0.847456614173228
dominican_republic,1971,0.960343070866142
dominican_republic,1972,1.27425385826772
dominican_republic,1973,1.62635929133858
dominican_republic,1974,1.74933496062992
dominican_republic,1975,1.72835155614219
dominican_republic,1976,1.72553292334208
dominican_republic,1977,1.52808940640611
dominican_republic,1978,1.48207529824368
dominican_republic,1979,1.8519611364483
dominican_republic,1980,1.7540962993259
dominican_republic,1981,1.67446509290354
dominican_republic,1982,1.72038364513287
dominican_republic,1983,2.14672348530488
dominican_republic,1984,2.01704818749369
dominican_republic,1985,1.97640375464696
dominican_republic,1986,2.21644610315975
dominican_republic,1987,2.64391091573154
dominican_republic,1988,2.65823005098679
dominican_republic,1989,2.79964608791412
dominican_republic,1990,2.43886927676321
dominican_republic,1991,2.60324404371992
dominican_republic,1992,2.84339192449669
dominican_republic,1993,3.05915726425343
dominican_republic,1994,3.21955393509222
dominican_republic,1995,4.12308279915363
dominican_republic,1996,4.49900447819446
dominican_republic,1997,4.7122515422098
dominican_republic,1998,4.85485373680161
dominican_republic,1999,4.86387902590912
dominican_republic,2000,5.18330423787207
dominican_republic,2001,5.22505346196208
dominican_republic,2002,5.71755693441422
dominican_republic,2003,5.82560294874
dominican_republic,2004,4.73067469826858
dominican_republic,2005,4.89643046750591
dominican_republic,2006,5.21613871426628
dominican_republic,2007,5.4565857943484
dominican_republic,2008,5.5490817705842
dominican_republic,2009,5.39865325177435
dominican_republic,2010,5.6095667581299
dominican_republic,2011,5.81820785896231
dominican_republic,2012,5.80096987348387
dominican_republic,2013,5.80430142393245
dominican_republic,2014,5.94994846287973
dominican_republic,2015,6.41227874471609
dominican_republic,2016,6.7261372063673
dominican_republic,2017,6.55483674112189
dominican_republic,2018,7.0295416806371
dominican_republic,2019,7.7441847597635
dominican_republic,2020,6.41420566101527
dominican_republic,2021,6.4914979893659
dominican_republic,2022,6.4514043617504
ecuador,1917,0.007
ecuador,1918,0.007
ecuador,1919,0.007
ecuador,1920,0.007
ecuador,1921,0.007
ecuador,1922,0.007
ecuador,1923,0.01
ecuador,1924,0.012
ecuador,1925,0.019
ecuador,1926,0.025
ecuador,1927,0.064
ecuador,1928,0.129
ecuador,1929,0.164
ecuador,1930,0.185
ecuador,1931,0.209
ecuador,1932,0.194
ecuador,1933,0.198
ecuador,1934,0.2
ecuador,1935,0.213983779527559
ecuador,1936,0.239
ecuador,1937,0.266
ecuador,1938,0.281
ecuador,1939,0.291983723787104
ecuador,1940,0.296983779527559
ecuador,1941,0.198983779527559
ecuador,1942,0.286975669291339
ecuador,1943,0.287967559055118
ecuador,1944,0.36195956053014
ecuador,1945,0.334959448818898
ecuador,1946,0.300959448818898
ecuador,1947,0.315967456067991
ecuador,1948,0.350959448818898
ecuador,1949,0.354943228346457
ecuador,1950,0.201935118110236
ecuador,1951,0.191910787401575
ecuador,1952,0.243902677165354
ecuador,1953,0.223902677165354
ecuador,1954,0.262894566929134
ecuador,1955,0.326837795275591
ecuador,1956,0.35382968503937
ecuador,1957,0.30882968503937
ecuador,1958,0.36082157480315
ecuador,1959,0.35282968503937
ecuador,1960,0.480781023622047
ecuador,1961,0.448756692913386
ecuador,1962,0.426764803149606
ecuador,1963,0.489716141732283
ecuador,1964,0.584683700787402
ecuador,1965,0.620643149606299
ecuador,1966,0.659586377952756
ecuador,1967,0.706570157480315
ecuador,1968,0.849521496062992
ecuador,1969,0.979496651733651
ecuador,1970,1.16763503937008
ecuador,1971,1.15159483989046
ecuador,1972,1.25246472440945
ecuador,1973,1.43446472440945
ecuador,1974,1.66035890536951
ecuador,1975,2.00734307086614
ecuador,1976,2.2108613790296
ecuador,1977,2.03935620053652
ecuador,1978,2.8401812902842
ecuador,1979,3.31344545766604
ecuador,1980,3.65916166083325
ecuador,1981,4.54497827549247
ecuador,1982,5.24975938174265
ecuador,1983,5.32276434057367
ecuador,1984,5.78316123123316
ecuador,1985,5.28184441129814
ecuador,1986,4.14685172739228
ecuador,1987,4.09995933711688
ecuador,1988,4.68575229220242
ecuador,1989,5.50046664722097
ecuador,1990,4.49176320219763
ecuador,1991,4.40970942155419
ecuador,1992,5.99336122048135
ecuador,1993,6.57437949015861
ecuador,1994,3.90470472919602
ecuador,1995,6.41332865373515
ecuador,1996,6.90499451889072
ecuador,1997,5.30264239054498
ecuador,1998,6.30198402020442
ecuador,1999,5.9978800286458
ecuador,2000,5.711598038999
ecuador,2001,6.38860530818678
ecuador,2002,6.77594182473891
ecuador,2003,7.38853170298451
ecuador,2004,7.98529179920877
ecuador,2005,8.34869200171408
ecuador,2006,8.10309926004293
ecuador,2007,9.35567206904
ecuador,2008,8.27358901399457
ecuador,2009,9.16992265287017
ecuador,2010,9.90076730435006
ecuador,2011,10.4432084328317
ecuador,2012,10.2098203374381
ecuador,2013,10.8228643913767
ecuador,2014,11.935412445306
ecuador,2015,11.2652136944695
ecuador,2016,10.74155352766
ecuador,2017,10.6916502089586
ecuador,2018,10.4882952804995
ecuador,2019,10.9348169308581
ecuador,2020,8.98182862689852
ecuador,2021,10.8437952603422
ecuador,2022,11.3573710608495
egypt,1911,0.003
egypt,1912,0.023
egypt,1913,0.011
egypt,1914,0.084
egypt,1915,0.025
egypt,1916,0.049
egypt,1917,0.115
egypt,1918,0.236
egypt,1919,0.188
egypt,1920,0.124
egypt,1921,0.153
egypt,1922,0.145
egypt,1923,0.128
egypt,1924,0.136
egypt,1925,0.151
egypt,1926,0.145
egypt,1927,0.155
egypt,1928,0.236902264780462
egypt,1929,0.251805354330709
egypt,1930,0.278668667885264
egypt,1931,0.274732362204724
egypt,1932,0.259732362204724
egypt,1933,0.237683700787402
egypt,1934,0.224675590551181
egypt,1935,0.203578267716535
egypt,1936,0.198626929133858
egypt,1937,0.187635039370079
egypt,1938,0.239586377952756
egypt,1939,0.6075870571351
egypt,1940,0.826602598425197
egypt,1941,1.07853771653543
egypt,1942,1.04653771653543
egypt,1943,1.1196431496063
egypt,1944,1.18953000125614
egypt,1945,1.18852149606299
egypt,1946,1.15235118110236
egypt,1947,1.2042862992126
egypt,1948,1.67815653543307
egypt,1949,2.03601866141732
egypt,1950,2.79287267716535
egypt,1951,2.88175102362205
egypt,1952,2.97295377952756
egypt,1953,2.94179157480315
egypt,1954,3.18352347342025
egypt,1955,2.90449149606299
egypt,1956,2.71350771653543
egypt,1957,3.25238606299213
egypt,1958,3.73432929133858
egypt,1959,3.46802921259843
egypt,1960,4.37574535433071
egypt,1961,4.65772864644334
egypt,1962,5.06853448818898
egypt,1963,5.87523440944882
egypt,1964,6.95721818897638
egypt,1965,7.53533208621206
egypt,1966,7.2413074015748
egypt,1967,5.36296677165354
egypt,1968,6.24252881889764
egypt,1969,5.36701713246528
egypt,1970,5.90993745858987
egypt,1971,6.2806779317744
egypt,1972,6.95278328327671
egypt,1973,6.48500976377953
egypt,1974,7.12039854958043
egypt,1975,8.47705031496063
egypt,1976,9.40241536718328
egypt,1977,10.32070541042
egypt,1978,10.7153400664667
egypt,1979,11.705651172698
egypt,1980,12.3297019064189
egypt,1981,13.8926539608632
egypt,1982,15.4015195087261
egypt,1983,15.551439974992
egypt,1984,17.3865480399958
egypt,1985,17.4146377912274
egypt,1986,20.303738546677
egypt,1987,20.3639521442541
egypt,1988,20.2809711157381
egypt,1989,19.6246075607287
egypt,1990,20.5288027495507
egypt,1991,21.0960267678722
egypt,1992,21.8176538685696
egypt,1993,25.1850383333871
egypt,1994,24.1191955696445
egypt,1995,27.0181491791572
egypt,1996,26.7333120099907
egypt,1997,30.4871410731044
egypt,1998,34.1227388485791
egypt,1999,34.9948431660584
egypt,2000,39.2565620031067
egypt,2001,34.8407564644764
egypt,2002,35.249725910674
egypt,2003,40.9168629235187
egypt,2004,41.6418375813972
egypt,2005,45.9107041995381
egypt,2006,48.9066995187567
egypt,2007,51.5297601814044
egypt,2008,53.9649892712198
egypt,2009,56.3531391021751
egypt,2010,55.5697530083888
egypt,2011,59.2023156646441
egypt,2012,58.3333820008303
egypt,2013,57.7016679408675
egypt,2014,61.9266741271675
egypt,2015,61.2663017573548
egypt,2016,65.3344933429134
egypt,2017,70.9908847540166
egypt,2018,66.5687437191215
egypt,2019,69.9072529834047
egypt,2020,62.1282628747906
egypt,2021,67.3811148515754
egypt,2022,70.6745801372562
el_salvador,1950,0.073
el_salvador,1951,0.088
el_salvador,1952,0.106
el_salvador,1953,0.113959448818898
el_salvador,1954,0.127943228346457
el_salvador,1955,0.125935118110236
el_salvador,1956,0.143927007874016
el_salvador,1957,0.162902677165354
el_salvador,1958,0.162902677165354
el_salvador,1959,0.164910787401575
el_salvador,1960,0.168902677165354
el_salvador,1961,0.158918897637795
el_salvador,1962,0.176927007874016
el_salvador,1963,0.306910787401575
el_salvador,1964,0.335902677165354
el_salvador,1965,0.283910787401575
el_salvador,1966,0.355845905511811
el_salvador,1967,0.315845905511811
el_salvador,1968,0.34382968503937
el_salvador,1969,0.324845905511811
el_salvador,1970,0.38982157480315
el_salvador,1971,0.411797244094488
el_salvador,1972,0.457756692913386
el_salvador,1973,0.536732362204724
el_salvador,1974,0.537675590551181
el_salvador,1975,0.574635039370079
el_salvador,1976,0.602274283700024
el_salvador,1977,0.622731279715482
el_salvador,1978,0.649937868568713
el_salvador,1979,0.648668519965816
el_salvador,1980,0.57844809602999
el_salvador,1981,0.496378571783095
el_salvador,1982,0.478192773430802
el_salvador,1983,0.514564570886586
el_salvador,1984,0.433487755642964
el_salvador,1985,0.536391452799009
el_salvador,1986,0.536980397232644
el_salvador,1987,0.6589770676062
el_salvador,1988,0.664047065684123
el_salvador,1989,0.695209007158783
el_salvador,1990,0.675510572080396
el_salvador,1991,0.861003511600259
el_salvador,1992,0.905233858142208
el_salvador,1993,1.08504201772007
el_salvador,1994,1.23162448654262
el_salvador,1995,1.36418010409272
el_salvador,1996,1.20482813479193
el_salvador,1997,1.47809350030191
el_salvador,1998,1.5641889599623
el_salvador,1999,1.52507064201152
el_salvador,2000,1.54775531786748
el_salvador,2001,1.59863402391666
el_salvador,2002,1.6566274833541
el_salvador,2003,1.75623675475775
el_salvador,2004,1.70682643526627
el_salvador,2005,1.7188064171202
el_salvador,2006,1.83346386803789
el_salvador,2007,1.86833517293403
el_salvador,2008,1.74801231608913
el_salvador,2009,1.72283259332938
el_salvador,2010,1.72451662653776
el_salvador,2011,1.77385512187401
el_salvador,2012,1.76634344440865
el_salvador,2013,1.66333836289482
el_salvador,2014,1.67880878096447
el_salvador,2015,1.81980679876539
el_salvador,2016,1.80016231090633
el_salvador,2017,1.62928502817515
el_salvador,2018,1.70922576247031
el_salvador,2019,2.06049389066092
el_salvador,2020,1.79980878096447
el_salvador,2021,2.04356714162485
el_salvador,2022,2.10545293279626
equatorial_guinea,1950,0.003
equatorial_guinea,1951,0.003
equatorial_guinea,1952,0.003
equatorial_guinea,1953,0.003
equatorial_guinea,1954,0.008
equatorial_guinea,1955,0.01
equatorial_guinea,1956,0.01
equatorial_guinea,1957,0.009
equatorial_guinea,1958,0.013
equatorial_guinea,1959,0.013
equatorial_guinea,1960,0.006
equatorial_guinea,1961,0.006
equatorial_guinea,1962,0.006
equatorial_guinea,1963,0.007
equatorial_guinea,1964,0.007
equatorial_guinea,1965,0.008
equatorial_guinea,1966,0.007
equatorial_guinea,1967,0.007
equatorial_guinea,1968,0.008
equatorial_guinea,1969,0.012
equatorial_guinea,1970,0.01
equatorial_guinea,1971,0.018
equatorial_guinea,1972,0.024
equatorial_guinea,1973,0.008
equatorial_guinea,1974,0.014
equatorial_guinea,1975,0.017
equatorial_guinea,1976,0.017
equatorial_guinea,1977,0.017
equatorial_guinea,1978,0.019
equatorial_guinea,1979,0.017
equatorial_guinea,1980,0.016
equatorial_guinea,1981,0.019
equatorial_guinea,1982,0.02
equatorial_guinea,1983,0.017
equatorial_guinea,1984,0.022
equatorial_guinea,1985,0.018
equatorial_guinea,1986,0.022
equatorial_guinea,1987,0.027
equatorial_guinea,1988,0.029
equatorial_guinea,1989,0.032
equatorial_guinea,1990,0.017
equatorial_guinea,1991,0.018
equatorial_guinea,1992,0.018
equatorial_guinea,1993,0.019
equatorial_guinea,1994,0.314660515283843
equatorial_guinea,1995,0.334894873362445
equatorial_guinea,1996,0.369960790393013
equatorial_guinea,1997,0.538961315502183
equatorial_guinea,1998,0.628366296943231
equatorial_guinea,1999,0.685400925764192
equatorial_guinea,2000,0.736698866812227
equatorial_guinea,2001,0.844618160480349
equatorial_guinea,2002,0.753672843684372
equatorial_guinea,2003,0.855195530567685
equatorial_guinea,2004,1.67504991375546
equatorial_guinea,2005,1.69432821069869
equatorial_guinea,2006,1.68712910236673
equatorial_guinea,2007,1.56221690990765
equatorial_guinea,2008,1.62164365791557
equatorial_guinea,2009,1.33775441876305
equatorial_guinea,2010,1.74733301310044
equatorial_guinea,2011,1.66335304956116
equatorial_guinea,2012,1.88337308602189
equatorial_guinea,2013,2.23694956882666
equatorial_guinea,2014,2.09393911351037
equatorial_guinea,2015,1.91961975762084
equatorial_guinea,2016,2.06284270066249
equatorial_guinea,2017,2.14577650737327
equatorial_guinea,2018,1.63986017625866
equatorial_guinea,2019,1.26582275363896
equatorial_guinea,2020,1.50786070085517
equatorial_guinea,2021,1.53633724315016
equatorial_guinea,2022,1.38542626348755
eritrea,1939,0.00396755905511811
eritrea,1940,0.00198377952755906
eritrea,1941,0.000991889763779528
eritrea,1942,0.00297566929133858
eritrea,1943,0.00396755905511811
eritrea,1944,0.00495944881889764
eritrea,1994,0.203011358680138
eritrea,1995,0.224559675622117
eritrea,1996,0.245218104436992
eritrea,1997,0.220651209092588
eritrea,1998,0.159980756199209
eritrea,1999,0.167973105578977
eritrea,2000,0.164965454958745
eritrea,2001,0.17094576375856
eritrea,2002,0.163926072558375
eritrea,2003,0.19390638135819
eritrea,2004,0.209886690158005
eritrea,2005,0.20986699895782
eritrea,2006,0.149821514412128
eritrea,2007,0.153755243072445
eritrea,2008,0.111723957447976
eritrea,2009,0.135729785179114
eritrea,2010,0.135735993065052
eritrea,2011,0.157701440186787
eritrea,2012,0.16600135524553
eritrea,2013,0.155433839791852
eritrea,2014,0.155324071382681
eritrea,2015,0.151295157269396
eritrea,2016,0.152151366419722
eritrea,2017,0.15203622977775
eritrea,2018,0.17003622977775
eritrea,2019,0.176880315799255
eritrea,2020,0.174921093135778
eritrea,2021,0.191164496746493
eritrea,2022,0.19018168358177
estonia,1850,0.000313365483853391
estonia,1851,0
estonia,1852,0
estonia,1853,0
estonia,1854,0
estonia,1855,0.000950205015555444
estonia,1856,0
estonia,1857,0
estonia,1858,0.00133433044737573
estonia,1859,0.0014151989593379
estonia,1860,0.00187008433912508
estonia,1861,0.00237551253888861
estonia,1862,0.00214301556699739
estonia,1863,0.00224410120695009
estonia,1864,0.0025170324348224
estonia,1865,0.00240583823087442
estonia,1866,0.00760164012444356
estonia,1867,0.0087236907279186
estonia,1868,0.00725794894860435
estonia,1869,0.00984574133139365
estonia,1870,0.0106847521430011
estonia,1871,0.0144249208212513
estonia,1872,0.0148090462530716
estonia,1873,0.0138992754934972
estonia,1874,0.0168711933081068
estonia,1875,0.019418551434915
estonia,1876,0.0241089251287206
estonia,1877,0.0246042447644888
estonia,1878,0.032155342068956
estonia,1879,0.0329943528805635
estonia,1880,0.0387056915378914
estonia,1881,0.0407678385929267
estonia,1882,0.0429411798519099
estonia,1883,0.0488749069171338
estonia,1884,0.0496229406527838
estonia,1885,0.0540504916827124
estonia,1886,0.0554353649500644
estonia,1887,0.0586599968645558
estonia,1888,0.0611871378633735
estonia,1889,0.0660796828370845
estonia,1890,0.0748336992569889
estonia,1891,0.0823949051254514
estonia,1892,0.0872166901511955
estonia,1893,0.102227907684172
estonia,1894,0.104118209151288
estonia,1895,0.119634854884029
estonia,1896,0.121787979015021
estonia,1897,0.140812296454121
estonia,1898,0.157926095298114
estonia,1899,0.183207613850286
estonia,1900,0.207538927386902
estonia,1901,0.213068311892315
estonia,1902,0.205790145815721
estonia,1903,0.20130194340182
estonia,1904,0.223965343879217
estonia,1905,0.199917070134468
estonia,1906,0.228028986605316
estonia,1907,0.255413086468504
estonia,1908,0.256979913887771
estonia,1909,0.271273423377084
estonia,1910,0.266037187227534
estonia,1911,0.275822277174956
estonia,1912,0.312445604529822
estonia,1913,0.339415253269204
estonia,1914,0.306329923312683
estonia,1915,0.281169707528454
estonia,1916,0.299678488203795
estonia,1917,0.275802060046965
estonia,1918,0.10999128483254
estonia,1919,0.0939489937720457
estonia,1920,0.0856700798599191
estonia,1921,0.0929078116805329
estonia,1922,0.113306893822989
estonia,1923,0.125164239389442
estonia,1924,0.149121536058233
estonia,1925,0.147180691771141
estonia,1926,0.21325026604423
estonia,1927,0.265127416467959
estonia,1928,0.297790271796881
estonia,1929,0.320110308839541
estonia,1930,0.43333966793796
estonia,1931,0.520196023848118
estonia,1932,0.585536366461401
estonia,1933,0.65410664567475
estonia,1934,0.791072578808769
estonia,1935,0.895760541304618
estonia,1936,1.02776885881112
estonia,1937,1.05136714154901
estonia,1938,1.110119578366
estonia,1939,1.12337400571393
estonia,1940,1.34283422376605
estonia,1941,1.17988046795911
estonia,1942,0.640670677456261
estonia,1943,0.668641074031175
estonia,1944,0.969653892682345
estonia,1945,1.02706140092927
estonia,1946,1.15460720540001
estonia,1947,1.39053056035892
estonia,1948,1.48005904446091
estonia,1949,1.68260084697055
estonia,1950,1.8759663357364
estonia,1951,2.03342871240387
estonia,1952,2.17770951174357
estonia,1953,2.30416943133027
estonia,1954,2.51694991049456
estonia,1955,2.85422687371278
estonia,1956,3.12932072003236
estonia,1957,3.42469840160809
estonia,1958,3.65573951504357
estonia,1959,3.84411659181381
estonia,1960,4.0029526909486
estonia,1961,4.1281643054623
estonia,1962,4.33250209244553
estonia,1963,4.64555979238207
estonia,1964,4.93980252603049
estonia,1965,5.24008277447823
estonia,1966,5.53380153456829
estonia,1967,5.78565596447286
estonia,1968,5.94723720723197
estonia,1969,6.19285448407253
estonia,1970,6.51490066785091
estonia,1971,6.91442898749374
estonia,1972,7.27679400464816
estonia,1973,7.58600848854303
estonia,1974,7.87682439188457
estonia,1975,8.28195376201276
estonia,1976,8.60045443753628
estonia,1977,8.89277010376098
estonia,1978,9.19686004253832
estonia,1979,9.27233530747698
estonia,1980,9.63806072360012
estonia,1981,9.4539067448608
estonia,1982,9.63243100450689
estonia,1983,9.77028572725318
estonia,1984,9.85770436411246
estonia,1985,10.6330171197677
estonia,1986,10.5698431236154
estonia,1987,10.5153120942646
estonia,1988,10.5251208647203
estonia,1989,10.7441276072093
estonia,1990,10.0763117379909
estonia,1991,9.31964030107821
estonia,1992,6.66513033134686
estonia,1993,5.30533479105028
estonia,1994,5.47082043700018
estonia,1995,4.92939931191989
estonia,1996,5.19734680016834
estonia,1997,5.09903982637015
estonia,1998,4.62356606477075
estonia,1999,4.3498874783194
estonia,2000,4.22536152114429
estonia,2001,4.33463296465814
estonia,2002,4.19497883416944
estonia,2003,4.71167648669098
estonia,2004,4.72910950617918
estonia,2005,4.66615971958623
estonia,2006,4.48824102698151
estonia,2007,5.442707400082
estonia,2008,4.86418671093225
estonia,2009,3.93478454384992
estonia,2010,5.17888858171959
estonia,2011,5.17367778747457
estonia,2012,4.85037734179387
estonia,2013,5.36583524492758
estonia,2014,5.13872190523363
estonia,2015,4.31877670078053
estonia,2016,4.77324613170735
estonia,2017,5.11418755481346
estonia,2018,4.88123239147718
estonia,2019,3.3635324656332
estonia,2020,2.52152876849455
estonia,2021,2.84386405442107
estonia,2022,2.81436821007206
eswatini,1950,0.001
eswatini,1951,0.001
eswatini,1952,0.001
eswatini,1953,0.001
eswatini,1954,0.001
eswatini,1955,0.001
eswatini,1956,0.001
eswatini,1957,0.001
eswatini,1958,0.001
eswatini,1959,0.001
eswatini,1960,0.009
eswatini,1961,0.001
eswatini,1964,0.003
eswatini,1965,0.022
eswatini,1966,0.055
eswatini,1967,0.062
eswatini,1968,0.076
eswatini,1969,0.083
eswatini,1970,0.1
eswatini,1971,0.109
eswatini,1972,0.104
eswatini,1973,0.101
eswatini,1974,0.085
eswatini,1975,0.092
eswatini,1976,0.091
eswatini,1977,0.093
eswatini,1978,0.12
eswatini,1979,0.122
eswatini,1980,0.127
eswatini,1981,0.119
eswatini,1982,0.119
eswatini,1983,0.074
eswatini,1984,0.091
eswatini,1985,0.12
eswatini,1986,0.125
eswatini,1987,0.119
eswatini,1988,0.119
eswatini,1989,0.119
eswatini,1990,0.262
eswatini,1991,0.238
eswatini,1992,0.227
eswatini,1993,0.194
eswatini,1994,0.294
eswatini,1995,0.29
eswatini,1996,0.215
eswatini,1997,0.312
eswatini,1998,0.317
eswatini,1999,0.338
eswatini,2000,0.33
eswatini,2001,0.299
eswatini,2002,0.295
eswatini,2003,0.274
eswatini,2004,0.273
eswatini,2005,0.277
eswatini,2006,0.277
eswatini,2007,0.284
eswatini,2008,0.279
eswatini,2009,0.289
eswatini,2010,0.272
eswatini,2011,0.275
eswatini,2012,0.319
eswatini,2013,0.382
eswatini,2014,0.21
eswatini,2015,0.237
eswatini,2016,0.288
eswatini,2017,0.269
eswatini,2018,0.282
eswatini,2019,0.306
eswatini,2020,0.298
eswatini,2021,0.308797428125162
eswatini,2022,0.34526373428135
ethiopia,1941,0.00297566929133858
ethiopia,1942,0.00297566929133858
ethiopia,1943,0.00297566929133858
ethiopia,1948,0.000991889763779528
ethiopia,1949,0.000991889763779528
ethiopia,1950,0.0239922141732283
ethiopia,1951,0.0169918897637795
ethiopia,1952,0.0269918897637795
ethiopia,1953,0.0499918897637795
ethiopia,1954,0.0739671146586129
ethiopia,1955,0.0619675590551181
ethiopia,1956,0.0659675590551181
ethiopia,1957,0.0879756692913386
ethiopia,1958,0.0869675590551181
ethiopia,1959,0.0919756692913386
ethiopia,1960,0.0959675590551181
ethiopia,1961,0.0929675590551181
ethiopia,1962,0.107951338582677
ethiopia,1963,0.114959798398045
ethiopia,1964,0.110951338582677
ethiopia,1965,0.175895162596201
ethiopia,1966,0.224886456692913
ethiopia,1967,0.292837795275591
ethiopia,1968,0.470805354330709
ethiopia,1969,0.454813053695931
ethiopia,1970,0.450797244094488
ethiopia,1971,0.504764803149606
ethiopia,1972,0.383789133858268
ethiopia,1973,0.477862125984252
ethiopia,1974,0.473870236220473
ethiopia,1975,0.329837795275591
ethiopia,1976,0.32061368462127
ethiopia,1977,0.285694786983475
ethiopia,1978,0.373499277987578
ethiopia,1979,0.503311879227901
ethiopia,1980,0.496037931502992
ethiopia,1981,0.507643818214702
ethiopia,1982,0.402269020695349
ethiopia,1983,0.500751646547183
ethiopia,1984,0.450404318988069
ethiopia,1985,0.490914370845059
ethiopia,1986,0.599139269444425
ethiopia,1987,0.697156321816994
ethiopia,1988,0.720541981115925
ethiopia,1989,0.762585627593523
ethiopia,1990,0.815094817661389
ethiopia,1991,0.807443334596486
ethiopia,1992,0.801511066137346
ethiopia,1993,0.817036739002876
ethiopia,1994,0.599672676168531
ethiopia,1995,0.683939236102273
ethiopia,1996,0.762606214074992
ethiopia,1997,0.813361820627108
ethiopia,1998,0.859012603320152
ethiopia,1999,0.844507585764163
ethiopia,2000,0.945102230304344
ethiopia,2001,1.1639152751712
ethiopia,2002,1.2095214511675
ethiopia,2003,1.32921188346499
ethiopia,2004,1.40790137169743
ethiopia,2005,1.35265536384915
ethiopia,2006,1.45146758771987
ethiopia,2007,1.59377628730764
ethiopia,2008,1.75152751021305
ethiopia,2009,1.76131132837134
ethiopia,2010,1.72949539185821
ethiopia,2011,2.02032749043057
ethiopia,2012,2.21306931452049
ethiopia,2013,2.66949480994503
ethiopia,2014,3.27962505730287
ethiopia,2015,3.46517624073959
ethiopia,2016,3.9369330728382
ethiopia,2017,4.2531899841138
ethiopia,2018,4.36379840495021
ethiopia,2019,4.55103473523109
ethiopia,2020,4.86084127135653
ethiopia,2021,5.16361572385452
ethiopia,2022,5.20558367553404
faeroe_islands,1950,0.011
faeroe_islands,1951,0.011
faeroe_islands,1952,0.015
faeroe_islands,1953,0.023
faeroe_islands,1954,0.021
faeroe_islands,1955,0.027
faeroe_islands,1956,0.031
faeroe_islands,1957,0.026
faeroe_islands,1958,0.032
faeroe_islands,1959,0.027
faeroe_islands,1960,0.016
faeroe_islands,1961,0.031
faeroe_islands,1962,0.032
faeroe_islands,1963,0.034
faeroe_islands,1964,0.033
faeroe_islands,1965,0.037
faeroe_islands,1966,0.038
faeroe_islands,1967,0.046
faeroe_islands,1968,0.05
faeroe_islands,1969,0.058
faeroe_islands,1970,0.07
faeroe_islands,1971,0.071
faeroe_islands,1972,0.064
faeroe_islands,1973,0.069
faeroe_islands,1974,0.082
faeroe_islands,1975,0.095
faeroe_islands,1976,0.09
faeroe_islands,1977,0.111
faeroe_islands,1978,0.109
faeroe_islands,1979,0.131
faeroe_islands,1980,0.115
faeroe_islands,1981,0.12
faeroe_islands,1982,0.125
faeroe_islands,1983,0.133
faeroe_islands,1984,0.136
faeroe_islands,1985,0.141
faeroe_islands,1986,0.134
faeroe_islands,1987,0.136
faeroe_islands,1988,0.144
faeroe_islands,1989,0.158
faeroe_islands,1990,0.192
faeroe_islands,1991,0.179
faeroe_islands,1992,0.177
faeroe_islands,1993,0.159
faeroe_islands,1994,0.157
faeroe_islands,1995,0.156
faeroe_islands,1996,0.164
faeroe_islands,1997,0.161
faeroe_islands,1998,0.17
faeroe_islands,1999,0.172
faeroe_islands,2000,0.188
faeroe_islands,2001,0.208
faeroe_islands,2002,0.198
faeroe_islands,2003,0.2
faeroe_islands,2004,0.204
faeroe_islands,2005,0.197
faeroe_islands,2006,0.185
faeroe_islands,2007,0.188
faeroe_islands,2008,0.172
faeroe_islands,2009,0.157
faeroe_islands,2010,0.172
faeroe_islands,2011,0.155
faeroe_islands,2012,0.161
faeroe_islands,2013,0.177
faeroe_islands,2014,0.163
faeroe_islands,2015,0.166
faeroe_islands,2016,0.172
faeroe_islands,2017,0.193
faeroe_islands,2018,0.198
faeroe_islands,2019,0.202
faeroe_islands,2020,0.207
faeroe_islands,2021,0.201083594747645
faeroe_islands,2022,0.20418483279695
federated_states_of_micronesia,1992,0.037
federated_states_of_micronesia,1993,0.039
federated_states_of_micronesia,1994,0.042
federated_states_of_micronesia,1995,0.049
federated_states_of_micronesia,1996,0.05
federated_states_of_micronesia,1997,0.053
federated_states_of_micronesia,1998,0.055
federated_states_of_micronesia,1999,0.052
federated_states_of_micronesia,2000,0.049
federated_states_of_micronesia,2001,0.045
federated_states_of_micronesia,2002,0.041
federated_states_of_micronesia,2003,0.044
federated_states_of_micronesia,2004,0.039
federated_states_of_micronesia,2005,0.032
federated_states_of_micronesia,2006,0.031
federated_states_of_micronesia,2007,0.036
federated_states_of_micronesia,2008,0.03
federated_states_of_micronesia,2009,0.04
federated_states_of_micronesia,2010,0.028
federated_states_of_micronesia,2011,0.032
federated_states_of_micronesia,2012,0.034
federated_states_of_micronesia,2013,0.037
federated_states_of_micronesia,2014,0.037
federated_states_of_micronesia,2015,0.039
federated_states_of_micronesia,2016,0.039
federated_states_of_micronesia,2017,0.039
federated_states_of_micronesia,2018,0.039
federated_states_of_micronesia,2019,0.04
federated_states_of_micronesia,2020,0.04
federated_states_of_micronesia,2021,0.0417386904847033
federated_states_of_micronesia,2022,0.0412681315520992
fiji,1950,0.033
fiji,1951,0.036
fiji,1952,0.043
fiji,1953,0.046
fiji,1954,0.043
fiji,1955,0.047
fiji,1956,0.053
fiji,1957,0.045
fiji,1958,0.048
fiji,1959,0.054
fiji,1960,0.053
fiji,1961,0.046
fiji,1962,0.063
fiji,1963,0.066
fiji,1964,0.115967559055118
fiji,1965,0.0939594488188977
fiji,1966,0.0879507792560413
fiji,1967,0.0969508316929134
fiji,1968,0.107943228346457
fiji,1969,0.117943705419176
fiji,1970,0.141935118110236
fiji,1971,0.149910188659304
fiji,1972,0.157902677165354
fiji,1973,0.171902677165354
fiji,1974,0.182910787401575
fiji,1975,0.169918417742161
fiji,1976,0.131822437220116
fiji,1977,0.208686518406907
fiji,1978,0.19352736167061
fiji,1979,0.228290380928826
fiji,1980,0.216271744516633
fiji,1981,0.293988287928672
fiji,1982,0.227926684395626
fiji,1983,0.193484071071366
fiji,1984,0.15753514842844
fiji,1985,0.156384101928363
fiji,1986,0.163233055428286
fiji,1987,0.128819697801975
fiji,1988,0.150045059582215
fiji,1989,0.170633794417265
fiji,1990,0.21867361110975
fiji,1991,0.178775147179272
fiji,1992,0.199320260518156
fiji,1993,0.198866652185773
fiji,1994,0.197346211234213
fiji,1995,0.201063552794611
fiji,1996,0.216279157625776
fiji,1997,0.208593007888779
fiji,1998,0.202865748000296
fiji,1999,0.206459421349604
fiji,2000,0.22239398833691
fiji,2001,0.284403025069804
fiji,2002,0.240102797536095
fiji,2003,0.283027547642785
fiji,2004,0.365970989841144
fiji,2005,0.295389698180407
fiji,2006,0.328237389541928
fiji,2007,0.311230923093651
fiji,2008,0.230906990884121
fiji,2009,0.202458934738589
fiji,2010,0.297980393659892
fiji,2011,0.272549625067495
fiji,2012,0.264439689117185
fiji,2013,0.301887481672292
fiji,2014,0.341580546008085
fiji,2015,0.360246975455581
fiji,2016,0.343809253062609
fiji,2017,0.371685409506063
fiji,2018,0.384854650687001
fiji,2019,0.384292474541011
fiji,2020,0.284102728525448
fiji,2021,0.296325213867071
fiji,2022,0.293101885178733
finland,1860,0.01
finland,1861,0.02
finland,1862,0.02
finland,1863,0.021
finland,1864,0.013
finland,1865,0.017
finland,1866,0.019
finland,1867,0.017
finland,1868,0.024
finland,1869,0.019
finland,1870,0.025
finland,1871,0.031
finland,1872,0.025
finland,1873,0.024
finland,1874,0.034
finland,1875,0.023
finland,1876,0.026
finland,1877,0.031
finland,1878,0.035
finland,1879,0.021
finland,1880,0.027
finland,1881,0.027
finland,1882,0.033
finland,1883,0.032
finland,1884,0.039
finland,1885,0.06
finland,1886,0.035
finland,1887,0.035
finland,1888,0.033
finland,1889,0.044
finland,1890,0.057
finland,1891,0.06
finland,1892,0.053
finland,1893,0.053
finland,1894,0.06
finland,1895,0.064
finland,1896,0.081
finland,1897,0.141
finland,1898,0.133
finland,1899,0.201
finland,1900,0.164
finland,1901,0.115
finland,1902,0.109
finland,1903,0.14
finland,1904,0.144
finland,1905,0.16
finland,1906,0.168
finland,1907,0.242
finland,1908,0.384
finland,1909,0.35
finland,1910,0.29
finland,1911,0.359
finland,1912,0.405
finland,1913,0.454
finland,1914,0.188
finland,1915,0.029
finland,1916,0.049
finland,1917,0.033
finland,1918,0.02
finland,1919,0.065
finland,1920,0.075
finland,1921,0.077
finland,1922,0.194
finland,1923,0.403
finland,1924,0.476
finland,1925,0.467
finland,1926,0.436
finland,1927,0.778
finland,1928,0.853691811023622
finland,1929,0.914691811023622
finland,1930,0.722773227041371
finland,1931,0.82182157480315
finland,1932,0.824829891231816
finland,1933,0.879821371816577
finland,1934,1.07874858267717
finland,1935,0.959700233516596
finland,1936,1.35463503937008
finland,1937,1.85054607200558
finland,1938,1.55447283464567
finland,1939,1.32937598099824
finland,1940,0.631667480314961
finland,1941,0.88565937007874
finland,1942,0.766805354330709
finland,1943,1.07674023124433
finland,1944,0.743805354330709
finland,1945,0.174693562097351
finland,1946,0.895635039370079
finland,1947,1.48753771653543
finland,1948,2.30838362204724
finland,1949,1.34627818897638
finland,1950,1.78618040750015
finland,1951,2.17708312233479
finland,1952,2.36214067861758
finland,1953,2.06496950121065
finland,1954,2.49785691411024
finland,1955,2.98184834645669
finland,1956,3.32093755905512
finland,1957,3.34095377952756
finland,1958,2.89497811023622
finland,1959,3.69971047244094
finland,1960,4.1176131496063
finland,1961,4.07251546237852
finland,1962,4.58249993353884
finland,1963,5.27742661417323
finland,1964,6.23026440944882
finland,1965,6.90504543307087
finland,1966,8.04826440944882
finland,1967,7.80232929133858
finland,1968,9.08337002193389
finland,1969,10.3430211023622
finland,1970,11.0139317020098
finland,1971,11.0635262541303
finland,1972,12.0376864727009
finland,1973,13.4607426237712
finland,1974,12.7206252324238
finland,1975,12.5615926259023
finland,1976,13.9733801980716
finland,1977,13.6836753921822
finland,1978,14.1443819342853
finland,1979,14.8026798016229
finland,1980,15.8677094715189
finland,1981,14.0292796133525
finland,1982,11.7293872868689
finland,1983,11.3164222047999
finland,1984,11.5030406075492
finland,1985,13.523219429223
finland,1986,14.5235714248755
finland,1987,15.7023472041746
finland,1988,14.2079916841913
finland,1989,14.3143913516131
finland,1990,15.5335698689956
finland,1991,15.0622270742358
finland,1992,14.8103165938865
finland,1993,15.3695414847162
finland,1994,16.8482532751092
finland,1995,15.8613537117904
finland,1996,17.4762554585153
finland,1997,17.1113537117904
finland,1998,16.1986899563319
finland,1999,16.0660480349345
finland,2000,15.5594978165939
finland,2001,17.0616812227074
finland,2002,17.751364628821
finland,2003,19.8291484716157
finland,2004,18.8152292576419
finland,2005,15.569596069869
finland,2006,18.6602074235808
finland,2007,18.2205240174672
finland,2008,15.9991812227074
finland,2009,15.2581877729258
finland,2010,17.4893558951965
finland,2011,15.4579694323144
finland,2012,13.9590611353712
finland,2013,14.1143558951965
finland,2014,12.9964519650655
finland,2015,12.0594978165939
finland,2016,12.8951965065502
finland,2017,12.1872270742358
finland,2018,12.4808951965066
finland,2019,11.5867903930131
finland,2020,10.2988537117904
finland,2021,10.3567139737991
finland,2022,9.86981441048035
france_including_monaco,1850,5.354
france_including_monaco,1851,5.469
france_including_monaco,1852,5.887
france_including_monaco,1853,6.916
france_including_monaco,1854,7.973
france_including_monaco,1855,9.026
france_including_monaco,1856,9.452
france_including_monaco,1857,9.629
france_including_monaco,1858,9.442
france_including_monaco,1859,9.55
france_including_monaco,1860,10.407
france_including_monaco,1861,11.256
france_including_monaco,1862,11.879
france_including_monaco,1863,12.06
france_including_monaco,1864,12.781
france_including_monaco,1865,13.456
france_including_monaco,1866,14.618
france_including_monaco,1867,14.814
france_including_monaco,1868,15.156
france_including_monaco,1869,15.541
france_including_monaco,1870,13.793
france_including_monaco,1871,13.718
france_including_monaco,1872,16.628
france_including_monaco,1873,17.972
france_including_monaco,1874,17.097
france_including_monaco,1875,17.811
france_including_monaco,1876,17.838
france_including_monaco,1877,17.447
france_including_monaco,1878,17.801
france_including_monaco,1879,18.422
france_including_monaco,1880,20.783
france_including_monaco,1881,21.284
france_including_monaco,1882,22.464
france_including_monaco,1883,23.559
france_including_monaco,1884,22.629
france_including_monaco,1885,21.756
france_including_monaco,1886,21.581
france_including_monaco,1887,22.732
france_including_monaco,1888,23.65
france_including_monaco,1889,24.235
france_including_monaco,1890,26.697
france_including_monaco,1891,26.742
france_including_monaco,1892,26.78
france_including_monaco,1893,26.291
france_including_monaco,1894,27.811
france_including_monaco,1895,28.05
france_including_monaco,1896,29.007
france_including_monaco,1897,30.366
france_including_monaco,1898,31.399
france_including_monaco,1899,32.833
france_including_monaco,1900,35.283
france_including_monaco,1901,34.117
france_including_monaco,1902,32.113
france_including_monaco,1903,35.301
france_including_monaco,1904,34.388
france_including_monaco,1905,34.778
france_including_monaco,1906,37.273
france_including_monaco,1907,39.737
france_including_monaco,1908,40.042
france_including_monaco,1909,40.965
france_including_monaco,1910,41.106
france_including_monaco,1911,42.824
france_including_monaco,1912,43.28
france_including_monaco,1913,46.701
france_including_monaco,1914,32.301
france_including_monaco,1915,28.175
france_including_monaco,1916,29.937
france_including_monaco,1917,33.189
france_including_monaco,1918,29.599
france_including_monaco,1919,31.698
france_including_monaco,1920,41.424
france_including_monaco,1921,37.639
france_including_monaco,1922,44.528
france_including_monaco,1923,50.27
france_including_monaco,1924,56.396
france_including_monaco,1925,58.359
france_including_monaco,1926,58.333
france_including_monaco,1927,58.144
france_including_monaco,1928,57.7563203937008
france_including_monaco,1929,63.9416172440945
france_including_monaco,1930,64.8564931496063
france_including_monaco,1931,59.359590472441
france_including_monaco,1932,52.3404527043988
france_including_monaco,1933,54.4178662204724
france_including_monaco,1934,54.9536229133858
france_including_monaco,1935,53.3221420596011
france_including_monaco,1936,54.0608825355971
france_including_monaco,1937,59.4173041732284
france_including_monaco,1938,55.076
france_including_monaco,1939,53.116
france_including_monaco,1940,37.592
france_including_monaco,1941,32.7312449606299
france_including_monaco,1942,33.432242519685
france_including_monaco,1943,34.1827720315605
france_including_monaco,1944,21.8303617322835
france_including_monaco,1945,29.2482644094488
france_including_monaco,1946,45.0996643037555
france_including_monaco,1947,50.115750151427
france_including_monaco,1948,53.6300634177694
france_including_monaco,1949,62.5138954330709
france_including_monaco,1950,55.2070518245544
france_including_monaco,1951,62.4260381889764
france_including_monaco,1952,61.9504623622047
france_including_monaco,1953,58.5557324409449
france_including_monaco,1954,61.7772539370079
france_including_monaco,1955,65.2242888188976
france_including_monaco,1956,73.2803804724409
france_including_monaco,1957,75.7360909448819
france_including_monaco,1958,72.6402069291339
france_including_monaco,1959,71.4765581102362
france_including_monaco,1960,80.817174791976
france_including_monaco,1961,86.1576619749152
france_including_monaco,1962,90.8533820569694
france_including_monaco,1963,92.2509898236708
france_including_monaco,1964,100.670238419623
france_including_monaco,1965,99.1997159697449
france_including_monaco,1966,103.811715132642
france_including_monaco,1967,110.437856045461
france_including_monaco,1968,114.144736918284
france_including_monaco,1969,121.008157870136
france_including_monaco,1970,125.661732265622
france_including_monaco,1971,134.660169198263
france_including_monaco,1972,140.273902633435
france_including_monaco,1973,147.012739206789
france_including_monaco,1974,142.101330099757
france_including_monaco,1975,131.595254672769
france_including_monaco,1976,142.862273496023
france_including_monaco,1977,138.359265314594
france_including_monaco,1978,144.310979140934
france_including_monaco,1979,145.227342297631
france_including_monaco,1980,139.47780628949
france_including_monaco,1981,125.355438849882
france_including_monaco,1982,120.186713486521
france_including_monaco,1983,115.515195228073
france_including_monaco,1984,112.434832144616
france_including_monaco,1985,110.572531513556
france_including_monaco,1986,106.51883124037
france_including_monaco,1987,105.814707723491
france_including_monaco,1988,105.225128582739
france_including_monaco,1989,109.066479417401
france_including_monaco,1990,107.37737448111
france_including_monaco,1991,114.021563120454
france_including_monaco,1992,111.276547786918
france_including_monaco,1993,106.00381643792
france_including_monaco,1994,104.142009358422
france_including_monaco,1995,105.474026318351
france_including_monaco,1996,109.959927124692
france_including_monaco,1997,107.945386232427
france_including_monaco,1998,112.981586307379
france_including_monaco,1999,112.546297158398
france_including_monaco,2000,110.94637110212
france_including_monaco,2001,112.176987108131
france_including_monaco,2002,110.925497109624
france_including_monaco,2003,112.570060376058
france_including_monaco,2004,112.899398373953
france_including_monaco,2005,113.578365667504
france_including_monaco,2006,110.892408480856
france_including_monaco,2007,108.132689423975
france_including_monaco,2008,106.284750102751
france_including_monaco,2009,101.246084012324
france_including_monaco,2010,102.773993690329
france_including_monaco,2011,96.6400353528868
france_including_monaco,2012,97.2829003651319
france_including_monaco,2013,97.8404596997941
france_including_monaco,2014,89.2493106277084
france_including_monaco,2015,90.4515325107419
france_including_monaco,2016,91.1585870551146
france_including_monaco,2017,91.947573231725
france_including_monaco,2018,87.9035337293814
france_including_monaco,2019,86.0943606499244
france_including_monaco,2020,76.8392513625909
france_including_monaco,2021,83.7270066042094
france_including_monaco,2022,81.2046685079847
french_polynesia,1955,0.012
french_polynesia,1956,0.012
french_polynesia,1957,0.014
french_polynesia,1958,0.014
french_polynesia,1959,0.008
french_polynesia,1960,0.01
french_polynesia,1961,0.016
french_polynesia,1962,0.013
french_polynesia,1963,0.018
french_polynesia,1964,0.018
french_polynesia,1965,0.023
french_polynesia,1966,0.033
french_polynesia,1967,0.038
french_polynesia,1968,0.042
french_polynesia,1969,0.044
french_polynesia,1970,0.053
french_polynesia,1971,0.062
french_polynesia,1972,0.059
french_polynesia,1973,0.057
french_polynesia,1974,0.059
french_polynesia,1975,0.058
french_polynesia,1976,0.072
french_polynesia,1977,0.075
french_polynesia,1978,0.085
french_polynesia,1979,0.077
french_polynesia,1980,0.08
french_polynesia,1981,0.09
french_polynesia,1982,0.092
french_polynesia,1983,0.115
french_polynesia,1984,0.126
french_polynesia,1985,0.161
french_polynesia,1986,0.166
french_polynesia,1987,0.167
french_polynesia,1988,0.157
french_polynesia,1989,0.148
french_polynesia,1990,0.128
french_polynesia,1991,0.128
french_polynesia,1992,0.122
french_polynesia,1993,0.128
french_polynesia,1994,0.131
french_polynesia,1995,0.129
french_polynesia,1996,0.128
french_polynesia,1997,0.134
french_polynesia,1998,0.133
french_polynesia,1999,0.147
french_polynesia,2000,0.167
french_polynesia,2001,0.198
french_polynesia,2002,0.198
french_polynesia,2003,0.213
french_polynesia,2004,0.21
french_polynesia,2005,0.226
french_polynesia,2006,0.224
french_polynesia,2007,0.222
french_polynesia,2008,0.228
french_polynesia,2009,0.229
french_polynesia,2010,0.252
french_polynesia,2011,0.242
french_polynesia,2012,0.239
french_polynesia,2013,0.24
french_polynesia,2014,0.232
french_polynesia,2015,0.231
french_polynesia,2016,0.237
french_polynesia,2017,0.235
french_polynesia,2018,0.239
french_polynesia,2019,0.239
french_polynesia,2020,0.231
french_polynesia,2021,0.241040937549162
french_polynesia,2022,0.238323459713373
gabon,1850,0
gabon,1851,0
gabon,1852,0
gabon,1853,0
gabon,1854,0
gabon,1855,0
gabon,1856,0
gabon,1857,0
gabon,1858,0
gabon,1859,0
gabon,1860,0
gabon,1861,0
gabon,1862,0
gabon,1863,0
gabon,1864,0
gabon,1865,0
gabon,1866,0
gabon,1867,0
gabon,1868,0
gabon,1869,0
gabon,1870,0
gabon,1871,0
gabon,1872,0
gabon,1873,0
gabon,1874,0
gabon,1875,0
gabon,1876,0
gabon,1877,0
gabon,1878,0
gabon,1879,0
gabon,1880,0
gabon,1881,0
gabon,1882,0
gabon,1883,0
gabon,1884,0
gabon,1885,0
gabon,1886,0
gabon,1887,0
gabon,1888,0
gabon,1889,0
gabon,1890,0
gabon,1891,0
gabon,1892,0
gabon,1893,0
gabon,1894,0
gabon,1895,0
gabon,1896,0
gabon,1897,0
gabon,1898,0
gabon,1899,0
gabon,1900,0
gabon,1901,0
gabon,1902,0
gabon,1903,0
gabon,1904,0
gabon,1905,0
gabon,1906,0
gabon,1907,0
gabon,1908,0
gabon,1909,0
gabon,1910,0
gabon,1911,0
gabon,1912,0
gabon,1913,0
gabon,1914,0
gabon,1915,0
gabon,1916,0
gabon,1917,0
gabon,1918,0
gabon,1919,0
gabon,1920,0
gabon,1921,0
gabon,1922,0
gabon,1923,0
gabon,1924,0
gabon,1925,0
gabon,1926,0
gabon,1927,0
gabon,1928,0
gabon,1929,0
gabon,1930,0
gabon,1931,0
gabon,1932,0
gabon,1933,0
gabon,1934,0
gabon,1935,0
gabon,1936,0
gabon,1937,0
gabon,1938,0
gabon,1939,0
gabon,1940,0
gabon,1941,0
gabon,1942,0
gabon,1943,0
gabon,1944,0
gabon,1945,0
gabon,1946,0
gabon,1947,0
gabon,1948,0
gabon,1949,0
gabon,1950,0.00285148514851485
gabon,1951,0.0038019801980198
gabon,1952,0.00493069306930693
gabon,1953,0.00415841584158416
gabon,1954,0.0043960396039604
gabon,1955,0.00433663366336634
gabon,1956,0.00564356435643564
gabon,1957,0.00605940594059406
gabon,1958,0.00695049504950495
gabon,1959,0.006
gabon,1960,0.036
gabon,1961,0.045
gabon,1962,0.024
gabon,1963,0.02
gabon,1964,0.052
gabon,1965,0.059
gabon,1966,0.104
gabon,1967,0.276
gabon,1968,0.535
gabon,1969,0.391
gabon,1970,0.568
gabon,1971,0.776
gabon,1972,0.747
gabon,1973,1.449
gabon,1974,1.487
gabon,1975,1.464
gabon,1976,1.55671026346595
gabon,1977,1.72120644615704
gabon,1978,2.06191650583943
gabon,1979,1.84136481159499
gabon,1980,1.80803793150299
gabon,1981,1.79149397129875
gabon,1982,1.78592166245324
gabon,1983,1.50343592803282
gabon,1984,1.63194911914139
gabon,1985,1.71903453640844
gabon,1986,1.3511902382132
gabon,1987,1.09429104405256
gabon,1988,1.17923192109248
gabon,1989,1.57136019689209
gabon,1990,1.22399705543742
gabon,1991,1.23408920740617
gabon,1992,1.34195761223977
gabon,1993,1.35772242728109
gabon,1994,1.23955531522142
gabon,1995,1.42478059859178
gabon,1996,1.60634187563627
gabon,1997,1.50844274391853
gabon,1998,1.76116663998157
gabon,1999,1.64138068066226
gabon,2000,1.67254024322815
gabon,2001,1.76856377570795
gabon,2002,1.70587080514586
gabon,2003,1.84117603791545
gabon,2004,1.74299635469863
gabon,2005,1.69843910545353
gabon,2006,1.51270073052869
gabon,2007,1.37490042716131
gabon,2008,1.46803734170644
gabon,2009,1.44772045718467
gabon,2010,1.59281353569655
gabon,2011,1.59058586400607
gabon,2012,1.53651684422428
gabon,2013,1.6175793424905
gabon,2014,1.73837387980142
gabon,2015,1.76734655464631
gabon,2016,1.7799399528656
gabon,2017,1.60459060391556
gabon,2018,1.49398672348175
gabon,2019,1.48090143137867
gabon,2020,1.61812194584853
gabon,2021,1.60490490128504
gabon,2022,1.55719269423257
gambia,1950,0.004
gambia,1951,0.004
gambia,1952,0.003
gambia,1953,0.003
gambia,1954,0.004
gambia,1955,0.004
gambia,1956,0.005
gambia,1957,0.006
gambia,1958,0.007
gambia,1959,0.005
gambia,1960,0.005
gambia,1961,0.006
gambia,1962,0.007
gambia,1963,0.008
gambia,1964,0.008
gambia,1965,0.008
gambia,1966,0.009
gambia,1967,0.009
gambia,1968,0.01
gambia,1969,0.013
gambia,1970,0.013
gambia,1971,0.015
gambia,1972,0.018
gambia,1973,0.017
gambia,1974,0.017
gambia,1975,0.027
gambia,1976,0.027
gambia,1977,0.031
gambia,1978,0.038
gambia,1979,0.04
gambia,1980,0.043
gambia,1981,0.043
gambia,1982,0.044
gambia,1983,0.044
gambia,1984,0.047
gambia,1985,0.047
gambia,1986,0.044
gambia,1987,0.049
gambia,1988,0.05
gambia,1989,0.049
gambia,1990,0.054
gambia,1991,0.054
gambia,1992,0.054
gambia,1993,0.057
gambia,1994,0.057
gambia,1995,0.059
gambia,1996,0.06
gambia,1997,0.061
gambia,1998,0.066
gambia,1999,0.075
gambia,2000,0.075
gambia,2001,0.082
gambia,2002,0.081
gambia,2003,0.081
gambia,2004,0.087
gambia,2005,0.088
gambia,2006,0.095
gambia,2007,0.095
gambia,2008,0.099
gambia,2009,0.102
gambia,2010,0.116
gambia,2011,0.121
gambia,2012,0.122
gambia,2013,0.116
gambia,2014,0.138
gambia,2015,0.159
gambia,2016,0.161
gambia,2017,0.162
gambia,2018,0.177
gambia,2019,0.194
gambia,2020,0.191
gambia,2021,0.206614174367662
gambia,2022,0.210281745176738
georgia,1850,0.000127274817482383
georgia,1851,0
georgia,1852,0
georgia,1853,0
georgia,1854,0
georgia,1855,0.000385930091720774
georgia,1856,0
georgia,1857,0
georgia,1858,0.000541944384118533
georgia,1859,0.000574789498307535
georgia,1860,0.000759543265620672
georgia,1861,0.000964825229301935
georgia,1862,0.000870395526008553
georgia,1863,0.000911451918744806
georgia,1864,0.00102230417913269
georgia,1865,0.00097714214712281
georgia,1866,0.00308744073376619
georgia,1867,0.00354316669313859
georgia,1868,0.00294784899846293
georgia,1869,0.003998892652511
georgia,1870,0.00433966071222189
georgia,1871,0.00585874724346324
georgia,1872,0.006014761535861
georgia,1873,0.00564525400123472
georgia,1874,0.00685231194768055
georgia,1875,0.00788693304463411
georgia,1876,0.00979194966759623
georgia,1877,0.00999312599200387
georgia,1878,0.0130600385294019
georgia,1879,0.0134008065891128
georgia,1880,0.0157204927787111
georgia,1881,0.0165580431905306
georgia,1882,0.0174407556343601
georgia,1883,0.0198507658879781
georgia,1884,0.0201545831942264
georgia,1885,0.0219528531960742
georgia,1886,0.0225153257765609
georgia,1887,0.0238250247048473
georgia,1888,0.0248514345232537
georgia,1889,0.0268385639316883
georgia,1890,0.0303940475426477
georgia,1891,0.0334650657193194
georgia,1892,0.0354234556528387
georgia,1893,0.0415203299741722
georgia,1894,0.0422880845183401
georgia,1895,0.0485902408033549
georgia,1896,0.0494647419686371
georgia,1897,0.0571915550815998
georgia,1898,0.0641424023718473
georgia,1899,0.0744106061951841
georgia,1900,0.0842928799268001
georgia,1901,0.0865386646094731
georgia,1902,0.0835826043324629
georgia,1903,0.0817597004949733
georgia,1904,0.0909645437464411
georgia,1905,0.0811972279144866
georgia,1906,0.0926150107344384
georgia,1907,0.103737187526689
georgia,1908,0.104373561614101
georgia,1909,0.110178935547007
georgia,1910,0.108052214403269
georgia,1911,0.112026473220139
georgia,1912,0.126901204308483
georgia,1913,0.137855049890515
georgia,1914,0.12441729254794
georgia,1915,0.114198356395886
georgia,1916,0.121715781905894
georgia,1917,0.112018261941591
georgia,1918,0.0446734609363164
georgia,1919,0.0381578114090731
georgia,1920,0.034795292843974
georgia,1921,0.0377349305638897
georgia,1922,0.0460201106180655
georgia,1923,0.0508360254860279
georgia,1924,0.0605663905645197
georgia,1925,0.0597781078239837
georgia,1926,0.0866125661163983
georgia,1927,0.107682706868643
georgia,1928,0.118292164253697
georgia,1929,0.127399184828944
georgia,1930,0.173881382017498
georgia,1931,0.209082951113883
georgia,1932,0.235289628477342
georgia,1933,0.263360582288615
georgia,1934,0.31827298414117
georgia,1935,0.359759951077523
georgia,1936,0.411870342171833
georgia,1937,0.421604621900658
georgia,1938,0.445031913371672
georgia,1939,0.450511544897692
georgia,1940,0.540224853944387
georgia,1941,0.47444953491159
georgia,1942,0.260211311523095
georgia,1943,0.271571615393216
georgia,1944,0.393829341683229
georgia,1945,0.415291105800543
georgia,1946,0.465527929847184
georgia,1947,0.559986097566828
georgia,1948,0.594814237848915
georgia,1949,0.675834381133908
georgia,1950,0.752191137523426
georgia,1951,0.814387024638037
georgia,1952,0.871877614300923
georgia,1953,0.922097993335658
georgia,1954,1.00617566340948
georgia,1955,1.14077509967582
georgia,1956,1.25199051626641
georgia,1957,1.37066351249376
georgia,1958,1.46400375175558
georgia,1959,1.53932476077602
georgia,1960,1.60310375482156
georgia,1961,1.65515182142078
georgia,1962,1.73953639519262
georgia,1963,1.86794850229271
georgia,1964,1.98875839033853
georgia,1965,2.11073638671722
georgia,1966,2.2298495350894
georgia,1967,2.33373204523005
georgia,1968,2.40151546579111
georgia,1969,2.50265695474903
georgia,1970,2.63088919081432
georgia,1971,2.79504476924772
georgia,1972,2.94277271645184
georgia,1973,3.06951888528264
georgia,1974,3.18911523458423
georgia,1975,3.35441376930824
georgia,1976,3.48311559900968
georgia,1977,3.60127179953977
georgia,1978,3.72541762996465
georgia,1979,3.75569625826503
georgia,1980,3.90170390711557
georgia,1981,3.8304155380689
georgia,1982,3.90250838511381
georgia,1983,3.95849185883814
georgia,1984,3.99412209533962
georgia,1985,4.30512742738155
georgia,1986,4.25085205260238
georgia,1987,4.29263485685435
georgia,1988,4.45387221918873
georgia,1989,4.42034680427801
georgia,1990,4.35272534955738
georgia,1991,4.33192073145989
georgia,1992,4.16946383564126
georgia,1993,2.70624994569665
georgia,1994,1.65607108222853
georgia,1995,0.625077987980828
georgia,1996,1.10638962378799
georgia,1997,1.2080412887279
georgia,1998,1.34802723811305
georgia,1999,1.17657771599156
georgia,2000,1.22827194103836
georgia,2001,1.01664415548351
georgia,2002,0.9138348715768
georgia,2003,1.0184324868936
georgia,2004,1.16589568572125
georgia,2005,1.36842912014813
georgia,2006,1.66294982722984
georgia,2007,1.73626838201478
georgia,2008,1.44891011117381
georgia,2009,1.67457033886237
georgia,2010,1.69433479619431
georgia,2011,2.13005609912575
georgia,2012,2.25285898325048
georgia,2013,2.18683021378419
georgia,2014,2.43959831551207
georgia,2015,2.66271460893487
georgia,2016,2.7477292099509
georgia,2017,2.77634448768424
georgia,2018,2.74632479596817
georgia,2019,2.97123108429614
georgia,2020,2.88606591383319
georgia,2021,3.01749810063524
georgia,2022,3.02754072469432
germany,1850,4.132
germany,1851,4.604
germany,1852,5.233
germany,1853,5.666
germany,1854,6.65
germany,1855,7.81
germany,1856,8.44
germany,1857,8.99
germany,1858,9.719
germany,1859,9.227
germany,1860,9.933
germany,1861,11.28
germany,1862,12.429
germany,1863,13.478
germany,1864,15.459
germany,1865,17.322
germany,1866,17.169
germany,1867,18.874
germany,1868,20.297
germany,1869,21.177
germany,1870,20.917
germany,1871,23.294
germany,1872,25.139
germany,1873,26.847
germany,1874,19.54
germany,1875,27.707
germany,1876,28.231
germany,1877,27.648
germany,1878,28.533
germany,1879,30.253
germany,1880,33.98
germany,1881,36.644
germany,1882,39.21
germany,1883,41.783
germany,1884,42.993
germany,1885,43.991
germany,1886,44.496
germany,1887,46.504
germany,1888,50.859
germany,1889,54.271
germany,1890,56.832
germany,1891,60.273
germany,1892,58.676
germany,1893,60.238
germany,1894,62.636
germany,1895,65.034
germany,1896,69.94
germany,1897,74.66
germany,1898,77.887
germany,1899,82.774
germany,1900,89.181
germany,1901,88.853
germany,1902,87.115
germany,1903,93.777
germany,1904,97.195
germany,1905,104.346
germany,1906,98.782
germany,1907,120.683
germany,1908,121.9
germany,1909,121.608
germany,1910,121.552
germany,1911,125.16
germany,1912,136.223
germany,1913,146.038
germany,1914,135.897
germany,1915,126.339
germany,1916,136.653
germany,1917,143.171
germany,1918,137.397
germany,1919,105.739
germany,1920,117.142
germany,1921,129.143
germany,1922,124.307
germany,1923,90.592
germany,1924,123.306
germany,1925,125.018
germany,1926,112.783
germany,1927,131.327999702948
germany,1928,137.830492362205
germany,1929,147.171051968504
germany,1930,126.116747007874
germany,1931,105.339765499201
germany,1932,94.8378126771653
germany,1933,99.6126610236221
germany,1934,111.522862992126
germany,1935,123.453283937008
germany,1936,136.363104818966
germany,1937,153.797099055118
germany,1938,164.10279007874
germany,1939,177.026606771654
germany,1940,178.582150878535
germany,1941,180.347485836127
germany,1942,182.286962755906
germany,1943,185.433991914536
germany,1944,163.83
germany,1945,31.677
germany,1946,74.1491370866142
germany,1947,86.6976099212599
germany,1948,103.115822440945
germany,1949,117.94433503937
germany,1950,139.378228818898
germany,1951,157.441468700361
germany,1952,166.752341674692
germany,1953,170.167024370814
germany,1954,180.057840393701
germany,1955,197.461358541705
germany,1956,209.1132149996
germany,1957,212.311044920676
germany,1958,206.435363419136
germany,1959,206.275813554469
germany,1960,222.147983079743
germany,1961,227.849242125416
germany,1962,241.039465982465
germany,1963,258.05076023622
germany,1964,264.442545190032
germany,1965,262.036637007874
germany,1966,259.667574392022
germany,1967,255.521129291339
germany,1968,268.774785264874
germany,1969,287.118130944882
germany,1970,280.027921732283
germany,1971,283.088641264718
germany,1972,284.24698925038
germany,1973,296.325977104503
germany,1974,290.045558579563
germany,1975,273.593609783215
germany,1976,297.718471279949
germany,1977,287.284000406656
germany,1978,294.523090313043
germany,1979,305.100534137009
germany,1980,300.236352281935
germany,1981,286.169038570207
germany,1982,277.219949183932
germany,1983,276.093041669992
germany,1984,281.999066421733
germany,1985,284.966690668469
germany,1986,285.882069795364
germany,1987,281.780251701402
germany,1988,280.847196922329
germany,1989,275.325420753111
germany,1990,287.865896187471
germany,1991,277.530101375047
germany,1992,264.594482288574
germany,1993,261.836025617497
germany,1994,257.4194422773
germany,1995,256.522146615921
germany,1996,261.914123335552
germany,1997,254.226786449714
germany,1998,252.037934647161
germany,1999,244.37831002032
germany,2000,245.343350440663
germany,2001,249.793163723629
germany,2002,245.315095146185
germany,2003,245.594534694789
germany,2004,241.711934434618
germany,2005,236.209254118932
germany,2006,239.491720669657
germany,2007,232.049619097835
germany,2008,232.766883894885
germany,2009,215.143509774073
germany,2010,226.836676950722
germany,2011,220.418649514392
germany,2012,221.838299651401
germany,2013,227.566694081114
germany,2014,216.904624902251
germany,2015,217.817877281769
germany,2016,218.816743299733
germany,2017,214.515789018959
germany,2018,206.007406685514
germany,2019,193.092621449198
germany,2020,176.651837579235
germany,2021,185.261700924579
germany,2022,181.660672695084
ghana,1950,0.174
ghana,1951,0.239
ghana,1952,0.237
ghana,1953,0.278
ghana,1954,0.274
ghana,1955,0.324
ghana,1956,0.294
ghana,1957,0.353
ghana,1958,0.372
ghana,1959,0.361
ghana,1960,0.399
ghana,1961,0.367
ghana,1962,0.391
ghana,1963,0.47
ghana,1964,0.45
ghana,1965,0.465
ghana,1966,0.393
ghana,1967,0.408
ghana,1968,0.480748582677165
ghana,1969,0.460554902512186
ghana,1970,0.715513385826772
ghana,1971,0.62184525984252
ghana,1972,0.654991244094488
ghana,1973,0.665743271653543
ghana,1974,0.786339338582677
ghana,1975,0.725696476377953
ghana,1976,0.636794732283465
ghana,1977,0.789476404409641
ghana,1978,0.782435071586385
ghana,1979,0.708184956692913
ghana,1980,0.6778088681526
ghana,1981,0.801066900683047
ghana,1982,0.805870236220472
ghana,1983,0.97151373231904
ghana,1984,0.68219359980287
ghana,1985,0.870150649606299
ghana,1986,0.806951338582677
ghana,1987,0.864504988188977
ghana,1988,0.882447283464567
ghana,1989,0.838818775590551
ghana,1990,0.959
ghana,1991,1.06491803278689
ghana,1992,0.885
ghana,1993,1.042
ghana,1994,1.239
ghana,1995,1.262
ghana,1996,1.326
ghana,1997,1.505
ghana,1998,1.524
ghana,1999,1.532
ghana,2000,1.45
ghana,2001,1.629
ghana,2002,1.76944623908297
ghana,2003,1.8243921441048
ghana,2004,1.76054244650655
ghana,2005,1.66841478165939
ghana,2006,2.32619657532751
ghana,2007,2.45138499017467
ghana,2008,2.27192210917031
ghana,2009,1.87445978896988
ghana,2010,2.44064214628821
ghana,2011,2.82083749391635
ghana,2012,3.45094161597497
ghana,2013,3.4405904867345
ghana,2014,3.61693941296647
ghana,2015,3.97601499586428
ghana,2016,3.79839336627558
ghana,2017,3.39457126186203
ghana,2018,4.1466611657258
ghana,2019,4.48100476849108
ghana,2020,5.23150717245794
ghana,2021,5.72218568821477
ghana,2022,5.67875068747429
greece,1867,0.046
greece,1868,0.023
greece,1869,0.053
greece,1870,0.055
greece,1871,0.081
greece,1872,0.048
greece,1873,0.053
greece,1874,0.041
greece,1875,0.045
greece,1879,0.001
greece,1883,0.001
greece,1888,0.001
greece,1892,0.101
greece,1893,0.089
greece,1894,0.091
greece,1895,0.085
greece,1896,0.102
greece,1897,0.099
greece,1898,0.126
greece,1899,0.066
greece,1900,0.114
greece,1901,0.114
greece,1902,0.091
greece,1903,0.109
greece,1904,0.097
greece,1905,0.076
greece,1906,0.071
greece,1907,0.117
greece,1908,0.199
greece,1909,0.153
greece,1910,0.196
greece,1911,0.247
greece,1913,0.365
greece,1914,0.003
greece,1915,0.006
greece,1916,0.018
greece,1917,0.025
greece,1918,0.034
greece,1919,0.029
greece,1920,0.185
greece,1921,0.203
greece,1922,0.185
greece,1923,0.251
greece,1924,0.354
greece,1925,0.54
greece,1926,0.497
greece,1927,0.632
greece,1928,0.647837795275591
greece,1929,0.73782968503937
greece,1930,0.778805104143473
greece,1931,0.744781023622047
greece,1932,0.731781023622047
greece,1933,0.627780674377425
greece,1934,0.772724251968504
greece,1935,0.79469954332692
greece,1936,0.918691811023622
greece,1937,0.978683700787402
greece,1938,0.775659808469887
greece,1939,0.0686188188976378
greece,1940,0.0647891338582677
greece,1941,0.0369270078740158
greece,1942,0.0619670272363496
greece,1943,0.058
greece,1944,0.03
greece,1945,0.0179432283464567
greece,1946,0.0338864566929134
greece,1947,0.0457972440944882
greece,1948,0.368692643966801
greece,1949,0.447635039370079
greece,1950,1.12656204724409
greece,1951,1.24852187886614
greece,1952,1.30934357195625
greece,1953,1.33318025163771
greece,1954,1.38705921259843
greece,1955,1.62475102362205
greece,1956,1.71563668630582
greece,1957,1.85964559055118
greece,1958,2.03252393700787
greece,1959,2.21641039370079
greece,1960,2.56319071194738
greece,1961,2.67697244094488
greece,1962,2.76987588438571
greece,1963,3.34046960629921
greece,1964,3.60305598425197
greece,1965,4.63945582677165
greece,1966,5.08204220472441
greece,1967,5.3231962992126
greece,1968,6.08249881889764
greece,1969,6.94166346456693
greece,1970,6.58465535433071
greece,1971,7.5735563909466
greece,1972,8.5909690577174
greece,1973,10.1340648811727
greece,1974,9.8421854517357
greece,1975,10.5539749340856
greece,1976,11.641797416765
greece,1977,12.7339408127348
greece,1978,13.0125857639413
greece,1979,13.8697338533684
greece,1980,13.8888360080911
greece,1981,13.6805193456956
greece,1982,14.0580707273246
greece,1983,14.9534311665195
greece,1984,15.361607603544
greece,1985,16.3132987363546
greece,1986,15.9045914675777
greece,1987,17.0786930315921
greece,1988,18.3001838426769
greece,1989,19.9865727696321
greece,1990,22.772390765747
greece,1991,22.7640552347387
greece,1992,23.1920452271317
greece,1993,23.0035366619789
greece,1994,23.5890443301989
greece,1995,23.7344989619111
greece,1996,24.3217671355245
greece,1997,25.6008618355128
greece,1998,26.9164281379348
greece,1999,26.7289341515231
greece,2000,28.1040301681261
greece,2001,28.755966766263
greece,2002,28.6573445360267
greece,2003,29.7671200681231
greece,2004,29.881352969856
greece,2005,31.0832328865705
greece,2006,30.6821901491991
greece,2007,31.2624705258263
greece,2008,30.3166960142276
greece,2009,28.4715728537482
greece,2010,26.5704557953428
greece,2011,25.7929126902604
greece,2012,24.943392229126
greece,2013,22.3016538946484
greece,2014,21.4619144795285
greece,2015,20.4496810700861
greece,2016,19.476255802346
greece,2017,20.4267040154864
greece,2018,19.5908575189654
greece,2019,17.9474564272477
greece,2020,15.1800682092871
greece,2021,15.7086049681907
greece,2022,16.2835058065556
greenland,1950,0.027
greenland,1951,0.027
greenland,1952,0.029
greenland,1953,0.033
greenland,1954,0.028
greenland,1955,0.057
greenland,1956,0.039
greenland,1957,0.044
greenland,1958,0.062
greenland,1959,0.064
greenland,1960,0.061
greenland,1961,0.08
greenland,1962,0.072
greenland,1963,0.09
greenland,1964,0.086
greenland,1965,0.094
greenland,1966,0.106
greenland,1967,0.114
greenland,1968,0.148
greenland,1969,0.111
greenland,1970,0.104
greenland,1971,0.128
greenland,1972,0.151
greenland,1973,0.152
greenland,1974,0.152
greenland,1975,0.138
greenland,1976,0.06
greenland,1977,0.197
greenland,1978,0.107
greenland,1979,0.156
greenland,1980,0.154
greenland,1981,0.144
greenland,1982,0.141
greenland,1983,0.099
greenland,1984,0.155
greenland,1985,0.139
greenland,1986,0.089
greenland,1987,0.064
greenland,1988,0.149
greenland,1989,0.129
greenland,1990,0.170500545851528
greenland,1991,0.166457423580786
greenland,1992,0.162611080786026
greenland,1993,0.149001637554585
greenland,1994,0.135345796943231
greenland,1995,0.14583269650655
greenland,1996,0.162909115720524
greenland,1997,0.168629366812227
greenland,1998,0.162990447598253
greenland,1999,0.162360534934498
greenland,2000,0.182250272925764
greenland,2001,0.168769596069869
greenland,2002,0.158335507641921
greenland,2003,0.177211408296943
greenland,2004,0.174536517467249
greenland,2005,0.175655049126638
greenland,2006,0.180907478165939
greenland,2007,0.178435453056769
greenland,2008,0.184880731441048
greenland,2009,0.161708515283843
greenland,2010,0.185425736899563
greenland,2011,0.198164847161572
greenland,2012,0.158231331877729
greenland,2013,0.1536471069869
greenland,2014,0.142634170305677
greenland,2015,0.143480349344978
greenland,2016,0.1437216430131
greenland,2017,0.148422816593886
greenland,2018,0.148648717248908
greenland,2019,0.151586872270742
greenland,2020,0.146603029475983
greenland,2021,0.154671233624454
greenland,2022,0.161494964519651
grenada,1950,0.002
grenada,1951,0.003
grenada,1952,0.003
grenada,1953,0.003
grenada,1954,0.003
grenada,1955,0.003
grenada,1956,0.003
grenada,1957,0.003
grenada,1958,0.004
grenada,1959,0.004
grenada,1960,0.006
grenada,1961,0.005
grenada,1962,0.007
grenada,1963,0.004
grenada,1964,0.006
grenada,1965,0.006
grenada,1966,0.008
grenada,1967,0.01
grenada,1968,0.011
grenada,1969,0.013
grenada,1970,0.012
grenada,1971,0.013
grenada,1972,0.013
grenada,1973,0.015
grenada,1974,0.01
grenada,1975,0.013
grenada,1976,0.013
grenada,1977,0.013
grenada,1978,0.014
grenada,1979,0.013
grenada,1980,0.013
grenada,1981,0.016
grenada,1982,0.017
grenada,1983,0.017
grenada,1984,0.017
grenada,1985,0.017
grenada,1986,0.018
grenada,1987,0.02
grenada,1988,0.026
grenada,1989,0.028
grenada,1990,0.029
grenada,1991,0.03
grenada,1992,0.032
grenada,1993,0.033
grenada,1994,0.039
grenada,1995,0.041
grenada,1996,0.042
grenada,1997,0.046
grenada,1998,0.048
grenada,1999,0.053
grenada,2000,0.052
grenada,2001,0.053
grenada,2002,0.056
grenada,2003,0.059
grenada,2004,0.056
grenada,2005,0.059
grenada,2006,0.063
grenada,2007,0.065
grenada,2008,0.069
grenada,2009,0.069
grenada,2010,0.071
grenada,2011,0.069
grenada,2012,0.074
grenada,2013,0.083
grenada,2014,0.064
grenada,2015,0.071
grenada,2016,0.073
grenada,2017,0.076
grenada,2018,0.084
grenada,2019,0.09
grenada,2020,0.079
grenada,2021,0.0900223069264678
grenada,2022,0.0929083621227731
guatemala,1941,0.00297566929133858
guatemala,1942,0.00297566929133858
guatemala,1943,0.00297566929133858
guatemala,1944,0.00297566929133858
guatemala,1945,0.00396755905511811
guatemala,1946,0.00396755905511811
guatemala,1947,0.00396755905511811
guatemala,1948,0.00396755905511811
guatemala,1949,0.00495944881889764
guatemala,1950,0.168951338582677
guatemala,1951,0.173935118110236
guatemala,1952,0.175935118110236
guatemala,1953,0.185935118110236
guatemala,1954,0.202935118110236
guatemala,1955,0.249910787401575
guatemala,1956,0.266910787401575
guatemala,1957,0.268894566929134
guatemala,1958,0.307870236220472
guatemala,1959,0.337870236220472
guatemala,1960,0.366878346456693
guatemala,1961,0.383862125984252
guatemala,1962,0.376870236220472
guatemala,1963,0.41482968503937
guatemala,1964,0.482797244094488
guatemala,1965,0.538740472440945
guatemala,1966,0.474781023622047
guatemala,1967,0.540756692913386
guatemala,1968,0.583805354330709
guatemala,1969,0.621756692913386
guatemala,1970,0.626756692913386
guatemala,1971,0.665748582677165
guatemala,1972,0.738708031496063
guatemala,1973,0.80065937007874
guatemala,1974,0.83665937007874
guatemala,1975,0.960570157480315
guatemala,1976,0.901993893311397
guatemala,1977,1.0383332498223
guatemala,1978,1.12367178709371
guatemala,1979,1.27675180696667
guatemala,1980,1.22614793513112
guatemala,1981,1.07791129072285
guatemala,1982,0.984386587323164
guatemala,1983,0.862419500517044
guatemala,1984,0.928237075400907
guatemala,1985,0.954380075434896
guatemala,1986,1.00016249059327
guatemala,1987,1.06943219480863
guatemala,1988,1.11224816037525
guatemala,1989,1.14305537179649
guatemala,1990,1.35705370907459
guatemala,1991,1.35129207612823
guatemala,1992,1.61550453794532
guatemala,1993,1.52231941675814
guatemala,1994,1.8425692856517
guatemala,1995,1.9319186934644
guatemala,1996,1.79342897354768
guatemala,1997,2.04745066704553
guatemala,1998,2.35791402811592
guatemala,1999,2.40333659284038
guatemala,2000,2.66505515722231
guatemala,2001,2.79292021992868
guatemala,2002,2.92621766191097
guatemala,2003,2.85151510389325
guatemala,2004,3.05139380046309
guatemala,2005,3.30493198542938
guatemala,2006,3.32329541059567
guatemala,2007,3.31465852573033
guatemala,2008,2.97302553517008
guatemala,2009,3.12282947768097
guatemala,2010,3.02884334025851
guatemala,2011,3.06695199142361
guatemala,2012,3.15956444293053
guatemala,2013,3.49663815719833
guatemala,2014,3.77377118563663
guatemala,2015,4.35368087698278
guatemala,2016,4.61967639166704
guatemala,2017,4.72721987511947
guatemala,2018,5.04934358227626
guatemala,2019,5.32251769888866
guatemala,2020,4.73168603032959
guatemala,2021,5.37200055098065
guatemala,2022,5.23833067458083
guinea,1850,0
guinea,1851,0
guinea,1852,0
guinea,1853,0
guinea,1854,0
guinea,1855,0
guinea,1856,0
guinea,1857,0
guinea,1858,0
guinea,1859,0
guinea,1860,0
guinea,1861,0
guinea,1862,0
guinea,1863,0
guinea,1864,0
guinea,1865,0
guinea,1866,0
guinea,1867,0
guinea,1868,0
guinea,1869,0
guinea,1870,0
guinea,1871,0
guinea,1872,0
guinea,1873,0
guinea,1874,0
guinea,1875,0
guinea,1876,0
guinea,1877,0
guinea,1878,0
guinea,1879,0
guinea,1880,0
guinea,1881,0
guinea,1882,0
guinea,1883,0
guinea,1884,0
guinea,1885,0
guinea,1886,0
guinea,1887,0
guinea,1888,0
guinea,1889,0
guinea,1890,0
guinea,1891,0
guinea,1892,0
guinea,1893,0
guinea,1894,0
guinea,1895,0
guinea,1896,0
guinea,1897,0
guinea,1898,0
guinea,1899,0
guinea,1900,0
guinea,1901,0
guinea,1902,0
guinea,1903,0
guinea,1904,0
guinea,1905,0
guinea,1906,0
guinea,1907,0
guinea,1908,0
guinea,1909,0
guinea,1910,0
guinea,1911,0
guinea,1912,0
guinea,1913,0
guinea,1914,0
guinea,1915,0
guinea,1916,0
guinea,1917,0
guinea,1918,0
guinea,1919,0
guinea,1920,0
guinea,1921,0
guinea,1922,0
guinea,1923,0
guinea,1924,0
guinea,1925,0
guinea,1926,0
guinea,1927,0
guinea,1928,0
guinea,1929,0
guinea,1930,0
guinea,1931,0
guinea,1932,0
guinea,1933,0
guinea,1934,0
guinea,1935,0
guinea,1936,0
guinea,1937,0
guinea,1938,0
guinea,1939,0
guinea,1940,0
guinea,1941,0
guinea,1942,0
guinea,1943,0
guinea,1944,0
guinea,1945,0
guinea,1946,0
guinea,1947,0
guinea,1948,0
guinea,1949,0
guinea,1950,0.04978125
guinea,1951,0.041625
guinea,1952,0.046546875
guinea,1953,0.038671875
guinea,1954,0.0455625
guinea,1955,0.045421875
guinea,1956,0.05259375
guinea,1957,0.053859375
guinea,1958,0.045
guinea,1959,0.043
guinea,1960,0.112
guinea,1961,0.168
guinea,1962,0.18
guinea,1963,0.19
guinea,1964,0.191
guinea,1965,0.19
guinea,1966,0.196
guinea,1967,0.198
guinea,1968,0.204
guinea,1969,0.204
guinea,1970,0.216
guinea,1971,0.222
guinea,1972,0.227
guinea,1973,0.219
guinea,1974,0.229
guinea,1975,0.23
guinea,1976,0.242
guinea,1977,0.246
guinea,1978,0.246
guinea,1979,0.258
guinea,1980,0.263
guinea,1981,0.27
guinea,1982,0.268
guinea,1983,0.26
guinea,1984,0.267
guinea,1985,0.271
guinea,1986,0.272
guinea,1987,0.271
guinea,1988,0.28
guinea,1989,0.285
guinea,1990,0.274
guinea,1991,0.28
guinea,1992,0.289
guinea,1993,0.297
guinea,1994,0.307
guinea,1995,0.318
guinea,1996,0.337
guinea,1997,0.352
guinea,1998,0.372
guinea,1999,0.391
guinea,2000,0.407
guinea,2001,0.426
guinea,2002,0.443
guinea,2003,0.464
guinea,2004,0.481
guinea,2005,0.498
guinea,2006,0.516
guinea,2007,0.537
guinea,2008,0.545
guinea,2009,0.576
guinea,2010,0.678
guinea,2011,0.708
guinea,2012,0.661
guinea,2013,0.576
guinea,2014,0.591
guinea,2015,0.669
guinea,2016,0.748142038946163
guinea,2017,0.884
guinea,2018,0.863
guinea,2019,1.07012855980472
guinea,2020,1.228
guinea,2021,1.32838851373554
guinea,2022,1.35196849778552
guinea_bissau,1950,0.002
guinea_bissau,1951,0.001
guinea_bissau,1952,0.003
guinea_bissau,1953,0.002
guinea_bissau,1954,0.002
guinea_bissau,1955,0.003
guinea_bissau,1956,0.003
guinea_bissau,1957,0.003
guinea_bissau,1958,0.003
guinea_bissau,1959,0.004
guinea_bissau,1960,0.005
guinea_bissau,1961,0.008
guinea_bissau,1962,0.011
guinea_bissau,1963,0.013
guinea_bissau,1964,0.016
guinea_bissau,1965,0.018
guinea_bissau,1966,0.018
guinea_bissau,1967,0.013
guinea_bissau,1968,0.017
guinea_bissau,1969,0.016
guinea_bissau,1970,0.019
guinea_bissau,1971,0.02
guinea_bissau,1972,0.018
guinea_bissau,1973,0.03
guinea_bissau,1974,0.028
guinea_bissau,1975,0.031
guinea_bissau,1976,0.026
guinea_bissau,1977,0.028
guinea_bissau,1978,0.028
guinea_bissau,1979,0.03
guinea_bissau,1980,0.04
guinea_bissau,1981,0.039
guinea_bissau,1982,0.039
guinea_bissau,1983,0.039
guinea_bissau,1984,0.044
guinea_bissau,1985,0.047
guinea_bissau,1986,0.05
guinea_bissau,1987,0.053
guinea_bissau,1988,0.059
guinea_bissau,1989,0.063
guinea_bissau,1990,0.047
guinea_bissau,1991,0.048
guinea_bissau,1992,0.049
guinea_bissau,1993,0.05
guinea_bissau,1994,0.05
guinea_bissau,1995,0.05
guinea_bissau,1996,0.056
guinea_bissau,1997,0.055
guinea_bissau,1998,0.047
guinea_bissau,1999,0.053
guinea_bissau,2000,0.04
guinea_bissau,2001,0.041
guinea_bissau,2002,0.042
guinea_bissau,2003,0.053
guinea_bissau,2004,0.055
guinea_bissau,2005,0.058
guinea_bissau,2006,0.059
guinea_bissau,2007,0.063
guinea_bissau,2008,0.062
guinea_bissau,2009,0.064
guinea_bissau,2010,0.065
guinea_bissau,2011,0.066
guinea_bissau,2012,0.067
guinea_bissau,2013,0.067
guinea_bissau,2014,0.071
guinea_bissau,2015,0.076
guinea_bissau,2016,0.083
guinea_bissau,2017,0.083
guinea_bissau,2018,0.085
guinea_bissau,2019,0.088
guinea_bissau,2020,0.081
guinea_bissau,2021,0.0876217179255529
guinea_bissau,2022,0.0891770751796638
guyana,1950,0.071
guyana,1951,0.078
guyana,1952,0.092
guyana,1953,0.123
guyana,1954,0.129
guyana,1955,0.141
guyana,1956,0.15
guyana,1957,0.146
guyana,1958,0.125
guyana,1959,0.151
guyana,1960,0.18
guyana,1961,0.201
guyana,1962,0.185
guyana,1963,0.168
guyana,1964,0.177
guyana,1965,0.294
guyana,1966,0.322
guyana,1967,0.361
guyana,1968,0.363
guyana,1969,0.373
guyana,1970,0.431
guyana,1971,0.409
guyana,1972,0.426
guyana,1973,0.492
guyana,1974,0.424
guyana,1975,0.498
guyana,1976,0.478
guyana,1977,0.518
guyana,1978,0.561
guyana,1979,0.415
guyana,1980,0.488
guyana,1981,0.491
guyana,1982,0.383
guyana,1983,0.34
guyana,1984,0.383
guyana,1985,0.387
guyana,1986,0.285
guyana,1987,0.357
guyana,1988,0.383
guyana,1989,0.323
guyana,1990,0.308
guyana,1991,0.302
guyana,1992,0.284
guyana,1993,0.285
guyana,1994,0.398
guyana,1995,0.428
guyana,1996,0.451
guyana,1997,0.493
guyana,1998,0.499
guyana,1999,0.5
guyana,2000,0.477
guyana,2001,0.476
guyana,2002,0.468
guyana,2003,0.507
guyana,2004,0.526
guyana,2005,0.442
guyana,2006,0.412
guyana,2007,0.486
guyana,2008,0.466
guyana,2009,0.521
guyana,2010,0.515
guyana,2011,0.535
guyana,2012,0.535
guyana,2013,0.52
guyana,2014,0.538215238723697
guyana,2015,0.546761936184839
guyana,2016,0.648111114136573
guyana,2017,0.635047744739355
guyana,2018,0.683123938357839
guyana,2019,0.752123938357839
guyana,2020,0.870191057190337
guyana,2021,0.972679801815182
guyana,2022,0.965372288249673
haiti,1950,0.031
haiti,1951,0.036
haiti,1952,0.04
haiti,1953,0.043
haiti,1954,0.059
haiti,1955,0.0729675590551181
haiti,1956,0.0719513385826772
haiti,1957,0.0689675590551181
haiti,1958,0.0749594488188976
haiti,1959,0.0689594488188976
haiti,1960,0.0779432283464567
haiti,1961,0.0809513385826772
haiti,1962,0.0829351181102362
haiti,1963,0.0679432283464567
haiti,1964,0.0819351181102362
haiti,1965,0.0829513385826772
haiti,1966,0.0829594488188977
haiti,1967,0.0709594488188976
haiti,1968,0.0719513385826772
haiti,1969,0.0859432283464567
haiti,1970,0.104935118110236
haiti,1971,0.109918897637795
haiti,1972,0.106910787401575
haiti,1973,0.114878346456693
haiti,1974,0.128845905511811
haiti,1975,0.13182968503937
haiti,1976,0.183455712775018
haiti,1977,0.192179063345312
haiti,1978,0.20486915373123
haiti,1979,0.204667407986326
haiti,1980,0.203349115056193
haiti,1981,0.207130875759017
haiti,1982,0.22306298999111
haiti,1983,0.24181987382561
haiti,1984,0.246493197579425
haiti,1985,0.253690037717448
haiti,1986,0.226588891765165
haiti,1987,0.245303859019407
haiti,1988,0.275018826273649
haiti,1989,0.279235700171668
haiti,1990,0.271560240898719
haiti,1991,0.266413055735389
haiti,1992,0.242500648277903
haiti,1993,0.186735425983748
haiti,1994,0.05
haiti,1995,0.239
haiti,1996,0.278
haiti,1997,0.368
haiti,1998,0.337
haiti,1999,0.347
haiti,2000,0.446
haiti,2001,0.401553862432726
haiti,2002,0.48723656097709
haiti,2003,0.464023817330105
haiti,2004,0.45087188188133
haiti,2005,0.470616498178672
haiti,2006,0.478177362113644
haiti,2007,0.483734964641619
haiti,2008,0.480523064220409
haiti,2009,0.515365895536193
haiti,2010,0.583195061588244
haiti,2011,0.620332491077607
haiti,2012,0.617953448065688
haiti,2013,0.738605309089318
haiti,2014,0.738161756192895
haiti,2015,0.726161756192895
haiti,2016,0.813187554718693
haiti,2017,0.856767427677772
haiti,2018,0.930720847796968
haiti,2019,0.843742634289342
haiti,2020,0.685742634289342
haiti,2021,0.661954173311276
haiti,2022,0.667762342083068
honduras,1950,0.082
honduras,1951,0.095
honduras,1952,0.098
honduras,1953,0.091
honduras,1954,0.103
honduras,1955,0.119
honduras,1956,0.124
honduras,1957,0.157
honduras,1958,0.16
honduras,1959,0.15999188976378
honduras,1960,0.167959448818898
honduras,1961,0.200951338582677
honduras,1962,0.190935118110236
honduras,1963,0.193935118110236
honduras,1964,0.196918897637795
honduras,1965,0.204894566929134
honduras,1966,0.219886456692913
honduras,1967,0.238878346456693
honduras,1968,0.333854015748031
honduras,1969,0.320854015748032
honduras,1970,0.37882968503937
honduras,1971,0.362666698496819
honduras,1972,0.418423062588759
honduras,1973,0.411064648558776
honduras,1974,0.423948182625318
honduras,1975,0.453267624129995
honduras,1976,0.483237776990038
honduras,1977,0.544048771927293
honduras,1978,0.556616130956487
honduras,1979,0.524784469519611
honduras,1980,0.556210978005934
honduras,1981,0.4934069676458
honduras,1982,0.477481647583318
honduras,1983,0.53942454846256
honduras,1984,0.534213244343644
honduras,1985,0.514655737262957
honduras,1986,0.498083370054147
honduras,1987,0.585204969696701
honduras,1988,0.672753131726331
honduras,1989,0.731515699931482
honduras,1990,0.683585613823401
honduras,1991,0.689674091920389
honduras,1992,0.765095989888409
honduras,1993,0.802613915291354
honduras,1994,0.881833782684758
honduras,1995,1.04700748288995
honduras,1996,1.05772943946474
honduras,1997,1.09452359853379
honduras,1998,1.31293183113546
honduras,1999,1.28399476339609
honduras,2000,1.373228243193
honduras,2001,1.54609588405599
honduras,2002,1.62262049700823
honduras,2003,1.82499409346684
honduras,2004,1.96347144700351
honduras,2005,1.86540844808423
honduras,2006,2.10103930131004
honduras,2007,2.24247214294974
honduras,2008,2.32885043668122
honduras,2009,2.19170526343398
honduras,2010,2.18248307860262
honduras,2011,2.41820796943231
honduras,2012,2.51590556768559
honduras,2013,2.55592194323144
honduras,2014,2.58767412663755
honduras,2015,2.82423009873267
honduras,2016,2.6534682825514
honduras,2017,2.79243610337839
honduras,2018,2.69139163189869
honduras,2019,3.06189802209093
honduras,2020,2.59992114050861
honduras,2021,2.95711186510914
honduras,2022,3.04577586462095
hong_kong_special_adminstrative_region_of_china,1938,0.0148783464566929
hong_kong_special_adminstrative_region_of_china,1939,0.0148783464566929
hong_kong_special_adminstrative_region_of_china,1941,0.0148783464566929
hong_kong_special_adminstrative_region_of_china,1947,0.00495944881889764
hong_kong_special_adminstrative_region_of_china,1948,0.00694322834645669
hong_kong_special_adminstrative_region_of_china,1949,0.00793511811023622
hong_kong_special_adminstrative_region_of_china,1950,0.359927007874016
hong_kong_special_adminstrative_region_of_china,1951,0.424918897637795
hong_kong_special_adminstrative_region_of_china,1952,0.418927007874016
hong_kong_special_adminstrative_region_of_china,1953,0.471926852901349
hong_kong_special_adminstrative_region_of_china,1954,0.490886456692913
hong_kong_special_adminstrative_region_of_china,1955,0.512870488679187
hong_kong_special_adminstrative_region_of_china,1956,0.578870236220472
hong_kong_special_adminstrative_region_of_china,1957,0.644886632456547
hong_kong_special_adminstrative_region_of_china,1958,0.64782968503937
hong_kong_special_adminstrative_region_of_china,1959,0.737845905511811
hong_kong_special_adminstrative_region_of_china,1960,0.805837593779038
hong_kong_special_adminstrative_region_of_china,1961,0.919797244094488
hong_kong_special_adminstrative_region_of_china,1962,1.00476480314961
hong_kong_special_adminstrative_region_of_china,1963,1.15875669291339
hong_kong_special_adminstrative_region_of_china,1964,1.15176480314961
hong_kong_special_adminstrative_region_of_china,1965,1.31073215790106
hong_kong_special_adminstrative_region_of_china,1966,1.4087242519685
hong_kong_special_adminstrative_region_of_china,1967,1.65176480314961
hong_kong_special_adminstrative_region_of_china,1968,1.69158637795276
hong_kong_special_adminstrative_region_of_china,1969,2.11558637795276
hong_kong_special_adminstrative_region_of_china,1970,2.29052960629921
hong_kong_special_adminstrative_region_of_china,1971,2.49743205610512
hong_kong_special_adminstrative_region_of_china,1972,2.53154600607415
hong_kong_special_adminstrative_region_of_china,1973,2.53451338582677
hong_kong_special_adminstrative_region_of_china,1974,2.9113674015748
hong_kong_special_adminstrative_region_of_china,1975,3.00436719098944
hong_kong_special_adminstrative_region_of_china,1976,3.40894756172085
hong_kong_special_adminstrative_region_of_china,1977,3.8766112576967
hong_kong_special_adminstrative_region_of_china,1978,4.28878152369659
hong_kong_special_adminstrative_region_of_china,1979,4.32250202166274
hong_kong_special_adminstrative_region_of_china,1980,4.53062658112363
hong_kong_special_adminstrative_region_of_china,1981,5.08096510892287
hong_kong_special_adminstrative_region_of_china,1982,5.35555862142892
hong_kong_special_adminstrative_region_of_china,1983,5.70745257064189
hong_kong_special_adminstrative_region_of_china,1984,6.06571709657989
hong_kong_special_adminstrative_region_of_china,1985,6.24492503708391
hong_kong_special_adminstrative_region_of_china,1986,6.96668068078454
hong_kong_special_adminstrative_region_of_china,1987,7.6652960542498
hong_kong_special_adminstrative_region_of_china,1988,7.99257129258334
hong_kong_special_adminstrative_region_of_china,1989,8.226304271928
hong_kong_special_adminstrative_region_of_china,1990,7.4093040869732
hong_kong_special_adminstrative_region_of_china,1991,7.76830556111355
hong_kong_special_adminstrative_region_of_china,1992,8.9843234821831
hong_kong_special_adminstrative_region_of_china,1993,9.49176966386215
hong_kong_special_adminstrative_region_of_china,1994,8.4823397545438
hong_kong_special_adminstrative_region_of_china,1995,8.53358449380529
hong_kong_special_adminstrative_region_of_china,1996,7.88988210323199
hong_kong_special_adminstrative_region_of_china,1997,8.32341187693645
hong_kong_special_adminstrative_region_of_china,1998,10.6236308917903
hong_kong_special_adminstrative_region_of_china,1999,11.6127225912367
hong_kong_special_adminstrative_region_of_china,2000,10.9942102652105
hong_kong_special_adminstrative_region_of_china,2001,10.3170575690977
hong_kong_special_adminstrative_region_of_china,2002,10.7764952597165
hong_kong_special_adminstrative_region_of_china,2003,11.7910287401184
hong_kong_special_adminstrative_region_of_china,2004,11.3453604220063
hong_kong_special_adminstrative_region_of_china,2005,11.9351938830189
hong_kong_special_adminstrative_region_of_china,2006,11.4396311145361
hong_kong_special_adminstrative_region_of_china,2007,11.8920408489217
hong_kong_special_adminstrative_region_of_china,2008,11.6786529300752
hong_kong_special_adminstrative_region_of_china,2009,11.3480894786016
hong_kong_special_adminstrative_region_of_china,2010,10.9341984977736
hong_kong_special_adminstrative_region_of_china,2011,11.7766692572279
hong_kong_special_adminstrative_region_of_china,2012,11.6654098618086
hong_kong_special_adminstrative_region_of_china,2013,12.0924920861691
hong_kong_special_adminstrative_region_of_china,2014,12.4158716773184
hong_kong_special_adminstrative_region_of_china,2015,11.5720313532092
hong_kong_special_adminstrative_region_of_china,2016,11.8356393864621
hong_kong_special_adminstrative_region_of_china,2017,11.5805599079403
hong_kong_special_adminstrative_region_of_china,2018,11.6268090183684
hong_kong_special_adminstrative_region_of_china,2019,11.4356429447497
hong_kong_special_adminstrative_region_of_china,2020,9.1422277607028
hong_kong_special_adminstrative_region_of_china,2021,8.9452845871318
hong_kong_special_adminstrative_region_of_china,2022,8.3430367253533
hungary,1850,0
hungary,1851,0.075
hungary,1852,0.094
hungary,1853,0.094
hungary,1854,0.119
hungary,1855,0.124
hungary,1856,0.13
hungary,1857,0.149
hungary,1858,0.104
hungary,1859,0.21
hungary,1860,0.247
hungary,1861,0.262
hungary,1862,0.316
hungary,1863,0.33
hungary,1864,0.33
hungary,1865,0.343
hungary,1866,0.39
hungary,1867,0.461
hungary,1868,0.493
hungary,1869,0.536
hungary,1870,0.579
hungary,1871,0.718
hungary,1872,0.763
hungary,1873,0.796
hungary,1874,0.698
hungary,1875,0.719
hungary,1876,0.754
hungary,1877,0.788
hungary,1878,0.785
hungary,1879,0.783
hungary,1880,0.904
hungary,1881,0.969
hungary,1882,0.978
hungary,1883,1.113
hungary,1884,1.182
hungary,1885,1.195
hungary,1886,1.118
hungary,1887,1.115
hungary,1888,1.209
hungary,1889,1.297
hungary,1890,1.434
hungary,1891,1.507
hungary,1892,1.57
hungary,1893,1.636
hungary,1894,1.756
hungary,1895,1.873
hungary,1896,2.013
hungary,1897,2.037
hungary,1898,2.329
hungary,1899,2.258
hungary,1900,2.616
hungary,1901,2.625
hungary,1902,2.415
hungary,1903,2.504
hungary,1904,2.532
hungary,1905,2.574
hungary,1906,2.774
hungary,1907,2.785
hungary,1908,2.94
hungary,1909,3.235
hungary,1910,3.187
hungary,1911,3.274
hungary,1912,3.358
hungary,1913,3.555
hungary,1914,3.164
hungary,1915,3.211
hungary,1916,3.23
hungary,1917,3.198
hungary,1918,2.907
hungary,1919,1.298
hungary,1920,1.525
hungary,1921,2.521
hungary,1922,3.005
hungary,1923,3.237
hungary,1924,3.074
hungary,1925,2.765
hungary,1926,3.213
hungary,1927,3.572
hungary,1928,3.75252960629921
hungary,1929,4.12455393700787
hungary,1930,3.41563503937008
hungary,1931,3.05367548429194
hungary,1932,2.78678102362205
hungary,1933,2.73079731830968
hungary,1934,2.88574858267717
hungary,1935,3.02369181102362
hungary,1936,3.24776480314961
hungary,1937,3.71757004183799
hungary,1938,4.0315620472441
hungary,1939,3.942
hungary,1940,4.319
hungary,1941,4.87226196850394
hungary,1942,5.14119708661417
hungary,1943,5.24222938057843
hungary,1944,4.32782968503937
hungary,1945,2.23795943069141
hungary,1946,2.94682151423791
hungary,1947,3.77677285324636
hungary,1948,4.47066748031496
hungary,1949,5.57039173228347
hungary,1950,5.01911598425197
hungary,1951,6.05495377952756
hungary,1952,7.42583212598425
hungary,1953,8.66983226065607
hungary,1954,9.28195366681257
hungary,1955,9.74470236220472
hungary,1956,9.05090523905157
hungary,1957,10.4929051181102
hungary,1958,10.710564488189
hungary,1959,11.4364186421918
hungary,1960,12.3712642691651
hungary,1961,13.3542321008713
hungary,1962,13.7860861230594
hungary,1963,15.3460128626539
hungary,1964,17.0145103037867
hungary,1965,16.7123722834646
hungary,1966,16.832128976378
hungary,1967,16.0400723872098
hungary,1968,16.6739098147038
hungary,1969,17.0191695275591
hungary,1970,19.0869424409449
hungary,1971,18.887440707713
hungary,1972,18.9251038124187
hungary,1973,19.912583637042
hungary,1974,20.1912194653565
hungary,1975,20.5370841201429
hungary,1976,21.7908400315838
hungary,1977,22.6543315412732
hungary,1978,24.0076867544885
hungary,1979,23.4682602900679
hungary,1980,23.6377596282004
hungary,1981,23.5676882671893
hungary,1982,23.635605323682
hungary,1983,24.2511464640872
hungary,1984,24.7165068377681
hungary,1985,23.4247755134054
hungary,1986,22.7185566556741
hungary,1987,22.9630107939529
hungary,1988,21.3031627137487
hungary,1989,20.7197598322544
hungary,1990,20.0264261334543
hungary,1991,19.023454748759
hungary,1992,17.0163803503007
hungary,1993,17.346727478191
hungary,1994,16.8911009282798
hungary,1995,16.8125301599762
hungary,1996,17.2374760720967
hungary,1997,16.8427172176194
hungary,1998,16.7338648317012
hungary,1999,16.8685014364342
hungary,2000,15.967791219554
hungary,2001,16.4052905844821
hungary,2002,16.1261024847896
hungary,2003,16.8833921383408
hungary,2004,16.4442480976288
hungary,2005,16.4849144997259
hungary,2006,16.2963390950609
hungary,2007,16.0020056718252
hungary,2008,15.645825800816
hungary,2009,14.0672070603124
hungary,2010,14.2160097996171
hungary,2011,13.7153721243819
hungary,2012,12.7780350459887
hungary,2013,11.9185646121709
hungary,2014,11.9519041185932
hungary,2015,12.750383117857
hungary,2016,12.8762284021652
hungary,2017,13.5317482929008
hungary,2018,13.5192166747728
hungary,2019,13.4581019369135
hungary,2020,12.9190690405565
hungary,2021,13.2543276007021
hungary,2022,12.1052438454361
iceland,1936,0.006
iceland,1937,0.005
iceland,1940,0.115995635116873
iceland,1941,0.112507156120974
iceland,1942,0.119411235350534
iceland,1943,0.128827290974052
iceland,1944,0.123642539901033
iceland,1945,0.118004071910123
iceland,1946,0.139159506210431
iceland,1947,0.163677858364012
iceland,1948,0.196983393959682
iceland,1949,0.202739402664885
iceland,1950,0.202
iceland,1951,0.176
iceland,1952,0.212
iceland,1953,0.25
iceland,1954,0.213
iceland,1955,0.249
iceland,1956,0.259
iceland,1957,0.263
iceland,1958,0.297967559055118
iceland,1959,0.337910787401575
iceland,1960,0.330919141922019
iceland,1961,0.297918897637795
iceland,1962,0.326894566929134
iceland,1963,0.355894269934568
iceland,1964,0.356878004733257
iceland,1965,0.380878346456693
iceland,1966,0.407870236220473
iceland,1967,0.393869906032738
iceland,1968,0.434886717113342
iceland,1969,0.344894566929134
iceland,1970,0.378902933278077
iceland,1971,0.401802815800157
iceland,1972,0.40470305300478
iceland,1973,0.477627251637757
iceland,1974,0.474475727832715
iceland,1975,0.440358059413483
iceland,1976,0.464332142123227
iceland,1977,0.519285473267941
iceland,1978,0.524247231965195
iceland,1979,0.541217418214988
iceland,1980,0.508145784018403
iceland,1981,0.477074149821818
iceland,1982,0.435002515625233
iceland,1983,0.420996149548913
iceland,1984,0.49392635033606
iceland,1985,0.442858929915745
iceland,1986,0.485869361790998
iceland,1987,0.503564600209504
iceland,1988,0.502488752236649
iceland,1989,0.517591961218648
iceland,1990,0.606655940915157
iceland,1991,0.574130448918338
iceland,1992,0.614128326313945
iceland,1993,0.655278386477707
iceland,1994,0.641283960224278
iceland,1995,0.673945688716497
iceland,1996,0.688789227466251
iceland,1997,0.714911167896039
iceland,1998,0.720163210864992
iceland,1999,0.775482055132677
iceland,2000,0.800542992593496
iceland,2001,0.782048730642608
iceland,2002,0.816720978652033
iceland,2003,0.814944620075011
iceland,2004,0.84874252733546
iceland,2005,0.81290285979822
iceland,2006,0.861311429155833
iceland,2007,0.953912212431855
iceland,2008,1.04061580708212
iceland,2009,1.01830786799593
iceland,2010,0.990015973606344
iceland,2011,0.956522277834718
iceland,2012,0.955594874752865
iceland,2013,0.952538152681938
iceland,2014,0.940697796312506
iceland,2015,0.9671706480583
iceland,2016,0.954017516803072
iceland,2017,0.985859415703417
iceland,2018,1.00135330830525
iceland,2019,0.97127203251435
iceland,2020,0.911452123839246
iceland,2021,0.957983267054279
iceland,2022,0.966840276922384
india,1858,0.107665921055555
india,1859,0.173713082711483
india,1860,0.175522593989728
india,1861,0.135713345868346
india,1862,0.150189436094303
india,1863,0.166475037598505
india,1864,0.157427481207282
india,1865,0.154713214289915
india,1866,0.174617838350606
india,1878,0.482234755652191
india,1879,0.459711240613442
india,1880,0.514949022569558
india,1881,0.502001377685753
india,1882,0.599424849638652
india,1883,0.666186146633516
india,1884,0.745090639115775
india,1885,0.67123383460317
india,1886,0.756566860920164
india,1887,0.836794605734784
india,1888,0.930554663672314
india,1889,1.097660263183
india,1890,1.20951667296031
india,1891,1.30251614664658
india,1892,1.43212065203533
india,1893,1.51287916511231
india,1894,1.53294310154014
india,1895,1.9199515480892
india,1896,2.07642627503773
india,1897,2.25255804516525
india,1898,2.49049811451117
india,1899,2.7441260902913
india,1900,3.2558846241391
india,1901,3.59707340234125
india,1902,3.96163269931614
india,1903,4.03988028205086
india,1904,4.51992533845189
india,1905,4.62082943619885
india,1906,5.33553922944955
india,1907,5.94224902270024
india,1908,6.79810082723245
india,1909,6.5891514099276
india,1910,6.41029368436597
india,1911,6.76376766933703
india,1912,7.78423731221984
india,1913,8.58808951148734
india,1914,8.65123982674205
india,1915,9.04522941751395
india,1916,9.14779133902209
india,1917,9.55779719948313
india,1918,10.7421698874855
india,1919,11.7289183066379
india,1920,9.51636945511899
india,1921,10.2362221807002
india,1922,10.0718808528775
india,1923,10.363506729577
india,1924,11.0884145065563
india,1925,10.9402089242513
india,1926,10.9013594551582
india,1927,11.4311654138188
india,1928,10.9369426484417
india,1929,11.3831539615283
india,1930,11.571914600631
india,1931,10.6034451026945
india,1932,9.86066444206537
india,1933,9.67995099135432
india,1934,10.8108703759044
india,1935,11.2972704425576
india,1936,11.1038421205085
india,1937,12.3000226247375
india,1938,13.7499067108921
india,1939,13.4585769314312
india,1940,14.2766175567702
india,1941,14.62366259944
india,1942,14.6095901017492
india,1943,12.7304656132263
india,1944,13.017464342572
india,1945,14.4306867533692
india,1946,14.2535473180847
india,1947,14.5142679358386
india,1948,14.5207639281115
india,1949,15.3351091944925
india,1950,16.6764632498928
india,1951,17.4732855676524
india,1952,18.4023333975984
india,1953,18.7513173430328
india,1954,19.7635447787973
india,1955,21.5032044642953
india,1956,22.2861247874627
india,1957,25.0096494787096
india,1958,26.150594977453
india,1959,27.6875698332064
india,1960,30.3834755068737
india,1961,32.8614290894093
india,1962,36.1849171784113
india,1963,38.8766762664228
india,1964,38.0699406240625
india,1965,41.9492194469771
india,1966,43.4971077442377
india,1967,43.5468993242434
india,1968,47.508006477932
india,1969,48.4206760991185
india,1970,49.5967918006103
india,1971,52.3918354411061
india,1972,55.4137508873125
india,1973,57.0674239136313
india,1974,58.9118943772777
india,1975,63.9217040048271
india,1976,66.7984080644565
india,1977,70.6773289871867
india,1978,71.8202934657402
india,1979,75.4052237125708
india,1980,79.6154747235151
india,1981,85.9623873609039
india,1982,88.8045877665295
india,1983,96.1241391009176
india,1984,98.6788844625093
india,1985,108.513131958526
india,1986,116.350815529664
india,1987,124.274850703996
india,1988,134.195461500793
india,1989,147.557597531261
india,1990,157.75001277921
india,1991,167.948957666555
india,1992,178.888377834339
india,1993,184.852411454918
india,1994,194.886388155501
india,1995,207.549568927069
india,1996,224.78729289249
india,1997,234.173359481362
india,1998,239.02083527012
india,1999,259.404954809269
india,2000,266.792151059038
india,2001,270.461118735983
india,2002,278.838532030548
india,2003,289.071929512052
india,2004,307.067767815213
india,2005,323.601047084738
india,2006,352.75235160706
india,2007,380.050766426642
india,2008,406.505868622112
india,2009,440.015376473867
india,2010,457.788536053939
india,2011,481.635485563103
india,2012,525.573067340958
india,2013,544.51367664751
india,2014,586.338349773727
india,2015,609.776069022787
india,2016,642.646828003919
india,2017,662.283542995497
india,2018,707.712299835854
india,2019,713.12446447352
india,2020,660.904001419805
india,2021,729.864058547596
india,2022,772.282805498645
indonesia,1889,0.001
indonesia,1890,0.004
indonesia,1891,0.006
indonesia,1892,0.0520625
indonesia,1893,0.11
indonesia,1894,0.131
indonesia,1895,0.21
indonesia,1896,0.235
indonesia,1897,0.302
indonesia,1898,0.352
indonesia,1899,0.307
indonesia,1900,0.33
indonesia,1901,0.612
indonesia,1902,0.42
indonesia,1903,0.819
indonesia,1904,0.919
indonesia,1905,1.128
indonesia,1906,1.215
indonesia,1907,1.445
indonesia,1908,1.499
indonesia,1909,1.634
indonesia,1910,1.668
indonesia,1911,1.836
indonesia,1912,1.594
indonesia,1913,1.61
indonesia,1914,1.642
indonesia,1915,1.646
indonesia,1916,1.846
indonesia,1917,1.948
indonesia,1918,1.946
indonesia,1919,2.084
indonesia,1920,2.255
indonesia,1921,2.39
indonesia,1922,2.265
indonesia,1923,2.617
indonesia,1924,2.889
indonesia,1925,3.024
indonesia,1926,3.029
indonesia,1927,3.517
indonesia,1928,4.048
indonesia,1929,5.05983779527559
indonesia,1930,4.93584587428699
indonesia,1931,4.61085404740117
indonesia,1932,4.52691078740157
indonesia,1933,4.8749188976378
indonesia,1934,5.24987832328017
indonesia,1935,5.45884587727904
indonesia,1936,5.94085401574803
indonesia,1937,6.917
indonesia,1938,7.296
indonesia,1939,7.96981348796869
indonesia,1940,7.842
indonesia,1941,7.22881343875959
indonesia,1942,2.581
indonesia,1943,5.193
indonesia,1944,2.394
indonesia,1945,1.039
indonesia,1946,0.367
indonesia,1947,1.10699188976378
indonesia,1948,4.2289594488189
indonesia,1949,5.978
indonesia,1950,2.683
indonesia,1951,2.56288645669291
indonesia,1952,3.47184594988109
indonesia,1953,3.56983774982736
indonesia,1954,4.02483779527559
indonesia,1955,5.68883779527559
indonesia,1956,5.95283779527559
indonesia,1957,6.1167242970401
indonesia,1958,6.06066742544373
indonesia,1959,6.51261881889764
indonesia,1960,5.8365702311087
indonesia,1961,7.09650527559055
indonesia,1962,6.27044039370079
indonesia,1963,6.21263503937008
indonesia,1964,6.10651338582677
indonesia,1965,6.73259448818898
indonesia,1966,6.37962692913386
indonesia,1967,6.69761070866142
indonesia,1968,7.52254582677165
indonesia,1969,9.1054078877315
indonesia,1970,9.76839173228346
indonesia,1971,10.6318953463315
indonesia,1972,11.8194000519477
indonesia,1973,13.4001348852636
indonesia,1974,13.981032651016
indonesia,1975,14.7195788449532
indonesia,1976,16.8636045679035
indonesia,1977,22.493559804681
indonesia,1978,25.6381313529194
indonesia,1979,25.9653391404221
indonesia,1980,25.893251323565
indonesia,1981,27.3736494988288
indonesia,1982,28.8165883518803
indonesia,1983,28.707380359677
indonesia,1984,30.693296738472
indonesia,1985,33.1870587423222
indonesia,1986,33.3422690400384
indonesia,1987,33.8096278563489
indonesia,1988,36.2230379567722
indonesia,1989,35.9370972569914
indonesia,1990,42.3255523231866
indonesia,1991,47.7251635919987
indonesia,1992,54.4264918552823
indonesia,1993,58.7087152864356
indonesia,1994,59.8721757722108
indonesia,1995,60.7015479106073
indonesia,1996,69.0679609223058
indonesia,1997,76.4032476716061
indonesia,1998,66.7366182616035
indonesia,1999,79.6945758758691
indonesia,2000,76.7823027319704
indonesia,2001,86.524890795775
indonesia,2002,84.1937578811944
indonesia,2003,92.6194009416148
indonesia,2004,93.619410779241
indonesia,2005,94.8736485012675
indonesia,2006,94.6052027005418
indonesia,2007,105.856451390066
indonesia,2008,99.8139413228515
indonesia,2009,108.881565747169
indonesia,2010,121.671968205
indonesia,2011,136.660631540974
indonesia,2012,140.817182726664
indonesia,2013,133.475744146121
indonesia,2014,133.157737891344
indonesia,2015,147.147716694061
indonesia,2016,147.403291021988
indonesia,2017,152.004433202409
indonesia,2018,162.145566333915
indonesia,2019,177.649003222218
indonesia,2020,165.388790770959
indonesia,2021,168.101368132097
indonesia,2022,198.93101925697
iraq,1924,0
iraq,1925,0
iraq,1926,0
iraq,1927,0.038
iraq,1928,0.079
iraq,1929,0.101
iraq,1930,0.101
iraq,1931,0.1
iraq,1932,0.102
iraq,1933,0.096
iraq,1934,0.782
iraq,1935,1.562
iraq,1936,1.581
iraq,1937,1.704
iraq,1938,1.615
iraq,1939,3.318
iraq,1940,2.099
iraq,1941,1.312
iraq,1942,2.173
iraq,1943,2.991
iraq,1944,3.486
iraq,1945,3.857
iraq,1946,3.918
iraq,1947,3.937
iraq,1948,0
iraq,1949,0.307991889763779
iraq,1950,0.449927007874016
iraq,1951,0.662918897637795
iraq,1952,0.534886456692913
iraq,1953,0.68980563601764
iraq,1954,0.831781286498851
iraq,1955,1.11865094791036
iraq,1956,1.74545661417323
iraq,1957,1.62933496062992
iraq,1958,1.81926196850394
iraq,1959,1.99627007874016
iraq,1960,2.25331874015748
iraq,1961,2.37697
iraq,1962,2.46201866141732
iraq,1963,2.56096188976378
iraq,1964,2.47379157480315
iraq,1965,5.2655804391416
iraq,1966,7.55351582677165
iraq,1967,5.01445905511811
iraq,1968,5.37545876848402
iraq,1969,6.16847527559055
iraq,1970,6.51849960629921
iraq,1971,7.86895673965942
iraq,1972,8.05689970943319
iraq,1973,8.35499677165354
iraq,1974,8.43599677165354
iraq,1975,9.03937228346457
iraq,1976,13.3011702178153
iraq,1977,11.9076268534735
iraq,1978,11.515579578993
iraq,1979,14.4167818046824
iraq,1980,12.3794193197038
iraq,1981,8.70673959976988
iraq,1982,8.28996597551559
iraq,1983,10.4981285276984
iraq,1984,10.854531028582
iraq,1985,12.0623464447062
iraq,1986,12.8901618608303
iraq,1987,14.2422998362547
iraq,1988,18.3208041839738
iraq,1989,19.7166553492689
iraq,1990,13.3889324927313
iraq,1991,12.3322710146917
iraq,1992,16.0724303132071
iraq,1993,17.2297522205375
iraq,1994,20.8615328331081
iraq,1995,21.7508547715357
iraq,1996,20.3902590625383
iraq,1997,20.7898329673584
iraq,1998,22.0625664990018
iraq,1999,22.3916060084614
iraq,2000,22.725313848193
iraq,2001,26.2915547813057
iraq,2002,26.3482283194939
iraq,2003,27.6383348638181
iraq,2004,30.7868595496588
iraq,2005,31.1189161580792
iraq,2006,26.9006586086874
iraq,2007,16.6719919799241
iraq,2008,25.6381547337733
iraq,2009,28.6068202221115
iraq,2010,30.9869729586236
iraq,2011,33.5527621937044
iraq,2012,36.4140609815192
iraq,2013,38.4968797304233
iraq,2014,37.396575512461
iraq,2015,38.7517911138777
iraq,2016,43.3658827207247
iraq,2017,48.2977868157079
iraq,2018,50.151063159766
iraq,2019,51.7484984919786
iraq,2020,43.6245242808192
iraq,2021,46.0115532490055
iraq,2022,48.875760809763
ireland,1850,0.108
ireland,1880,0.096
ireland,1881,0.096
ireland,1910,0.059
ireland,1913,0.061
ireland,1914,0.068
ireland,1915,0.062
ireland,1916,0.066
ireland,1917,0.07
ireland,1918,0.067
ireland,1919,0.068
ireland,1920,0.08
ireland,1921,0.065
ireland,1924,1.825
ireland,1925,1.647
ireland,1926,2.21
ireland,1927,1.837
ireland,1928,1.77
ireland,1929,2.729
ireland,1930,2.607
ireland,1931,2.686
ireland,1932,1.754
ireland,1933,2.529
ireland,1934,2.588
ireland,1935,2.602
ireland,1936,2.769
ireland,1937,2.826
ireland,1938,2.71987834645669
ireland,1939,3.14671614173228
ireland,1940,3.14469992125984
ireland,1941,2.30567559055118
ireland,1942,1.91478090921433
ireland,1943,1.9407242519685
ireland,1944,1.73475669291339
ireland,1945,1.86478913385827
ireland,1946,2.23666748031496
ireland,1947,2.4046757253847
ireland,1948,2.30456204724409
ireland,1949,2.27752149606299
ireland,1950,2.65451356903994
ireland,1951,2.86752960629921
ireland,1952,2.62548905511811
ireland,1953,2.60248094488189
ireland,1954,2.48134280608213
ireland,1955,3.19726196850394
ireland,1956,2.98121304318426
ireland,1957,2.65242417322835
ireland,1958,2.44442417322835
ireland,1959,3.36031062992126
ireland,1960,3.04818113471021
ireland,1961,3.37134307086614
ireland,1962,3.57716464566929
ireland,1963,3.67011598425197
ireland,1964,3.8799294488189
ireland,1965,3.74384023622047
ireland,1966,4.11977565143058
ireland,1967,4.4745725984252
ireland,1968,4.85850740941803
ireland,1969,5.04759692913386
ireland,1970,5.29305110236221
ireland,1971,6.13432886919162
ireland,1972,6.01430610448256
ireland,1973,6.2353590929701
ireland,1974,6.35733479773863
ireland,1975,6.01739023199689
ireland,1976,6.08443296445169
ireland,1977,6.43251097008413
ireland,1978,6.43549138838489
ireland,1979,7.47891309014505
ireland,1980,7.17018234134953
ireland,1981,7.11285727917329
ireland,1982,6.97769287784951
ireland,1983,7.02202004836894
ireland,1984,6.97310313887771
ireland,1985,7.30071069979874
ireland,1986,7.79211300824067
ireland,1987,8.24954573379597
ireland,1988,8.15601457308507
ireland,1989,8.20444841054581
ireland,1990,8.99138106344901
ireland,1991,9.19058608082151
ireland,1992,9.14173448053294
ireland,1993,9.20206454628532
ireland,1994,9.50830969858928
ireland,1995,9.78520379665717
ireland,1996,10.2263291905066
ireland,1997,10.5908802584684
ireland,1998,11.110527142467
ireland,1999,11.5830193368028
ireland,2000,12.3496479855591
ireland,2001,12.9933460292305
ireland,2002,12.5768520649195
ireland,2003,12.4683702663835
ireland,2004,12.600104958493
ireland,2005,13.1430681281747
ireland,2006,12.9924798416361
ireland,2007,13.008757680343
ireland,2008,12.9265354888768
ireland,2009,11.5117613126973
ireland,2010,11.4064476789093
ireland,2011,10.386563032361
ireland,2012,10.4331881534598
ireland,2013,10.1751822175493
ireland,2014,10.0581908606971
ireland,2015,10.5672888553017
ireland,2016,11.0179250693393
ireland,2017,10.6654684918447
ireland,2018,10.6475320841523
ireland,2019,10.1871594043133
ireland,2020,9.58618317181178
ireland,2021,10.2476214511554
ireland,2022,10.5851558856047
islamic_republic_of_iran,1902,0
islamic_republic_of_iran,1903,0
islamic_republic_of_iran,1905,0
islamic_republic_of_iran,1906,0.001
islamic_republic_of_iran,1907,0
islamic_republic_of_iran,1908,0
islamic_republic_of_iran,1909,0
islamic_republic_of_iran,1910,0
islamic_republic_of_iran,1911,0.037
islamic_republic_of_iran,1912,0.069
islamic_republic_of_iran,1913,0.233
islamic_republic_of_iran,1914,0.32
islamic_republic_of_iran,1915,0.383
islamic_republic_of_iran,1916,0.548
islamic_republic_of_iran,1917,0.764
islamic_republic_of_iran,1918,0.941
islamic_republic_of_iran,1919,1.179
islamic_republic_of_iran,1920,1.484
islamic_republic_of_iran,1921,1.98
islamic_republic_of_iran,1922,2.518
islamic_republic_of_iran,1923,3.16
islamic_republic_of_iran,1924,3.686
islamic_republic_of_iran,1925,3.876
islamic_republic_of_iran,1926,4.11
islamic_republic_of_iran,1927,4.558
islamic_republic_of_iran,1928,4.825
islamic_republic_of_iran,1929,4.646
islamic_republic_of_iran,1930,5.053
islamic_republic_of_iran,1931,4.892
islamic_republic_of_iran,1932,5.483
islamic_republic_of_iran,1933,6.028
islamic_republic_of_iran,1934,6.412
islamic_republic_of_iran,1935,6.37
islamic_republic_of_iran,1936,6.974
islamic_republic_of_iran,1937,8.649
islamic_republic_of_iran,1938,8.673
islamic_republic_of_iran,1939,8.202
islamic_republic_of_iran,1940,7.40392700787402
islamic_republic_of_iran,1941,5.68294321835497
islamic_republic_of_iran,1942,8.05994322130195
islamic_republic_of_iran,1943,8.3119594488189
islamic_republic_of_iran,1944,11.3699594452521
islamic_republic_of_iran,1945,14.4369756692913
islamic_republic_of_iran,1946,16.4389513415426
islamic_republic_of_iran,1947,17.3219513385827
islamic_republic_of_iran,1948,21.274927007874
islamic_republic_of_iran,1949,2.21878283976176
islamic_republic_of_iran,1950,2.62029836709732
islamic_republic_of_iran,1951,1.88692700787402
islamic_republic_of_iran,1952,1.11694322834646
islamic_republic_of_iran,1953,1.04492693795819
islamic_republic_of_iran,1954,0.284927263091239
islamic_republic_of_iran,1955,4.31585401574803
islamic_republic_of_iran,1956,6.22475669291339
islamic_republic_of_iran,1957,5.94965131844446
islamic_republic_of_iran,1958,6.88554582677165
islamic_republic_of_iran,1959,6.97835929133858
islamic_republic_of_iran,1960,10.1961241803781
islamic_republic_of_iran,1961,9.96418078393239
islamic_republic_of_iran,1962,10.2151808661417
islamic_republic_of_iran,1963,11.2731809387922
islamic_republic_of_iran,1964,12.9691808661417
islamic_republic_of_iran,1965,14.6611321455337
islamic_republic_of_iran,1966,17.495458967044
islamic_republic_of_iran,1967,18.5264590551181
islamic_republic_of_iran,1968,22.4698588976378
islamic_republic_of_iran,1969,22.6634128346457
islamic_republic_of_iran,1970,25.0511614173228
islamic_republic_of_iran,1971,27.7368532283465
islamic_republic_of_iran,1972,28.9342775302108
islamic_republic_of_iran,1973,35.3371476377953
islamic_republic_of_iran,1974,39.2400122047244
islamic_republic_of_iran,1975,37.995079527559
islamic_republic_of_iran,1976,42.7017204333873
islamic_republic_of_iran,1977,44.6866658410356
islamic_republic_of_iran,1978,44.2423407771253
islamic_republic_of_iran,1979,44.4821186488822
islamic_republic_of_iran,1980,32.8858959583915
islamic_republic_of_iran,1981,30.8394746356144
islamic_republic_of_iran,1982,37.6012517395702
islamic_republic_of_iran,1983,40.825572874628
islamic_republic_of_iran,1984,40.9016394795165
islamic_republic_of_iran,1985,43.6290016651465
islamic_republic_of_iran,1986,40.2847748120155
islamic_republic_of_iran,1987,43.275824511953
islamic_republic_of_iran,1988,47.8009574161946
islamic_republic_of_iran,1989,51.9098854103158
islamic_republic_of_iran,1990,57.2990540754301
islamic_republic_of_iran,1991,60.544194380204
islamic_republic_of_iran,1992,61.9363789227418
islamic_republic_of_iran,1993,64.3031954714894
islamic_republic_of_iran,1994,71.8688310215971
islamic_republic_of_iran,1995,73.4907406640916
islamic_republic_of_iran,1996,75.0344299291559
islamic_republic_of_iran,1997,72.9686363494849
islamic_republic_of_iran,1998,82.8368509329435
islamic_republic_of_iran,1999,101.521260604662
islamic_republic_of_iran,2000,99.4275032638104
islamic_republic_of_iran,2001,105.392516564821
islamic_republic_of_iran,2002,107.371646258122
islamic_republic_of_iran,2003,111.101731650911
islamic_republic_of_iran,2004,119.453855368335
islamic_republic_of_iran,2005,126.092463396596
islamic_republic_of_iran,2006,135.390410741939
islamic_republic_of_iran,2007,137.163049354785
islamic_republic_of_iran,2008,142.6193008887
islamic_republic_of_iran,2009,146.453385297399
islamic_republic_of_iran,2010,150.915144407361
islamic_republic_of_iran,2011,154.554813769794
islamic_republic_of_iran,2012,160.579906631891
islamic_republic_of_iran,2013,163.196601072824
islamic_republic_of_iran,2014,172.672846224885
islamic_republic_of_iran,2015,172.374777461282
islamic_republic_of_iran,2016,172.987685485944
islamic_republic_of_iran,2017,187.063678671193
islamic_republic_of_iran,2018,193.835920068033
islamic_republic_of_iran,2019,189.592384543455
islamic_republic_of_iran,2020,185.318551910476
islamic_republic_of_iran,2021,187.793740174566
islamic_republic_of_iran,2022,188.492156726627
israel,1930,0.0109107874015748
israel,1931,0.0109107874015748
israel,1932,0.0138864566929134
israel,1933,0.0178540157480315
israel,1934,0.018845905511811
israel,1935,0.0247972440944882
israel,1936,0.0208296850393701
israel,1937,0.0218215748031496
israel,1938,0.0128945669291339
israel,1939,0.0148783464566929
israel,1940,0.0198377952755905
israel,1941,0.0158702362204724
israel,1942,0.0297566929133858
israel,1943,0.0228134645669291
israel,1944,0.0238053543307087
israel,1945,0.0198377952755905
israel,1946,0.035708031496063
israel,1947,0.0446350393700787
israel,1948,0.0218215748031496
israel,1949,0.0327323622047244
israel,1950,0.455578267716535
israel,1951,0.796513385826772
israel,1952,0.998505275590551
israel,1953,1.10248905511811
israel,1954,1.18037551181102
israel,1955,1.31427007874016
israel,1956,1.3083268503937
israel,1957,1.41120519685039
israel,1958,1.51121330708661
israel,1959,1.52914031496063
israel,1960,1.76310787401575
israel,1961,1.92706732283465
israel,1962,2.16494566929134
israel,1963,2.23787318043448
israel,1964,2.49379205894786
israel,1965,3.5286131496063
israel,1966,3.7067101245781
israel,1967,3.69211598425197
israel,1968,3.76478378751236
israel,1969,4.03955673510814
israel,1970,4.51947493826214
israel,1971,4.42656840591609
israel,1972,4.60995828303435
israel,1973,5.25686930843657
israel,1974,5.28628832780332
israel,1975,5.33310097438222
israel,1976,5.32116415400883
israel,1977,5.39462794218001
israel,1978,5.74008304494835
israel,1979,5.69442597148114
israel,1980,5.72724287332968
israel,1981,5.73624630655634
israel,1982,6.51060618863537
israel,1983,6.47080364510706
israel,1984,6.41334025328196
israel,1985,6.7175254051972
israel,1986,7.19111774869183
israel,1987,7.38780459731084
israel,1988,8.10660563949335
israel,1989,8.56830011052015
israel,1990,9.7773907711566
israel,1991,9.86584546515564
israel,1992,11.4853979433593
israel,1993,12.0727369341059
israel,1994,12.9570364939153
israel,1995,13.6095871975755
israel,1996,14.1746048034934
israel,1997,14.9742644481961
israel,1998,15.2865086284693
israel,1999,14.9443367444902
israel,2000,16.2443723799127
israel,2001,17.2007558219764
israel,2002,16.1848683658059
israel,2003,17.0345736353712
israel,2004,16.0150747138317
israel,2005,15.4268938607577
israel,2006,16.9620533374811
israel,2007,17.1397124609716
israel,2008,18.5535415799192
israel,2009,17.4292976073417
israel,2010,18.6372547361081
israel,2011,18.7212711008188
israel,2012,20.4107122193773
israel,2013,17.2203350846602
israel,2014,16.4526025002477
israel,2015,17.177713550922
israel,2016,16.6923188210672
israel,2017,16.0593956891401
israel,2018,16.3716648152254
israel,2019,16.0096030807486
israel,2020,15.201283234786
israel,2021,14.9697454923226
israel,2022,15.3160723800203
italy_including_san_marino,1860,0.008
italy_including_san_marino,1861,0.183
italy_including_san_marino,1862,0.335
italy_including_san_marino,1863,0.292
italy_including_san_marino,1864,0.438
italy_including_san_marino,1865,0.347
italy_including_san_marino,1866,0.403
italy_including_san_marino,1867,0.401
italy_including_san_marino,1868,0.463
italy_including_san_marino,1869,0.511
italy_including_san_marino,1870,0.731
italy_including_san_marino,1871,0.63
italy_including_san_marino,1872,0.812
italy_including_san_marino,1873,0.756
italy_including_san_marino,1874,0.818
italy_including_san_marino,1875,0.837
italy_including_san_marino,1876,1.121
italy_including_san_marino,1877,1.038
italy_including_san_marino,1878,1.033
italy_including_san_marino,1879,1.189
italy_including_san_marino,1880,1.383
italy_including_san_marino,1881,1.626
italy_including_san_marino,1882,1.712
italy_including_san_marino,1883,1.814
italy_including_san_marino,1884,2.009
italy_including_san_marino,1885,2.286
italy_including_san_marino,1886,2.273
italy_including_san_marino,1887,2.77
italy_including_san_marino,1888,2.974
italy_including_san_marino,1889,3.072
italy_including_san_marino,1890,3.332
italy_including_san_marino,1891,3.002
italy_including_san_marino,1892,2.972
italy_including_san_marino,1893,2.872
italy_including_san_marino,1894,3.565
italy_including_san_marino,1895,3.281
italy_including_san_marino,1896,3.118
italy_including_san_marino,1897,3.253
italy_including_san_marino,1898,3.385
italy_including_san_marino,1899,3.709
italy_including_san_marino,1900,3.796
italy_including_san_marino,1901,3.69
italy_including_san_marino,1902,4.098
italy_including_san_marino,1903,4.18
italy_including_san_marino,1904,4.418
italy_including_san_marino,1905,4.87
italy_including_san_marino,1906,5.756
italy_including_san_marino,1907,6.225
italy_including_san_marino,1908,6.349
italy_including_san_marino,1909,7.015
italy_including_san_marino,1910,7.024
italy_including_san_marino,1911,7.243
italy_including_san_marino,1912,7.601
italy_including_san_marino,1913,8.178
italy_including_san_marino,1914,7.434
italy_including_san_marino,1915,6.49
italy_including_san_marino,1916,6.417
italy_including_san_marino,1917,4.4
italy_including_san_marino,1918,5.18
italy_including_san_marino,1919,5.079
italy_including_san_marino,1920,4.877
italy_including_san_marino,1921,5.972
italy_including_san_marino,1922,7.014
italy_including_san_marino,1923,7.321
italy_including_san_marino,1924,8.783
italy_including_san_marino,1925,8.452
italy_including_san_marino,1926,9.782
italy_including_san_marino,1927,11.022
italy_including_san_marino,1928,10.4116099212598
italy_including_san_marino,1929,12.0161395275591
italy_including_san_marino,1930,10.7941557480315
italy_including_san_marino,1931,9.32660992125984
italy_including_san_marino,1932,7.6595531496063
italy_including_san_marino,1933,8.3170822850829
italy_including_san_marino,1934,10.8245069291339
italy_including_san_marino,1935,12.3843447244095
italy_including_san_marino,1936,8.73078219430265
italy_including_san_marino,1937,12.3291906299213
italy_including_san_marino,1938,12.2759152959199
italy_including_san_marino,1939,12.5873633858268
italy_including_san_marino,1940,13.381704015748
italy_including_san_marino,1941,11.7069178470293
italy_including_san_marino,1942,11.4325265942541
italy_including_san_marino,1943,1.94111128702084
italy_including_san_marino,1944,0.976509240829064
italy_including_san_marino,1945,1.18774185523211
italy_including_san_marino,1946,6.04976968503937
italy_including_san_marino,1947,10.0399592669601
italy_including_san_marino,1948,9.69652917671447
italy_including_san_marino,1949,10.8545470702468
italy_including_san_marino,1950,11.3074774172964
italy_including_san_marino,1951,13.3248443307087
italy_including_san_marino,1952,13.8156602362205
italy_including_san_marino,1953,15.2823625984252
italy_including_san_marino,1954,17.7233412533378
italy_including_san_marino,1955,19.9962401574803
italy_including_san_marino,1956,22.782494015748
italy_including_san_marino,1957,23.7658208661417
italy_including_san_marino,1958,23.9078551567413
italy_including_san_marino,1959,25.6781120472441
italy_including_san_marino,1960,29.8043359055118
italy_including_san_marino,1961,33.9451137007874
italy_including_san_marino,1962,39.9167536220472
italy_including_san_marino,1963,44.9116373925561
italy_including_san_marino,1964,47.9588090813134
italy_including_san_marino,1965,51.7271777952756
italy_including_san_marino,1966,58.4012718897638
italy_including_san_marino,1967,63.900038799478
italy_including_san_marino,1968,68.0055022834646
italy_including_san_marino,1969,73.5974260629921
italy_including_san_marino,1970,80.8855201574803
italy_including_san_marino,1971,84.89333539024
italy_including_san_marino,1972,89.5844638404069
italy_including_san_marino,1973,96.4380816161351
italy_including_san_marino,1974,97.7764557048084
italy_including_san_marino,1975,93.0820029318066
italy_including_san_marino,1976,99.8350061555506
italy_including_san_marino,1977,96.7297036815042
italy_including_san_marino,1978,101.330195773913
italy_including_san_marino,1979,105.146159176423
italy_including_san_marino,1980,105.467523416742
italy_including_san_marino,1981,102.429075967365
italy_including_san_marino,1982,100.130740083586
italy_including_san_marino,1983,97.8190724505643
italy_including_san_marino,1984,99.5090224685716
italy_including_san_marino,1985,100.704801159738
italy_including_san_marino,1986,99.1232589924412
italy_including_san_marino,1987,103.73869490179
italy_including_san_marino,1988,105.339045054708
italy_including_san_marino,1989,110.46450174658
italy_including_san_marino,1990,119.788290482492
italy_including_san_marino,1991,119.646739565314
italy_including_san_marino,1992,119.751898235529
italy_including_san_marino,1993,117.679148394565
italy_including_san_marino,1994,116.110320027801
italy_including_san_marino,1995,122.661085042036
italy_including_san_marino,1996,121.085346494083
italy_including_san_marino,1997,122.661283110521
italy_including_san_marino,1998,125.995284216436
italy_including_san_marino,1999,127.290782915129
italy_including_san_marino,2000,128.418154687597
italy_including_san_marino,2001,128.432705543325
italy_including_san_marino,2002,130.459060293652
italy_including_san_marino,2003,135.372772215073
italy_including_san_marino,2004,136.908186416295
italy_including_san_marino,2005,137.10332908195
italy_including_san_marino,2006,135.626199575195
italy_including_san_marino,2007,133.911938153182
italy_including_san_marino,2008,130.752500559702
italy_including_san_marino,2009,115.980528288743
italy_including_san_marino,2010,119.141457706187
italy_including_san_marino,2011,115.922283345782
italy_including_san_marino,2012,110.333136669911
italy_including_san_marino,2013,101.051729614881
italy_including_san_marino,2014,95.5585921406075
italy_including_san_marino,2015,98.7816387670953
italy_including_san_marino,2016,97.9295894557982
italy_including_san_marino,2017,96.4570397903836
italy_including_san_marino,2018,95.4767734366357
italy_including_san_marino,2019,92.9046185146755
italy_including_san_marino,2020,82.7732728419623
italy_including_san_marino,2021,92.038723795094
italy_including_san_marino,2022,92.2754643612205
jamaica,1950,0.074
jamaica,1951,0.142
jamaica,1952,0.153918897637795
jamaica,1953,0.167886456692913
jamaica,1954,0.215894566929134
jamaica,1955,0.268878346456693
jamaica,1956,0.343854015748031
jamaica,1957,0.437837795275591
jamaica,1958,0.369805878982108
jamaica,1959,0.501781023622047
jamaica,1960,0.400764803149606
jamaica,1961,0.580764803149606
jamaica,1962,0.577781023622047
jamaica,1963,0.653781023622047
jamaica,1964,1.10869208867135
jamaica,1965,0.815659787006428
jamaica,1966,0.95961111375126
jamaica,1967,1.05462692913386
jamaica,1968,1.05854582677165
jamaica,1969,1.16454621628557
jamaica,1970,1.36151302828513
jamaica,1971,1.56856355459531
jamaica,1972,1.71460444249673
jamaica,1973,2.26265051405712
jamaica,1974,2.07268285939318
jamaica,1975,2.23271489875662
jamaica,1976,1.98577019853468
jamaica,1977,2.03081941373683
jamaica,1978,2.48686289149518
jamaica,1979,2.32791192352125
jamaica,1980,2.30495485836559
jamaica,1981,2.02196322114205
jamaica,1982,1.69596849292621
jamaica,1983,1.75898095685592
jamaica,1984,1.40300303048286
jamaica,1985,1.37602209335247
jamaica,1986,1.24104140876232
jamaica,1987,1.46807728531004
jamaica,1988,1.23512127209398
jamaica,1989,1.83517763468244
jamaica,1990,2.05435720154678
jamaica,1991,2.11544511185944
jamaica,1992,2.10391132411946
jamaica,1993,2.18366749684495
jamaica,1994,2.23488251183125
jamaica,1995,2.50365893286488
jamaica,1996,2.64400164576668
jamaica,1997,2.74786765545399
jamaica,1998,2.64575189135539
jamaica,1999,2.71784611782036
jamaica,2000,2.81495349530552
jamaica,2001,2.88658308078831
jamaica,2002,2.78454686134709
jamaica,2003,2.91131538743717
jamaica,2004,2.8859779465155
jamaica,2005,2.84294181355284
jamaica,2006,3.15971878822344
jamaica,2007,2.93374208515284
jamaica,2008,2.94204012008734
jamaica,2009,2.16533515283843
jamaica,2010,2.09533160480349
jamaica,2011,2.25316730349345
jamaica,2012,2.15961490174673
jamaica,2013,2.31775128581235
jamaica,2014,2.10083344154076
jamaica,2015,2.18310819509819
jamaica,2016,2.22801081182183
jamaica,2017,2.12815110920969
jamaica,2018,2.20699609034892
jamaica,2019,2.13521144968366
jamaica,2020,1.76381164263541
jamaica,2021,1.80359639056864
jamaica,2022,1.77063161846975
japan,1868,0.003
japan,1869,0.005
japan,1870,0.005
japan,1871,0.007
japan,1872,0.009
japan,1873,0.011
japan,1874,0.16
japan,1875,0.393
japan,1876,0.383
japan,1877,0.352
japan,1878,0.507
japan,1879,0.632
japan,1880,0.641
japan,1881,0.659
japan,1882,0.686
japan,1883,0.74
japan,1884,0.807
japan,1885,0.914
japan,1886,0.984
japan,1887,1.221
japan,1888,1.411
japan,1889,1.707
japan,1890,1.844
japan,1891,2.217
japan,1892,2.204
japan,1893,2.34
japan,1894,3.009
japan,1895,3.337
japan,1896,3.525
japan,1897,3.696
japan,1898,4.707
japan,1899,4.714
japan,1900,5.298
japan,1901,6.352
japan,1902,6.808
japan,1903,7.038
japan,1904,7.929
japan,1905,8.169
japan,1906,8.967
japan,1907,9.572
japan,1908,10.271
japan,1909,10.441
japan,1910,10.749
japan,1911,12.066
japan,1912,13.45
japan,1913,14.824
japan,1914,15.834
japan,1915,14.422
japan,1916,15.993
japan,1917,18.418
japan,1918,19.526
japan,1919,21.614
japan,1920,20.273
japan,1921,18.234
japan,1922,19.495
japan,1923,20.717
japan,1924,21.656
japan,1925,22.383
japan,1926,22.545
japan,1927,24.422
japan,1928,25.2157664566929
japan,1929,25.8952879527559
japan,1930,23.5168637795276
japan,1931,21.2620099514052
japan,1932,21.2828881102362
japan,1933,24.9297202362205
japan,1934,27.6208579241045
japan,1935,29.0345199212598
japan,1936,31.8911227352868
japan,1937,34.233341690523
japan,1938,35.9539093819704
japan,1939,34.8654040974823
japan,1940,41.8243122834646
japan,1941,42.1955687350696
japan,1942,40.3361988591714
japan,1943,41.1128474580618
japan,1944,37.8637316611141
japan,1945,20.9157104724409
japan,1946,14.3849781102362
japan,1947,19.113637480315
japan,1948,24.0399481102362
japan,1949,26.8613828346457
japan,1950,27.9860770866142
japan,1951,33.6947737795276
japan,1952,35.5911495118641
japan,1953,39.7843325984252
japan,1954,38.9012239370079
japan,1955,38.7213455905512
japan,1956,43.8416367716536
japan,1957,51.3282607984552
japan,1958,49.4434713385827
japan,1959,52.5709571653543
japan,1960,63.4551421259843
japan,1961,77.179830356755
japan,1962,79.9302484251969
japan,1963,88.655967007874
japan,1964,97.9506259617641
japan,1965,105.477941889764
japan,1966,114.422793961984
japan,1967,133.544604134308
japan,1968,153.360413571123
japan,1969,178.279317876894
japan,1970,209.596918582677
japan,1971,217.397456206639
japan,1972,232.579207437161
japan,1973,249.526529054939
japan,1974,249.537720058263
japan,1975,237.038960947456
japan,1976,247.583118192157
japan,1977,254.704608595246
japan,1978,246.067162316331
japan,1979,260.117724626438
japan,1980,257.878975487801
japan,1981,252.957285790668
japan,1982,244.92570725197
japan,1983,240.42287185076
japan,1984,255.750516298536
japan,1985,249.017689080738
japan,1986,248.979239278709
japan,1987,246.323785400765
japan,1988,268.95859018726
japan,1989,278.843269500344
japan,1990,315.828492019304
japan,1991,319.022182189479
japan,1992,321.690710108084
japan,1993,319.783486693319
japan,1994,334.79864219176
japan,1995,338.1681404555
japan,1996,341.579071154039
japan,1997,339.588165575715
japan,1998,328.712483109925
japan,1999,338.710832103803
japan,2000,344.911244602487
japan,2001,340.928527976148
japan,2002,349.013960109451
japan,2003,351.335300976128
japan,2004,350.078016883962
japan,2005,352.113713427569
japan,2006,345.829254352916
japan,2007,355.577726324926
japan,2008,336.248421997375
japan,2009,317.428273123308
japan,2010,331.524983044235
japan,2011,345.150426817872
japan,2012,356.409280377435
japan,2013,358.949787658178
japan,2014,344.997790991194
japan,2015,333.834256891481
japan,2016,328.180832668064
japan,2017,323.908914598824
japan,2018,311.590851912936
japan,2019,301.457374690847
japan,2020,283.787089781842
japan,2021,289.882433151035
japan,2022,287.608591376413
jordan,1950,0.047
jordan,1951,0.044
jordan,1952,0.053
jordan,1953,0.058
jordan,1954,0.0689270078740157
jordan,1955,0.103902677165354
jordan,1956,0.122910787401575
jordan,1957,0.134878346456693
jordan,1958,0.142878346456693
jordan,1959,0.178878346456693
jordan,1960,0.20282157480315
jordan,1961,0.266756692913386
jordan,1962,0.285740472440945
jordan,1963,0.332683700787402
jordan,1964,0.33865937007874
jordan,1965,0.387667480314961
jordan,1966,0.431586377952756
jordan,1967,0.385643149606299
jordan,1968,0.410472834645669
jordan,1969,0.479472834645669
jordan,1970,0.424586377952756
jordan,1971,0.451537716535433
jordan,1972,0.522270078740158
jordan,1973,0.60031874015748
jordan,1974,0.607343070866142
jordan,1975,0.679367401574803
jordan,1976,0.803656134502741
jordan,1977,0.860789484263252
jordan,1978,0.989996470489367
jordan,1979,1.03080901065995
jordan,1980,1.28160902499686
jordan,1981,1.58984263923338
jordan,1982,1.70733814107186
jordan,1983,1.99234327896428
jordan,1984,2.25078395738226
jordan,1985,2.29844776454345
jordan,1986,2.50137890795819
jordan,1987,2.59443738609758
jordan,1988,2.50464307603736
jordan,1989,2.47809882560878
jordan,1990,2.8592857136771
jordan,1991,2.70303240662855
jordan,1992,3.27079664717099
jordan,1993,3.21350596571727
jordan,1994,3.6161482557358
jordan,1995,3.60482064573783
jordan,1996,3.77331270708043
jordan,1997,3.84117277594601
jordan,1998,3.89002932827613
jordan,1999,3.89374050328254
jordan,2000,4.14852735484247
jordan,2001,4.26023944644714
jordan,2002,4.48156041619983
jordan,2003,4.63487325488793
jordan,2004,5.09571363881291
jordan,2005,5.5777274192561
jordan,2006,5.60218065557748
jordan,2007,5.8505725887775
jordan,2008,5.65447526147186
jordan,2009,5.82333291616473
jordan,2010,5.62645339102999
jordan,2011,5.79796930366115
jordan,2012,6.49961229414349
jordan,2013,6.50060095310874
jordan,2014,7.06845914485296
jordan,2015,6.97322575630702
jordan,2016,6.74081048914353
jordan,2017,7.04517466712096
jordan,2018,6.86189267469515
jordan,2019,6.74907557380893
jordan,2020,5.76658389695661
jordan,2021,6.18649236327761
jordan,2022,6.2534328888505
kazakhstan,1850,0.00205870382302947
kazakhstan,1851,0
kazakhstan,1852,0
kazakhstan,1853,0
kazakhstan,1854,0
kazakhstan,1855,0.0062425212698313
kazakhstan,1856,0
kazakhstan,1857,0
kazakhstan,1858,0.00876609369806098
kazakhstan,1859,0.00929737210400407
kazakhstan,1860,0.0122858131374339
kazakhstan,1861,0.0156063031745783
kazakhstan,1862,0.0140788777574919
kazakhstan,1863,0.0147429757649207
kazakhstan,1864,0.0165360403849787
kazakhstan,1865,0.0158055325768069
kazakhstan,1866,0.0499401701586504
kazakhstan,1867,0.0573116580411108
kazakhstan,1868,0.0476822369333923
kazakhstan,1869,0.0646831459235712
kazakhstan,1870,0.0701951593852307
kazakhstan,1871,0.0947667856600986
kazakhstan,1872,0.0972903580883283
kazakhstan,1873,0.0913134760214685
kazakhstan,1874,0.110837957439877
kazakhstan,1875,0.127573227227084
kazakhstan,1876,0.158387374771784
kazakhstan,1877,0.161641455008185
kazakhstan,1878,0.211249576163121
kazakhstan,1879,0.216761589624781
kazakhstan,1880,0.254283127044511
kazakhstan,1881,0.26783072639606
kazakhstan,1882,0.282108833555781
kazakhstan,1883,0.321091386591855
kazakhstan,1884,0.326005711846828
kazakhstan,1885,0.355093204572212
kazakhstan,1886,0.364191347273988
kazakhstan,1887,0.385376073710969
kazakhstan,1888,0.40197852389669
kazakhstan,1889,0.434120867456247
kazakhstan,1890,0.491631754899587
kazakhstan,1891,0.541306285855266
kazakhstan,1892,0.572983760809622
kazakhstan,1893,0.671602314912808
kazakhstan,1894,0.684020947651728
kazakhstan,1895,0.785959991792058
kazakhstan,1896,0.800105279350293
kazakhstan,1897,0.925088524348405
kazakhstan,1898,1.03752031700611
kazakhstan,1899,1.20361122866407
kazakhstan,1900,1.3634596190522
kazakhstan,1901,1.39978578005856
kazakhstan,1902,1.35197072352368
kazakhstan,1903,1.32248477199384
kazakhstan,1904,1.47137554525939
kazakhstan,1905,1.31338662929206
kazakhstan,1906,1.49807228515803
kazakhstan,1907,1.67797643537051
kazakhstan,1908,1.68826995448565
kazakhstan,1909,1.78217341273609
kazakhstan,1910,1.74777313595128
kazakhstan,1911,1.81205782307039
kazakhstan,1912,2.05266053116187
kazakhstan,1913,2.22984187954389
kazakhstan,1914,2.01248260171242
kazakhstan,1915,1.84718860766338
kazakhstan,1916,1.9687849528236
kazakhstan,1917,1.81192500346891
kazakhstan,1918,0.722605041883345
kazakhstan,1919,0.617212688104384
kazakhstan,1920,0.562823061295961
kazakhstan,1921,0.610372478627867
kazakhstan,1922,0.744387456527011
kazakhstan,1923,0.822286152798417
kazakhstan,1924,0.979677380559057
kazakhstan,1925,0.966926698816423
kazakhstan,1926,1.40098115647193
kazakhstan,1927,1.74179625388442
kazakhstan,1928,1.94017651484571
kazakhstan,1929,2.08990793415518
kazakhstan,1930,2.83931233466141
kazakhstan,1931,3.41014080721693
kazakhstan,1932,3.8427390692089
kazakhstan,1933,4.29227838491209
kazakhstan,1934,5.19292776286272
kazakhstan,1935,5.87967790517764
kazakhstan,1936,6.74437042843907
kazakhstan,1937,6.89486177606938
kazakhstan,1938,7.27701763213783
kazakhstan,1939,7.36611670963301
kazakhstan,1940,8.82898450016205
kazakhstan,1941,7.75827052391382
kazakhstan,1942,4.20898676128339
kazakhstan,1943,4.39274267993895
kazakhstan,1944,6.37029372646062
kazakhstan,1945,6.74974901110211
kazakhstan,1946,7.58972076255665
kazakhstan,1947,9.1414615408078
kazakhstan,1948,9.73188916225095
kazakhstan,1949,11.0643004548544
kazakhstan,1950,12.3378348001455
kazakhstan,1951,13.3747819200911
kazakhstan,1952,14.3247219756357
kazakhstan,1953,15.1577528765363
kazakhstan,1954,16.5594611005408
kazakhstan,1955,18.7795275458146
kazakhstan,1956,20.5892421316488
kazakhstan,1957,22.5340378460802
kazakhstan,1958,24.0559760435381
kazakhstan,1959,25.2987843812662
kazakhstan,1960,26.3480383719389
kazakhstan,1961,27.1735845818921
kazakhstan,1962,28.5189434449877
kazakhstan,1963,30.5766383017731
kazakhstan,1964,32.510636631083
kazakhstan,1965,34.4877849181911
kazakhstan,1966,36.4220588506196
kazakhstan,1967,38.0768128784583
kazakhstan,1968,39.1363036491012
kazakhstan,1969,40.7487102023317
kazakhstan,1970,42.8715169983501
kazakhstan,1971,45.458780941535
kazakhstan,1972,47.7983505095726
kazakhstan,1973,49.7835195327217
kazakhstan,1974,51.6418547726756
kazakhstan,1975,54.246229209455
kazakhstan,1976,56.2829853346398
kazakhstan,1977,58.1445094830023
kazakhstan,1978,60.0860538106184
kazakhstan,1979,60.5408333065176
kazakhstan,1980,62.8916159797507
kazakhstan,1981,61.6118479653254
kazakhstan,1982,62.7492132742054
kazakhstan,1983,63.5820694187465
kazakhstan,1984,64.0931700434873
kazakhstan,1985,69.1423377118295
kazakhstan,1986,70.4526519738337
kazakhstan,1987,69.8917654876047
kazakhstan,1988,74.8381144656664
kazakhstan,1989,72.2544658783357
kazakhstan,1990,73.1913465864771
kazakhstan,1991,71.2516192401567
kazakhstan,1992,64.4462542033951
kazakhstan,1993,56.8277258681104
kazakhstan,1994,47.7438415186369
kazakhstan,1995,45.9295648579673
kazakhstan,1996,42.1684002266423
kazakhstan,1997,39.9632571215099
kazakhstan,1998,39.3784581488614
kazakhstan,1999,32.5505696883049
kazakhstan,2000,39.132150092212
kazakhstan,2001,37.8735087270399
kazakhstan,2002,42.9925896254917
kazakhstan,2003,47.9952836479894
kazakhstan,2004,50.861267963078
kazakhstan,2005,54.5966074495543
kazakhstan,2006,60.2005199541866
kazakhstan,2007,61.8844659231935
kazakhstan,2008,61.9080166027992
kazakhstan,2009,61.285402154364
kazakhstan,2010,67.9048128968302
kazakhstan,2011,65.2258888372108
kazakhstan,2012,67.233987676773
kazakhstan,2013,69.6410820623817
kazakhstan,2014,74.8607204486083
kazakhstan,2015,76.0538423061177
kazakhstan,2016,75.7903213295392
kazakhstan,2017,80.0972914949333
kazakhstan,2018,83.8357226408296
kazakhstan,2019,75.1336685552031
kazakhstan,2020,69.7288427516435
kazakhstan,2021,69.6350802916253
kazakhstan,2022,74.0115386289291
kenya,1950,0.248
kenya,1951,0.379975669291339
kenya,1952,0.433967559055118
kenya,1953,0.412959448818898
kenya,1954,0.463918897637795
kenya,1955,0.541854015748032
kenya,1956,0.605797244094488
kenya,1957,0.622772913385827
kenya,1958,0.569756692913386
kenya,1959,0.602650680539933
kenya,1960,0.66161129582784
kenya,1961,0.654635595712502
kenya,1962,0.715618285777215
kenya,1963,0.778618818897638
kenya,1964,0.770537716535433
kenya,1965,0.672465518586883
kenya,1966,0.731463992158299
kenya,1967,0.736472834645669
kenya,1968,0.768400621944984
kenya,1969,0.853293582261772
kenya,1970,0.840124094488189
kenya,1971,1.00416253584398
kenya,1972,1.05519357884051
kenya,1973,1.06823870640066
kenya,1974,1.34922436805294
kenya,1975,1.35622767365363
kenya,1976,1.25619940288402
kenya,1977,1.37812348796928
kenya,1978,1.45119535671929
kenya,1979,1.37343122632572
kenya,1980,1.68921316828439
kenya,1981,1.77925750040868
kenya,1982,1.27932050151956
kenya,1983,1.27039442819144
kenya,1984,1.17750591859395
kenya,1985,1.02768131671189
kenya,1986,1.13457009074254
kenya,1987,1.41062959174248
kenya,1988,1.30571213493356
kenya,1989,1.41577767815704
kenya,1990,1.58816712328415
kenya,1991,1.31941512371368
kenya,1992,1.51104138380831
kenya,1993,1.73083994091162
kenya,1994,1.78856769803337
kenya,1995,2.06024958332353
kenya,1996,2.53615237486154
kenya,1997,2.24075001188266
kenya,1998,2.71824365902734
kenya,1999,2.74853112419905
kenya,2000,2.84084061135371
kenya,2001,2.53217070161116
kenya,2002,2.15357457787947
kenya,2003,1.8279047052315
kenya,2004,2.07144154707522
kenya,2005,2.33486429612956
kenya,2006,2.61068265141208
kenya,2007,2.68112219748586
kenya,2008,2.79278863428674
kenya,2009,3.36859367613519
kenya,2010,3.31963973799127
kenya,2011,3.6701943170432
kenya,2012,3.4131350510167
kenya,2013,3.67302825091941
kenya,2014,3.96603195526514
kenya,2015,4.63932814272654
kenya,2016,4.94937514572114
kenya,2017,4.83335515650001
kenya,2018,5.14137214415532
kenya,2019,5.40370812819455
kenya,2020,5.99955232077461
kenya,2021,6.67510114636765
kenya,2022,6.78272941940536
kiribati,1960,0
kiribati,1961,0.002
kiribati,1962,0.003
kiribati,1963,0.005
kiribati,1964,0.005
kiribati,1965,0.003
kiribati,1966,0.003
kiribati,1967,0.006
kiribati,1968,0.009
kiribati,1969,0.003
kiribati,1970,0.006
kiribati,1971,0.008
kiribati,1972,0.007
kiribati,1973,0.01
kiribati,1974,0.009
kiribati,1975,0.009
kiribati,1976,0.009
kiribati,1977,0.006
kiribati,1978,0.006
kiribati,1979,0.007
kiribati,1980,0.008
kiribati,1981,0.008
kiribati,1982,0.007
kiribati,1983,0.006
kiribati,1984,0.006
kiribati,1985,0.006
kiribati,1986,0.005
kiribati,1987,0.006
kiribati,1988,0.006
kiribati,1989,0.006
kiribati,1990,0.006
kiribati,1991,0.006
kiribati,1992,0.007
kiribati,1993,0.008
kiribati,1994,0.008
kiribati,1995,0.008
kiribati,1996,0.008
kiribati,1997,0.008
kiribati,1998,0.008
kiribati,1999,0.008
kiribati,2000,0.01
kiribati,2001,0.01
kiribati,2002,0.01
kiribati,2003,0.011
kiribati,2004,0.011
kiribati,2005,0.013
kiribati,2006,0.013
kiribati,2007,0.013
kiribati,2008,0.013
kiribati,2009,0.013
kiribati,2010,0.016
kiribati,2011,0.015
kiribati,2012,0.014
kiribati,2013,0.014
kiribati,2014,0.016
kiribati,2015,0.015
kiribati,2016,0.015
kiribati,2017,0.018
kiribati,2018,0.018
kiribati,2019,0.018
kiribati,2020,0.018
kiribati,2021,0.0187824107181165
kiribati,2022,0.0185706591984446
kosovo,2004,0.0448146885419112
kosovo,2005,0.0443472726549958
kosovo,2006,0.0438798567680804
kosovo,2007,0.0453418826981057
kosovo,2008,2.00930569943691
kosovo,2009,2.21319734345259
kosovo,2010,2.28020951367239
kosovo,2011,2.2637732588446
kosovo,2012,2.14186008734257
kosovo,2013,2.1750454374161
kosovo,2014,1.94669088886955
kosovo,2015,2.26271540772131
kosovo,2016,2.39997201042623
kosovo,2017,2.18954816496684
kosovo,2018,2.19559359685646
kosovo,2019,2.28975452856077
kosovo,2020,2.30660001255023
kosovo,2021,2.20750821795007
kosovo,2022,2.18818905113037
kuwait,1946,0.67
kuwait,1947,1.842
kuwait,1948,0.092
kuwait,1949,0.29
kuwait,1950,0.105
kuwait,1951,0.032
kuwait,1952,0
kuwait,1953,0
kuwait,1954,0.383
kuwait,1955,0.504
kuwait,1956,0.284
kuwait,1957,0.6
kuwait,1958,1.007
kuwait,1959,1.037
kuwait,1960,2.128
kuwait,1961,2.722
kuwait,1962,3.897
kuwait,1963,4.643
kuwait,1964,6.909
kuwait,1965,9.659
kuwait,1966,9.586
kuwait,1967,6.938
kuwait,1968,6.31803235822847
kuwait,1969,7.317
kuwait,1970,6.829
kuwait,1971,7.401
kuwait,1972,7.536
kuwait,1973,6.611
kuwait,1974,5.27074853496989
kuwait,1975,4.5886837007874
kuwait,1976,5.03717142529696
kuwait,1977,4.6947084151932
kuwait,1978,5.72368441547527
kuwait,1979,4.81104933091734
kuwait,1980,6.71839037459226
kuwait,1981,6.86125035784918
kuwait,1982,5.75608022497731
kuwait,1983,5.87915330451754
kuwait,1984,7.7197711745872
kuwait,1985,7.93399969221995
kuwait,1986,9.61524708728783
kuwait,1987,8.56382584182294
kuwait,1988,8.95881852289366
kuwait,1989,9.76300352162949
kuwait,1990,10.3185144802242
kuwait,1991,4.07107931188796
kuwait,1992,8.09181067846969
kuwait,1993,13.4086880551344
kuwait,1994,15.6104330399165
kuwait,1995,15.3186932369384
kuwait,1996,14.0903038169829
kuwait,1997,15.4532906861037
kuwait,1998,14.4136875558288
kuwait,1999,15.0049254813427
kuwait,2000,14.9807877588482
kuwait,2001,16.1164560747472
kuwait,2002,16.3716256424536
kuwait,2003,17.0131539192892
kuwait,2004,17.9122972375391
kuwait,2005,20.3128871614273
kuwait,2006,20.75522701183
kuwait,2007,21.0585002477823
kuwait,2008,23.0024750022387
kuwait,2009,24.2130494407218
kuwait,2010,24.8007406075598
kuwait,2011,23.9947364947615
kuwait,2012,27.774579641259
kuwait,2013,22.8502414480974
kuwait,2014,20.6396102058704
kuwait,2015,25.5624039207163
kuwait,2016,29.7833881684597
kuwait,2017,28.1968744326341
kuwait,2018,28.8067339265314
kuwait,2019,29.7198288463036
kuwait,2020,26.6682344075807
kuwait,2021,28.1885339015116
kuwait,2022,29.8007654540871
kyrgyzstan,1850,0.000177814478544903
kyrgyzstan,1851,0
kyrgyzstan,1852,0
kyrgyzstan,1853,0
kyrgyzstan,1854,0
kyrgyzstan,1855,0.000539179386555512
kyrgyzstan,1856,0
kyrgyzstan,1857,0
kyrgyzstan,1858,0.000757145521546038
kyrgyzstan,1859,0.000803033128912464
kyrgyzstan,1860,0.00106115092034861
kyrgyzstan,1861,0.00134794846638878
kyrgyzstan,1862,0.0012160215952103
kyrgyzstan,1863,0.00127338110441834
kyrgyzstan,1864,0.00142825177928003
kyrgyzstan,1865,0.00136515631915119
kyrgyzstan,1866,0.00431343509244409
kyrgyzstan,1867,0.00495012564465326
kyrgyzstan,1868,0.00411841276113678
kyrgyzstan,1869,0.00558681619686243
kyrgyzstan,1870,0.0060629001232891
kyrgyzstan,1871,0.00818520196398633
kyrgyzstan,1872,0.00840316809897686
kyrgyzstan,1873,0.00788693251610456
kyrgyzstan,1874,0.00957330208682073
kyrgyzstan,1875,0.0110187617188632
kyrgyzstan,1876,0.0136802429461159
kyrgyzstan,1877,0.0139613045412353
kyrgyzstan,1878,0.0182460598790753
kyrgyzstan,1879,0.018722143805502
kyrgyzstan,1880,0.0219629560757559
kyrgyzstan,1881,0.0231330900635998
kyrgyzstan,1882,0.0243663195115725
kyrgyzstan,1883,0.027733322702084
kyrgyzstan,1884,0.0281577830702235
kyrgyzstan,1885,0.0306701295735353
kyrgyzstan,1886,0.0314559548496854
kyrgyzstan,1887,0.0332857231934216
kyrgyzstan,1888,0.0347197109236225
kyrgyzstan,1889,0.0374959111692913
kyrgyzstan,1890,0.042463244666707
kyrgyzstan,1891,0.0467537359554678
kyrgyzstan,1892,0.049489784544691
kyrgyzstan,1893,0.0580076716620839
kyrgyzstan,1894,0.0590802944842741
kyrgyzstan,1895,0.0678849791477072
kyrgyzstan,1896,0.0691067366938383
kyrgyzstan,1897,0.0799017963267902
kyrgyzstan,1898,0.0896127612357102
kyrgyzstan,1899,0.103958374488639
kyrgyzstan,1900,0.117764808355013
kyrgyzstan,1901,0.120902373508692
kyrgyzstan,1902,0.116772488845714
kyrgyzstan,1903,0.114225726636877
kyrgyzstan,1904,0.127085728601318
kyrgyzstan,1905,0.113439901360727
kyrgyzstan,1906,0.129391580871481
kyrgyzstan,1907,0.144930271915937
kyrgyzstan,1908,0.145819344308662
kyrgyzstan,1909,0.153929978910678
kyrgyzstan,1910,0.150958756333702
kyrgyzstan,1911,0.156511156825039
kyrgyzstan,1912,0.17729250701111
kyrgyzstan,1913,0.192596024067813
kyrgyzstan,1914,0.173822256704024
kyrgyzstan,1915,0.159545474862144
kyrgyzstan,1916,0.170048000998135
kyrgyzstan,1917,0.156499684923198
kyrgyzstan,1918,0.0624128819692609
kyrgyzstan,1919,0.053309927857946
kyrgyzstan,1920,0.0486121840538081
kyrgyzstan,1921,0.0527191249131033
kyrgyzstan,1922,0.0642942738712844
kyrgyzstan,1923,0.0710225443013867
kyrgyzstan,1924,0.0846167479836905
kyrgyzstan,1925,0.0835154454068963
kyrgyzstan,1926,0.121005620625267
kyrgyzstan,1927,0.150442520750829
kyrgyzstan,1928,0.167499125919684
kyrgyzstan,1929,0.180435194907955
kyrgyzstan,1930,0.245217209729755
kyrgyzstan,1931,0.294517266099528
kyrgyzstan,1932,0.331823186972092
kyrgyzstan,1933,0.37064109214005
kyrgyzstan,1934,0.44838943497542
kyrgyzstan,1935,0.507651877117144
kyrgyzstan,1936,0.582265897388721
kyrgyzstan,1937,0.595284516256693
kyrgyzstan,1938,0.628283106937079
kyrgyzstan,1939,0.635976639437368
kyrgyzstan,1940,0.762250647619233
kyrgyzstan,1941,0.669869454612832
kyrgyzstan,1942,0.363538833409593
kyrgyzstan,1943,0.379410209607456
kyrgyzstan,1944,0.550215356127137
kyrgyzstan,1945,0.582865562248879
kyrgyzstan,1946,0.655318301915226
kyrgyzstan,1947,0.789264058951368
kyrgyzstan,1948,0.840178819815045
kyrgyzstan,1949,0.955207434359464
kyrgyzstan,1950,1.06508226389634
kyrgyzstan,1951,1.154562029324
kyrgyzstan,1952,1.23659266387913
kyrgyzstan,1953,1.30852576965017
kyrgyzstan,1954,1.42952130729511
kyrgyzstan,1955,1.6212066315731
kyrgyzstan,1956,1.7775378673612
kyrgyzstan,1957,1.9454453976796
kyrgyzstan,1958,2.07687529082941
kyrgyzstan,1959,2.18423165861034
kyrgyzstan,1960,2.27495518707067
kyrgyzstan,1961,2.34641440378426
kyrgyzstan,1962,2.46298458106453
kyrgyzstan,1963,2.6407947803915
kyrgyzstan,1964,2.80782946330318
kyrgyzstan,1965,2.97869156466874
kyrgyzstan,1966,3.14601010484612
kyrgyzstan,1967,3.28956965679582
kyrgyzstan,1968,3.38169599529707
kyrgyzstan,1969,3.52149460462074
kyrgyzstan,1970,3.70582271072952
kyrgyzstan,1971,3.93237700563087
kyrgyzstan,1972,4.13705627286085
kyrgyzstan,1973,4.31179632771111
kyrgyzstan,1974,4.47593548827411
kyrgyzstan,1975,4.7043269631513
kyrgyzstan,1976,4.8812516211692
kyrgyzstan,1977,5.04358757010864
kyrgyzstan,1978,5.21334099922088
kyrgyzstan,1979,5.25167233321336
kyrgyzstan,1980,5.45535142582645
kyrgyzstan,1981,5.34834458356429
kyrgyzstan,1982,5.44696284770195
kyrgyzstan,1983,5.52135041294491
kyrgyzstan,1984,5.5668455540389
kyrgyzstan,1985,6.00228821774765
kyrgyzstan,1986,5.92477168736752
kyrgyzstan,1987,5.78675316967038
kyrgyzstan,1988,5.87102190136542
kyrgyzstan,1989,5.70851381349048
kyrgyzstan,1990,5.18493393075058
kyrgyzstan,1991,4.27306348577245
kyrgyzstan,1992,3.01355922489083
kyrgyzstan,1993,2.3111806768559
kyrgyzstan,1994,1.67698666152771
kyrgyzstan,1995,1.23006277292576
kyrgyzstan,1996,1.54255403930131
kyrgyzstan,1997,1.51765311135371
kyrgyzstan,1998,1.61053466157205
kyrgyzstan,1999,1.26704121179039
kyrgyzstan,2000,1.2487057860262
kyrgyzstan,2001,1.0526038321683
kyrgyzstan,2002,1.34204339519651
kyrgyzstan,2003,1.46711981441048
kyrgyzstan,2004,1.58519650655022
kyrgyzstan,2005,1.50629694323144
kyrgyzstan,2006,1.49034655113363
kyrgyzstan,2007,1.78009961790393
kyrgyzstan,2008,2.04172686457799
kyrgyzstan,2009,1.83113728165939
kyrgyzstan,2010,1.73462227074236
kyrgyzstan,2011,2.07974126637555
kyrgyzstan,2012,2.75291730349345
kyrgyzstan,2013,2.65660835152838
kyrgyzstan,2014,2.79377401746725
kyrgyzstan,2015,2.80152319868996
kyrgyzstan,2016,2.62600327510917
kyrgyzstan,2017,2.55477838427948
kyrgyzstan,2018,3.04899536026201
kyrgyzstan,2019,2.4689709081467
kyrgyzstan,2020,2.27861590115536
kyrgyzstan,2021,2.57472809195529
kyrgyzstan,2022,2.57906762062229
lao_people_s_democratic_republic,1955,0.007
lao_people_s_democratic_republic,1956,0.016
lao_people_s_democratic_republic,1957,0.016
lao_people_s_democratic_republic,1958,0.02
lao_people_s_democratic_republic,1959,0.021
lao_people_s_democratic_republic,1960,0.022
lao_people_s_democratic_republic,1961,0.031
lao_people_s_democratic_republic,1962,0.036
lao_people_s_democratic_republic,1963,0.04
lao_people_s_democratic_republic,1964,0.047
lao_people_s_democratic_republic,1965,0.049
lao_people_s_democratic_republic,1966,0.064
lao_people_s_democratic_republic,1967,0.087
lao_people_s_democratic_republic,1968,0.046
lao_people_s_democratic_republic,1969,0.087
lao_people_s_democratic_republic,1970,0.156
lao_people_s_democratic_republic,1971,0.115
lao_people_s_democratic_republic,1972,0.133
lao_people_s_democratic_republic,1973,0.141
lao_people_s_democratic_republic,1974,0.08
lao_people_s_democratic_republic,1975,0.069
lao_people_s_democratic_republic,1976,0.061
lao_people_s_democratic_republic,1977,0.063
lao_people_s_democratic_republic,1978,0.063
lao_people_s_democratic_republic,1979,0.061
lao_people_s_democratic_republic,1980,0.051
lao_people_s_democratic_republic,1981,0.041
lao_people_s_democratic_republic,1982,0.043
lao_people_s_democratic_republic,1983,0.049
lao_people_s_democratic_republic,1984,0.05
lao_people_s_democratic_republic,1985,0.056
lao_people_s_democratic_republic,1986,0.057
lao_people_s_democratic_republic,1987,0.058
lao_people_s_democratic_republic,1988,0.058
lao_people_s_democratic_republic,1989,0.063
lao_people_s_democratic_republic,1990,0.14
lao_people_s_democratic_republic,1991,0.149
lao_people_s_democratic_republic,1992,0.161770477196389
lao_people_s_democratic_republic,1993,0.165781820090207
lao_people_s_democratic_republic,1994,0.173107108222853
lao_people_s_democratic_republic,1995,0.183105884922485
lao_people_s_democratic_republic,1996,0.204664669831251
lao_people_s_democratic_republic,1997,0.216268881902681
lao_people_s_democratic_republic,1998,0.223817720171035
lao_people_s_democratic_republic,1999,0.230850852223023
lao_people_s_democratic_republic,2000,0.262117869469911
lao_people_s_democratic_republic,2001,0.290036577454169
lao_people_s_democratic_republic,2002,0.318168210888853
lao_people_s_democratic_republic,2003,0.333232440232134
lao_people_s_democratic_republic,2004,0.350022895502383
lao_people_s_democratic_republic,2005,0.364905066748963
lao_people_s_democratic_republic,2006,0.479622068648749
lao_people_s_democratic_republic,2007,0.500923270261763
lao_people_s_democratic_republic,2008,0.581697876598939
lao_people_s_democratic_republic,2009,0.728017452847421
lao_people_s_democratic_republic,2010,0.820009033078959
lao_people_s_democratic_republic,2011,0.865203015222017
lao_people_s_democratic_republic,2012,0.927396891171851
lao_people_s_democratic_republic,2013,1.16298016842796
lao_people_s_democratic_republic,2014,1.21443592259623
lao_people_s_democratic_republic,2015,2.51890057016698
lao_people_s_democratic_republic,2016,4.4918453204763
lao_people_s_democratic_republic,2017,5.37222899768159
lao_people_s_democratic_republic,2018,5.61083679444797
lao_people_s_democratic_republic,2019,5.33142278516013
lao_people_s_democratic_republic,2020,5.36978364096711
lao_people_s_democratic_republic,2021,6.37744874374968
lao_people_s_democratic_republic,2022,6.33007813096391
latvia,1850,0.000205358009754538
latvia,1851,0
latvia,1852,0
latvia,1853,0
latvia,1854,0
latvia,1855,0.000622698481191181
latvia,1856,0
latvia,1857,0
latvia,1858,0.000874427654438679
latvia,1859,0.000927423269859205
latvia,1860,0.00122552360659966
latvia,1861,0.00155674620297795
latvia,1862,0.00140438380864394
latvia,1863,0.0014706283279196
latvia,1864,0.00164948852996387
latvia,1865,0.00157661955876065
latvia,1866,0.00498158784952945
latvia,1867,0.00571690201348925
latvia,1868,0.00475635648399221
latvia,1869,0.00645221617744904
latvia,1870,0.007002045687437
latvia,1871,0.00945309290063633
latvia,1872,0.00970482207388383
latvia,1873,0.00910862140040291
latvia,1874,0.0110562102671072
latvia,1875,0.0127255721528538
latvia,1876,0.0157993178472443
latvia,1877,0.016123915991695
latvia,1878,0.0210723815815867
latvia,1879,0.0216222110915746
latvia,1880,0.0253650264306493
latvia,1881,0.0267164146238727
latvia,1882,0.0281406717882993
latvia,1883,0.0320292250697804
latvia,1884,0.0325194345124203
latvia,1885,0.0354209444566941
latvia,1886,0.0363284943707706
latvia,1887,0.0384416945356641
latvia,1888,0.0400978075175555
latvia,1889,0.0433040422504973
latvia,1890,0.0490408176197693
latvia,1891,0.0539959076615885
latvia,1892,0.0571557712310373
latvia,1893,0.0669930823434725
latvia,1894,0.0682318548539273
latvia,1895,0.0784003885627407
latvia,1896,0.0798113968233122
latvia,1897,0.092278615350991
latvia,1898,0.10349381246436
latvia,1899,0.120061566735202
latvia,1900,0.136006622524852
latvia,1901,0.139630197729231
latvia,1902,0.134860592341384
latvia,1903,0.131919335685544
latvia,1904,0.146771356907147
latvia,1905,0.131011785771468
latvia,1906,0.149434386582028
latvia,1907,0.167380026853804
latvia,1908,0.168406816902577
latvia,1909,0.177773791928155
latvia,1910,0.174342325829675
latvia,1911,0.180754795295559
latvia,1912,0.20475518462913
latvia,1913,0.222429222371875
latvia,1914,0.200747391212953
latvia,1915,0.184259130365241
latvia,1916,0.196388501844614
latvia,1917,0.180741546391704
latvia,1918,0.072080661423843
latvia,1919,0.0615676562147961
latvia,1920,0.0561422300861198
latvia,1921,0.0608853376662568
latvia,1922,0.0742534816560845
latvia,1923,0.0820239637671191
latvia,1924,0.09772391483545
latvia,1925,0.0964520200653574
latvia,1926,0.139749437863927
latvia,1927,0.173746125156195
latvia,1928,0.191727121439756
latvia,1929,0.206380773112919
latvia,1930,0.282129223478904
latvia,1931,0.339094049834376
latvia,1932,0.381235690944903
latvia,1933,0.425609770356418
latvia,1934,0.513889762540442
latvia,1935,0.581427039481391
latvia,1936,0.665161002936324
latvia,1937,0.679868159257726
latvia,1938,0.716173114584855
latvia,1939,0.724597671384487
latvia,1940,0.878273966885138
latvia,1941,0.77180582128546
latvia,1942,0.41985113871719
latvia,1943,0.438180997200764
latvia,1944,0.635443926699817
latvia,1945,0.672391618797
latvia,1946,0.755408284303619
latvia,1947,0.909520734189285
latvia,1948,0.967654213578572
latvia,1949,1.09997452232321
latvia,1950,1.22587071842452
latvia,1951,1.32841208016381
latvia,1952,1.42266029843244
latvia,1953,1.50520266283846
latvia,1954,1.64385437319818
latvia,1955,1.86410962274339
latvia,1956,2.04431716635382
latvia,1957,2.23737336586324
latvia,1958,2.3885845884205
latvia,1959,2.51167166933985
latvia,1960,2.61566470609113
latvia,1961,2.69834999596942
latvia,1962,2.83334669706406
latvia,1963,3.03915983230276
latvia,1964,3.23254837192741
latvia,1965,3.42956009097519
latvia,1966,3.62238602872703
latvia,1967,3.78897255196535
latvia,1968,3.89653383754882
latvia,1969,4.05873941294921
latvia,1970,4.26982591999311
latvia,1971,4.53324854706173
latvia,1972,4.77236069633585
latvia,1973,4.97710877733698
latvia,1974,5.17015782309332
latvia,1975,5.43741031224988
latvia,1976,5.64691760632776
latvia,1977,5.83983458248869
latvia,1978,6.04163552226676
latvia,1979,6.09137916998421
latvia,1980,6.33086290067266
latvia,1981,6.21446774991979
latvia,1982,6.33136100238696
latvia,1983,6.42346959706847
latvia,1984,6.48171925928382
latvia,1985,6.98701838912897
latvia,1986,6.57513962305459
latvia,1987,5.41337228631954
latvia,1988,5.29676440094011
latvia,1989,4.94565178718139
latvia,1990,5.36646326550676
latvia,1991,4.89101977808376
latvia,1992,3.87408465673851
latvia,1993,3.2540274213329
latvia,1994,2.83057833708779
latvia,1995,2.49317027971963
latvia,1996,2.51437645023964
latvia,1997,2.36924292274816
latvia,1998,2.26719326146347
latvia,1999,2.10666375000939
latvia,2000,1.93301722604687
latvia,2001,2.04624365541287
latvia,2002,2.05277157907175
latvia,2003,2.10889160349287
latvia,2004,2.1102995130678
latvia,2005,2.1320143284298
latvia,2006,2.26825205846664
latvia,2007,2.35771283333476
latvia,2008,2.23770141696607
latvia,2009,2.03516163885975
latvia,2010,2.33495277705577
latvia,2011,2.13207331731016
latvia,2012,2.05256175631618
latvia,2013,2.01136859327169
latvia,2014,1.95775305040651
latvia,2015,1.98238359518032
latvia,2016,1.96824146159327
latvia,2017,1.96951492125937
latvia,2018,2.14601754511869
latvia,2019,2.08805862215031
latvia,2020,1.91045654404098
latvia,2021,1.9761180340657
latvia,2022,1.79897768282273
lebanon,1931,0.000991889763779527
lebanon,1932,0.00297566929133858
lebanon,1933,0.00396755905511811
lebanon,1935,0.0138864566929134
lebanon,1936,0.0158702362204724
lebanon,1937,0.016862125984252
lebanon,1938,0.016862125984252
lebanon,1939,0.0158702362204724
lebanon,1940,0.00595133858267717
lebanon,1941,0.00595133858267717
lebanon,1942,0.0952214173228346
lebanon,1943,0.00991889763779527
lebanon,1944,0.0178540157480315
lebanon,1945,0.0198377952755905
lebanon,1946,0.0198377952755905
lebanon,1947,0.0228134645669291
lebanon,1948,0.0277729133858268
lebanon,1949,0.0317404724409449
lebanon,1950,0.412708736733995
lebanon,1951,0.39766831369763
lebanon,1952,0.320683700787402
lebanon,1953,0.340667480314961
lebanon,1954,0.356626929133858
lebanon,1955,0.442497165354331
lebanon,1956,0.514464724409449
lebanon,1957,0.563383622047244
lebanon,1958,0.540440393700787
lebanon,1959,0.668180866141732
lebanon,1960,0.703057874351766
lebanon,1961,0.731034881889764
lebanon,1962,0.778051102362205
lebanon,1963,0.825010551181102
lebanon,1964,0.890026771653543
lebanon,1965,0.903929448818898
lebanon,1966,0.98879157480315
lebanon,1967,0.972880787401575
lebanon,1968,1.00800145130296
lebanon,1969,1.18562125984252
lebanon,1970,1.07552530626853
lebanon,1971,1.44668087525145
lebanon,1972,1.54294709315797
lebanon,1973,1.92869344157794
lebanon,1974,1.93445985706243
lebanon,1975,1.70990698052921
lebanon,1976,1.61681855220211
lebanon,1977,1.46984419284505
lebanon,1978,1.49996736683761
lebanon,1979,1.57893202559771
lebanon,1980,1.60746680164454
lebanon,1981,1.59504517469659
lebanon,1982,1.56097765041768
lebanon,1983,1.89470523653655
lebanon,1984,1.83220049998082
lebanon,1985,2.11925064227827
lebanon,1986,2.04106124119369
lebanon,1987,2.09343991620924
lebanon,1988,2.00481859122479
lebanon,1989,2.10719726624034
lebanon,1990,2.14743320781895
lebanon,1991,2.2148341853402
lebanon,1992,2.65472527143574
lebanon,1993,2.82612046794229
lebanon,1994,3.03243053786815
lebanon,1995,3.3446344704981
lebanon,1996,3.48056212961926
lebanon,1997,4.12082240067368
lebanon,1998,4.44500407900903
lebanon,1999,4.48408087938599
lebanon,2000,4.22114192139738
lebanon,2001,4.47778542726582
lebanon,2002,4.43333623417393
lebanon,2003,5.05704908500261
lebanon,2004,4.69661981416801
lebanon,2005,4.54426607398391
lebanon,2006,4.03722040378835
lebanon,2007,3.7516611739927
lebanon,2008,4.7537595342913
lebanon,2009,5.71985666188141
lebanon,2010,5.45758603264484
lebanon,2011,5.53060262008734
lebanon,2012,6.09498679964306
lebanon,2013,6.04895851528384
lebanon,2014,6.54804254702505
lebanon,2015,7.02362233477296
lebanon,2016,7.21657599458998
lebanon,2017,7.593909345772
lebanon,2018,7.13978767601863
lebanon,2019,7.00364587968687
lebanon,2020,6.08068955117918
lebanon,2021,6.40606981985062
lebanon,2022,6.52415975548555
lesotho,1990,0.402
lesotho,1991,0.417
lesotho,1992,0.433
lesotho,1993,0.446
lesotho,1994,0.457
lesotho,1995,0.466
lesotho,1996,0.474
lesotho,1997,0.483
lesotho,1998,0.492
lesotho,1999,0.498
lesotho,2000,0.505
lesotho,2001,0.512
lesotho,2002,0.52
lesotho,2003,0.527
lesotho,2004,0.541
lesotho,2005,0.549
lesotho,2006,0.556
lesotho,2007,0.566
lesotho,2008,0.58
lesotho,2009,0.605
lesotho,2010,0.621
lesotho,2011,0.836
lesotho,2012,0.844
lesotho,2013,0.637
lesotho,2014,0.675
lesotho,2015,0.612
lesotho,2016,0.604
lesotho,2017,0.686
lesotho,2018,0.647
lesotho,2019,0.652
lesotho,2020,0.593
lesotho,2021,0.676998176498578
lesotho,2022,0.855538631273252
liberia,1950,0.013
liberia,1951,0.012
liberia,1952,0.015
liberia,1953,0.016
liberia,1954,0.028
liberia,1955,0.016
liberia,1956,0.013
liberia,1957,0.023
liberia,1958,0.044
liberia,1959,0.039
liberia,1960,0.045
liberia,1961,0.044
liberia,1962,0.069
liberia,1963,0.097
liberia,1964,0.132
liberia,1965,0.152
liberia,1966,0.167
liberia,1967,0.167
liberia,1968,0.240943228346457
liberia,1969,0.346918897637795
liberia,1970,0.395902677165354
liberia,1971,0.415902677165354
liberia,1972,0.410902677165354
liberia,1973,0.403902677165354
liberia,1974,0.469902677165354
liberia,1975,0.404902677165354
liberia,1976,0.402729579234889
liberia,1977,0.401572701776865
liberia,1978,0.410248916981367
liberia,1979,0.529994285025394
liberia,1980,0.556102069402793
liberia,1981,0.528095878809801
liberia,1982,0.163047961382442
liberia,1983,0.192826946024617
liberia,1984,0.18980143966269
liberia,1985,0.195437847676052
liberia,1986,0.197292175750744
liberia,1987,0.207003927196623
liberia,1988,0.220847049738599
liberia,1989,0.180020147669064
liberia,1990,0.124490135486494
liberia,1991,0.102223747135148
liberia,1992,0.106893628430329
liberia,1993,0.113892268320066
liberia,1994,0.113334090578676
liberia,1995,0.113555967562212
liberia,1996,0.116665352479891
liberia,1997,0.121775974394135
liberia,1998,0.129106834710935
liberia,1999,0.102657701859659
liberia,2000,0.108834384490464
liberia,2001,0.113924069261984
liberia,2002,0.11791128707005
liberia,2003,0.126725767421217
liberia,2004,0.149146173863066
liberia,2005,0.177557848868568
liberia,2006,0.183606367083017
liberia,2007,0.170611649133075
liberia,2008,0.14486782222466
liberia,2009,0.128462549949268
liberia,2010,0.206577588904083
liberia,2011,0.231455104094561
liberia,2012,0.262731153651977
liberia,2013,0.238609412693997
liberia,2014,0.22419826546909
liberia,2015,0.127515535965386
liberia,2016,0.135677177557663
liberia,2017,0.243140697148104
liberia,2018,0.115111268256739
liberia,2019,0.278274593409824
liberia,2020,0.209994842153022
liberia,2021,0.23615033943994
liberia,2022,0.239337861713797
libyan_arab_jamahiriyah,1950,0.039
libyan_arab_jamahiriyah,1951,0.046
libyan_arab_jamahiriyah,1952,0.045
libyan_arab_jamahiriyah,1953,0.068
libyan_arab_jamahiriyah,1954,0.082
libyan_arab_jamahiriyah,1955,0.117
libyan_arab_jamahiriyah,1956,0.09
libyan_arab_jamahiriyah,1957,0.085
libyan_arab_jamahiriyah,1958,0.096
libyan_arab_jamahiriyah,1959,0.118
libyan_arab_jamahiriyah,1960,0.189
libyan_arab_jamahiriyah,1961,0.326
libyan_arab_jamahiriyah,1962,0.286
libyan_arab_jamahiriyah,1963,0.399
libyan_arab_jamahiriyah,1964,0.181
libyan_arab_jamahiriyah,1965,0.277
libyan_arab_jamahiriyah,1966,0.717
libyan_arab_jamahiriyah,1967,5.047
libyan_arab_jamahiriyah,1968,8.219
libyan_arab_jamahiriyah,1969,9.69492700787402
libyan_arab_jamahiriyah,1970,8.81689456692913
libyan_arab_jamahiriyah,1971,5.9029188976378
libyan_arab_jamahiriyah,1972,4.15393511811024
libyan_arab_jamahiriyah,1973,3.97791076496944
libyan_arab_jamahiriyah,1974,2.54846472440945
libyan_arab_jamahiriyah,1975,3.15731874015748
libyan_arab_jamahiriyah,1976,4.88205877650096
libyan_arab_jamahiriyah,1977,5.51262275743815
libyan_arab_jamahiriyah,1978,5.7738488270497
libyan_arab_jamahiriyah,1979,7.07597766335762
libyan_arab_jamahiriyah,1980,7.30910381571083
libyan_arab_jamahiriyah,1981,7.8242256068553
libyan_arab_jamahiriyah,1982,8.34200391187872
libyan_arab_jamahiriyah,1983,8.22762469589292
libyan_arab_jamahiriyah,1984,7.71730653503902
libyan_arab_jamahiriyah,1985,8.46129297971802
libyan_arab_jamahiriyah,1986,9.25095335090075
libyan_arab_jamahiriyah,1987,8.82867437722577
libyan_arab_jamahiriyah,1988,9.8690948672974
libyan_arab_jamahiriyah,1989,10.1169545531295
libyan_arab_jamahiriyah,1990,9.9655517526225
libyan_arab_jamahiriyah,1991,11.6320541094222
libyan_arab_jamahiriyah,1992,10.1049181737197
libyan_arab_jamahiriyah,1993,10.5645000512128
libyan_arab_jamahiriyah,1994,14.0174520131932
libyan_arab_jamahiriyah,1995,14.9005596630836
libyan_arab_jamahiriyah,1996,14.7248748503719
libyan_arab_jamahiriyah,1997,14.1318111216853
libyan_arab_jamahiriyah,1998,14.0973363255714
libyan_arab_jamahiriyah,1999,13.7172262431108
libyan_arab_jamahiriyah,2000,14.5301697989236
libyan_arab_jamahiriyah,2001,14.4960725336857
libyan_arab_jamahiriyah,2002,14.3354248187641
libyan_arab_jamahiriyah,2003,15.1411733505424
libyan_arab_jamahiriyah,2004,15.515933011767
libyan_arab_jamahiriyah,2005,16.5579994470121
libyan_arab_jamahiriyah,2006,15.2140345084425
libyan_arab_jamahiriyah,2007,14.081688793998
libyan_arab_jamahiriyah,2008,14.6020192424536
libyan_arab_jamahiriyah,2009,14.5734449021456
libyan_arab_jamahiriyah,2010,16.6718282899833
libyan_arab_jamahiriyah,2011,15.2460488906052
libyan_arab_jamahiriyah,2012,15.0869989523143
libyan_arab_jamahiriyah,2013,11.860908934219
libyan_arab_jamahiriyah,2014,16.5398804668949
libyan_arab_jamahiriyah,2015,14.8882931927684
libyan_arab_jamahiriyah,2016,14.0964519506571
libyan_arab_jamahiriyah,2017,14.5843408379515
libyan_arab_jamahiriyah,2018,14.7433049818428
libyan_arab_jamahiriyah,2019,19.2487544966119
libyan_arab_jamahiriyah,2020,12.846096032363
libyan_arab_jamahiriyah,2021,17.4469990506145
libyan_arab_jamahiriyah,2022,17.1837616307565
liechtenstein,1959,0.00319536594108595
liechtenstein,1960,0.00421615790774248
liechtenstein,1961,0.00460267455262328
liechtenstein,1962,0.00473736875395108
liechtenstein,1963,0.00512270559560857
liechtenstein,1964,0.0156957476879499
liechtenstein,1965,0.0170503036597884
liechtenstein,1966,0.0166758883683638
liechtenstein,1967,0.0165540548166504
liechtenstein,1968,0.0201529094877066
liechtenstein,1969,0.0238979011461392
liechtenstein,1970,0.0302960676613215
liechtenstein,1971,0.0317150108691475
liechtenstein,1972,0.0293461949773105
liechtenstein,1973,0.0367255540080555
liechtenstein,1974,0.0297975363898216
liechtenstein,1975,0.0375165666704109
liechtenstein,1976,0.0364822032780278
liechtenstein,1977,0.0415609822478376
liechtenstein,1978,0.0414553765234323
liechtenstein,1979,0.0356634991944987
liechtenstein,1980,0.0430751857226236
liechtenstein,1981,0.0404531665048334
liechtenstein,1982,0.0283279383485732
liechtenstein,1983,0.0356721048347007
liechtenstein,1984,0.0372384718042219
liechtenstein,1985,0.0464585876497
liechtenstein,1986,0.0532584559505368
liechtenstein,1987,0.0368758634904247
liechtenstein,1988,0.0488573601603115
liechtenstein,1989,0.0510748960068899
liechtenstein,1990,0.0543042728709318
liechtenstein,1991,0.0563125413364917
liechtenstein,1992,0.056482120921697
liechtenstein,1993,0.0586884334703547
liechtenstein,1994,0.0548883980147711
liechtenstein,1995,0.0557318816097709
liechtenstein,1996,0.0562118906644269
liechtenstein,1997,0.0596005707975794
liechtenstein,1998,0.0625651507944186
liechtenstein,1999,0.0618358069214123
liechtenstein,2000,0.0591866806967008
liechtenstein,2001,0.0585892603934517
liechtenstein,2002,0.0600486553642167
liechtenstein,2003,0.0625967565810698
liechtenstein,2004,0.0626066675046091
liechtenstein,2005,0.0624962668515368
liechtenstein,2006,0.0630788209567703
liechtenstein,2007,0.054801835443967
liechtenstein,2008,0.0599169942874119
liechtenstein,2009,0.0560520397038051
liechtenstein,2010,0.052082543358832
liechtenstein,2011,0.0482483604558682
liechtenstein,2012,0.0505800893268184
liechtenstein,2013,0.0525504603328591
liechtenstein,2014,0.0440117821513374
liechtenstein,2015,0.0436063849065716
liechtenstein,2016,0.0408947205010553
liechtenstein,2017,0.0425134815807985
liechtenstein,2018,0.0390148479411555
liechtenstein,2019,0.04067189418461
liechtenstein,2020,0.0387361839778703
liechtenstein,2021,0.0398154783721143
liechtenstein,2022,0.0409209454916546
lithuania,1850,0.000321353162287606
lithuania,1851,0
lithuania,1852,0
lithuania,1853,0
lithuania,1854,0
lithuania,1855,0.000974425717904353
lithuania,1856,0
lithuania,1857,0
lithuania,1858,0.00136834249748271
lithuania,1859,0.00145127234581499
lithuania,1860,0.0019177527426841
lithuania,1861,0.00243606429476088
lithuania,1862,0.00219764098080556
lithuania,1863,0.00230130329122092
lithuania,1864,0.00258119152934238
lithuania,1865,0.00246716298788549
lithuania,1866,0.00779540574323482
lithuania,1867,0.00894605738884528
lithuania,1868,0.00744295388782261
lithuania,1869,0.0100967090344557
lithuania,1870,0.0109571062109032
lithuania,1871,0.0147926116962714
lithuania,1872,0.0151865284758498
lithuania,1873,0.0142535676821115
lithuania,1874,0.017301239608323
lithuania,1875,0.01991352983079
lithuania,1876,0.0247234610340626
lithuania,1877,0.0252314063550978
lithuania,1878,0.0329749809431249
lithuania,1879,0.0338353781195724
lithuania,1880,0.0396922986580401
lithuania,1881,0.0418070097905134
lithuania,1882,0.0440357494644435
lithuania,1883,0.050120727085825
lithuania,1884,0.0508878281828986
lithuania,1885,0.0554282373790912
lithuania,1886,0.0568484110317816
lithuania,1887,0.0601552387340315
lithuania,1888,0.0627467964944154
lithuania,1889,0.0677640523185186
lithuania,1890,0.0767412084004886
lithuania,1891,0.0844951492195572
lithuania,1892,0.0894398414263697
lithuania,1893,0.10483369452305
lithuania,1894,0.106772179727817
lithuania,1895,0.122684344376575
lithuania,1896,0.124892351588422
lithuania,1897,0.144401598408592
lithuania,1898,0.161951627561912
lithuania,1899,0.187877571396792
lithuania,1900,0.212829089513769
lithuania,1901,0.218499417893489
lithuania,1902,0.211035731543583
lithuania,1903,0.206433124961141
lithuania,1904,0.229674214956264
lithuania,1905,0.205012951308451
lithuania,1906,0.233841439834962
lithuania,1907,0.261923559726482
lithuania,1908,0.26353032553792
lithuania,1909,0.278188176230651
lithuania,1910,0.272818468551136
lithuania,1911,0.282852980199342
lithuania,1912,0.320409835262826
lithuania,1913,0.348066939681643
lithuania,1914,0.314138265482697
lithuania,1915,0.288336716420315
lithuania,1916,0.307317285457366
lithuania,1917,0.282832247737259
lithuania,1918,0.11279495996295
lithuania,1919,0.0963437513000325
lithuania,1920,0.0878538080770148
lithuania,1921,0.0952760295027543
lithuania,1922,0.116195083744573
lithuania,1923,0.128354672756295
lithuania,1924,0.152922640324734
lithuania,1925,0.150932323964759
lithuania,1926,0.218686010052236
lithuania,1927,0.271885507757397
lithuania,1928,0.299268505103614
lithuania,1929,0.322512221481822
lithuania,1930,0.440392073623184
lithuania,1931,0.529342722727653
lithuania,1932,0.595422843927346
lithuania,1933,0.665909735055188
lithuania,1934,0.804747107395603
lithuania,1935,0.909659635402221
lithuania,1936,1.04146436191263
lithuania,1937,1.06597951968853
lithuania,1938,1.12522726142617
lithuania,1939,1.13905267646013
lithuania,1940,1.36502599905338
lithuania,1941,1.19997124444594
lithuania,1942,0.657001357181489
lithuania,1943,0.685684718473418
lithuania,1944,0.994370346428267
lithuania,1945,1.04855985210855
lithuania,1946,1.17545690897029
lithuania,1947,1.41400276419147
lithuania,1948,1.50216941743327
lithuania,1949,1.70706389712542
lithuania,1950,1.8998217181636
lithuania,1951,2.05695522849625
lithuania,1952,2.20282376639799
lithuania,1953,2.33022397081517
lithuania,1954,2.54310821116109
lithuania,1955,2.88366607071941
lithuania,1956,3.16490466124987
lithuania,1957,3.46388646774107
lithuania,1958,3.69856468390096
lithuania,1959,3.88820599885646
lithuania,1960,4.04850096762501
lithuania,1961,4.17820923795137
lithuania,1962,4.39059351583116
lithuania,1963,4.71288465300326
lithuania,1964,5.01506154681928
lithuania,1965,5.32047553502873
lithuania,1966,5.61976138325707
lithuania,1967,5.88268819702173
lithuania,1968,6.05420258682953
lithuania,1969,6.31026540157777
lithuania,1970,6.63996128229699
lithuania,1971,7.06038070866143
lithuania,1972,7.44287383806692
lithuania,1973,7.77305116886862
lithuania,1974,8.08601507288715
lithuania,1975,8.51333973004432
lithuania,1976,8.84635878516158
lithuania,1977,9.15512900648312
lithuania,1978,9.48118265790332
lithuania,1979,9.56214923461841
lithuania,1980,9.94056397212194
lithuania,1981,9.77204987765344
lithuania,1982,9.95927687464557
lithuania,1983,10.1120158038818
lithuania,1984,10.2092471595141
lithuania,1985,10.9991598676657
lithuania,1986,9.90982590464975
lithuania,1987,9.84433301414204
lithuania,1988,10.0408572621575
lithuania,1989,10.0704360312135
lithuania,1990,9.75373170845555
lithuania,1991,10.3221552616294
lithuania,1992,5.77741297208357
lithuania,1993,4.45407015843871
lithuania,1994,4.30323205515951
lithuania,1995,4.10953678527986
lithuania,1996,4.29584142077712
lithuania,1997,4.13833143782721
lithuania,1998,4.3660078111593
lithuania,1999,3.6707411919441
lithuania,2000,3.23226929312332
lithuania,2001,3.43715521410186
lithuania,2002,3.45688566191551
lithuania,2003,3.45508481598471
lithuania,2004,3.61740418070081
lithuania,2005,3.78347433075172
lithuania,2006,3.8743948432782
lithuania,2007,4.22354062009701
lithuania,2008,4.07171057158406
lithuania,2009,3.50177755182256
lithuania,2010,3.7672404579089
lithuania,2011,3.81030328322636
lithuania,2012,3.83623131782679
lithuania,2013,3.59013353708742
lithuania,2014,3.50843256809325
lithuania,2015,3.56317074297837
lithuania,2016,3.58126008300247
lithuania,2017,3.62614288253904
lithuania,2018,3.66668832287549
lithuania,2019,3.73301721831589
lithuania,2020,3.69505282356425
lithuania,2021,3.77447448285628
lithuania,2022,3.45720970806413
luxembourg,1945,0.00694322834645669
luxembourg,1946,0.00991889763779527
luxembourg,1947,0.0119026771653543
luxembourg,1948,0.0138864566929134
luxembourg,1949,0.0158702362204724
luxembourg,1950,2.02485401574803
luxembourg,1951,2.45885401574803
luxembourg,1952,2.56587829902841
luxembourg,1953,2.36183779527559
luxembourg,1954,2.39682968503937
luxembourg,1955,2.69782962188959
luxembourg,1956,2.82982157480315
luxembourg,1957,2.95778906254743
luxembourg,1958,2.75278102362205
luxembourg,1959,2.84378913385827
luxembourg,1960,3.14076480314961
luxembourg,1961,3.16074858267717
luxembourg,1962,3.14974858267717
luxembourg,1963,3.12177291338583
luxembourg,1964,3.35577298103153
luxembourg,1965,3.32775669291339
luxembourg,1966,3.1687648773442
luxembourg,1967,3.09779724409449
luxembourg,1968,3.3457891968598
luxembourg,1969,3.59777291338583
luxembourg,1970,3.74873236220472
luxembourg,1971,3.60098583199443
luxembourg,1972,3.68264090457492
luxembourg,1973,3.86881903663082
luxembourg,1974,3.93669337984655
luxembourg,1975,3.23796001659528
luxembourg,1976,3.23739911705377
luxembourg,1977,2.98961403887178
luxembourg,1978,3.24258550806346
luxembourg,1979,3.31938761519992
luxembourg,1980,3.02226071125295
luxembourg,1981,2.58896246726409
luxembourg,1982,2.43563769337199
luxembourg,1983,2.28275925063304
luxembourg,1984,2.45748536027123
luxembourg,1985,2.52097226552389
luxembourg,1986,2.48666945810841
luxembourg,1987,2.4050927760034
luxembourg,1988,2.48355089223321
luxembourg,1989,2.6873027576999
luxembourg,1990,3.22475524431989
luxembourg,1991,3.39381150828269
luxembourg,1992,3.33036964296809
luxembourg,1993,3.3711538638449
luxembourg,1994,3.15034139493883
luxembourg,1995,2.49888879786258
luxembourg,1996,2.5129395612456
luxembourg,1997,2.33730718462887
luxembourg,1998,2.09150037137992
luxembourg,1999,2.21549981213358
luxembourg,2000,2.37544199453937
luxembourg,2001,2.51241521270496
luxembourg,2002,2.72397011732459
luxembourg,2003,2.85276141215977
luxembourg,2004,3.22645113721069
luxembourg,2005,3.29682723888916
luxembourg,2006,3.25081465466096
luxembourg,2007,3.08594511459499
luxembourg,2008,3.04926044248327
luxembourg,2009,2.90129649858272
luxembourg,2010,3.05611108855297
luxembourg,2011,3.03012159091558
luxembourg,2012,2.96724976929829
luxembourg,2013,2.82170447351201
luxembourg,2014,2.68108485751316
luxembourg,2015,2.55212778936932
luxembourg,2016,2.48204013570139
luxembourg,2017,2.5294738685514
luxembourg,2018,2.61296535298594
luxembourg,2019,2.66638170259005
luxembourg,2020,2.20188048197467
luxembourg,2021,2.30068598705516
luxembourg,2022,2.05352303470488
macau_special_adminstrative_region_of_china,1950,0
macau_special_adminstrative_region_of_china,1951,0
macau_special_adminstrative_region_of_china,1952,0
macau_special_adminstrative_region_of_china,1953,0
macau_special_adminstrative_region_of_china,1954,0.006
macau_special_adminstrative_region_of_china,1955,0.006
macau_special_adminstrative_region_of_china,1956,0.007
macau_special_adminstrative_region_of_china,1957,0.008
macau_special_adminstrative_region_of_china,1958,0.008
macau_special_adminstrative_region_of_china,1959,0.01
macau_special_adminstrative_region_of_china,1960,0.014
macau_special_adminstrative_region_of_china,1961,0.019
macau_special_adminstrative_region_of_china,1962,0.026
macau_special_adminstrative_region_of_china,1963,0.029
macau_special_adminstrative_region_of_china,1964,0.035
macau_special_adminstrative_region_of_china,1965,0.036
macau_special_adminstrative_region_of_china,1966,0.041
macau_special_adminstrative_region_of_china,1967,0.045
macau_special_adminstrative_region_of_china,1968,0.046
macau_special_adminstrative_region_of_china,1969,0.046
macau_special_adminstrative_region_of_china,1970,0.056
macau_special_adminstrative_region_of_china,1971,0.062
macau_special_adminstrative_region_of_china,1972,0.063
macau_special_adminstrative_region_of_china,1973,0.061
macau_special_adminstrative_region_of_china,1974,0.073
macau_special_adminstrative_region_of_china,1975,0.081
macau_special_adminstrative_region_of_china,1976,0.069
macau_special_adminstrative_region_of_china,1977,0.084
macau_special_adminstrative_region_of_china,1978,0.113
macau_special_adminstrative_region_of_china,1979,0.113
macau_special_adminstrative_region_of_china,1980,0.144
macau_special_adminstrative_region_of_china,1981,0.146
macau_special_adminstrative_region_of_china,1982,0.132
macau_special_adminstrative_region_of_china,1983,0.186
macau_special_adminstrative_region_of_china,1984,0.165
macau_special_adminstrative_region_of_china,1985,0.2
macau_special_adminstrative_region_of_china,1986,0.239
macau_special_adminstrative_region_of_china,1987,0.265
macau_special_adminstrative_region_of_china,1988,0.263
macau_special_adminstrative_region_of_china,1989,0.281
macau_special_adminstrative_region_of_china,1990,0.282
macau_special_adminstrative_region_of_china,1991,0.298
macau_special_adminstrative_region_of_china,1992,0.295
macau_special_adminstrative_region_of_china,1993,0.322
macau_special_adminstrative_region_of_china,1994,0.347
macau_special_adminstrative_region_of_china,1995,0.336
macau_special_adminstrative_region_of_china,1996,0.384
macau_special_adminstrative_region_of_china,1997,0.406
macau_special_adminstrative_region_of_china,1998,0.425
macau_special_adminstrative_region_of_china,1999,0.414
macau_special_adminstrative_region_of_china,2000,0.445
macau_special_adminstrative_region_of_china,2001,0.46
macau_special_adminstrative_region_of_china,2002,0.414
macau_special_adminstrative_region_of_china,2003,0.418
macau_special_adminstrative_region_of_china,2004,0.468
macau_special_adminstrative_region_of_china,2005,0.499
macau_special_adminstrative_region_of_china,2006,0.442
macau_special_adminstrative_region_of_china,2007,0.372
macau_special_adminstrative_region_of_china,2008,0.309
macau_special_adminstrative_region_of_china,2009,0.516
macau_special_adminstrative_region_of_china,2010,0.337
macau_special_adminstrative_region_of_china,2011,0.353
macau_special_adminstrative_region_of_china,2012,0.309
macau_special_adminstrative_region_of_china,2013,0.27
macau_special_adminstrative_region_of_china,2014,0.353
macau_special_adminstrative_region_of_china,2015,0.483
macau_special_adminstrative_region_of_china,2016,0.486
macau_special_adminstrative_region_of_china,2017,0.526
macau_special_adminstrative_region_of_china,2018,0.339
macau_special_adminstrative_region_of_china,2019,0.331
macau_special_adminstrative_region_of_china,2020,0.282
macau_special_adminstrative_region_of_china,2021,0.291701250051928
macau_special_adminstrative_region_of_china,2022,0.287021316753519
macedonia,1850,0
macedonia,1851,0
macedonia,1852,0
macedonia,1853,0
macedonia,1854,0
macedonia,1855,0
macedonia,1856,0
macedonia,1857,0
macedonia,1858,0
macedonia,1859,0
macedonia,1860,0
macedonia,1861,0
macedonia,1862,0
macedonia,1863,0
macedonia,1864,0
macedonia,1865,0
macedonia,1866,0
macedonia,1867,0
macedonia,1868,0
macedonia,1869,0
macedonia,1870,0
macedonia,1871,0
macedonia,1872,0
macedonia,1873,0
macedonia,1874,0
macedonia,1875,0
macedonia,1876,0
macedonia,1877,0
macedonia,1878,0
macedonia,1879,0
macedonia,1880,0
macedonia,1881,0
macedonia,1882,0
macedonia,1883,0
macedonia,1884,0
macedonia,1885,0.000705776308871028
macedonia,1886,0
macedonia,1887,0
macedonia,1888,0
macedonia,1889,0
macedonia,1890,0.00211732892661308
macedonia,1891,0.0024702170810486
macedonia,1892,0.00273488319687523
macedonia,1893,0.00485221212348832
macedonia,1894,0.00926331405393225
macedonia,1895,0.00926331405393225
macedonia,1896,0.0103219785172388
macedonia,1897,0.00802820551340795
macedonia,1898,0.0121746413280252
macedonia,1899,0.0142037482160294
macedonia,1900,0.0192324044167355
macedonia,1901,0.0209968451889131
macedonia,1902,0.0196735146097799
macedonia,1903,0.0213497333433486
macedonia,1904,0.0227612859610907
macedonia,1905,0.024702170810486
macedonia,1906,0.0295543829339743
macedonia,1907,0.0300837151656276
macedonia,1908,0.0323774881694584
macedonia,1909,0.0332597085555472
macedonia,1910,0.0329068204011117
macedonia,1911,0.0356417035979869
macedonia,1912,0.0365239239840757
macedonia,1913,0.100308457898295
macedonia,1914,0
macedonia,1915,0
macedonia,1916,0
macedonia,1917,0
macedonia,1918,0
macedonia,1919,0.071900961466236
macedonia,1920,0.0954562457748066
macedonia,1921,0.101631788477428
macedonia,1922,0.147683692631263
macedonia,1923,0.161093442499812
macedonia,1924,0.165151656275821
macedonia,1925,0.181296289341245
macedonia,1926,0.176532299256366
macedonia,1927,0.199470029294674
macedonia,1928,0.216671284891234
macedonia,1929,0.247109930143469
macedonia,1930,0.232553293773004
macedonia,1931,0.203974607829455
macedonia,1932,0.1878891089219
macedonia,1933,0.173424271243985
macedonia,1934,0.18054624296995
macedonia,1935,0.187907954845214
macedonia,1936,0.187020221105403
macedonia,1937,0.209485633677556
macedonia,1938,0.196636538675664
macedonia,1939,0.207417215752875
macedonia,1940,0.248080372568166
macedonia,1941,0
macedonia,1942,0
macedonia,1943,0.000126987986364294
macedonia,1944,0.00220555096522196
macedonia,1945,0.123715095089789
macedonia,1946,0.240382959944704
macedonia,1947,0.329267155501952
macedonia,1948,0.373664523741886
macedonia,1949,0.427818854469296
macedonia,1950,0.411679672262278
macedonia,1951,0.389640013573688
macedonia,1952,0.389288592281369
macedonia,1953,0.387163444980513
macedonia,1954,0.463418360023268
macedonia,1955,0.530900793744089
macedonia,1956,0.609862208726456
macedonia,1957,0.658698302464623
macedonia,1958,0.649052391898887
macedonia,1959,0.744586478065364
macedonia,1960,0.81381161159154
macedonia,1961,0.855026429462864
macedonia,1962,0.876175240077577
macedonia,1963,0.974225399026379
macedonia,1964,1.1060690128548
macedonia,1965,1.1387225869164
macedonia,1966,1.12703034758997
macedonia,1967,1.13892869695247
macedonia,1968,1.21614141005062
macedonia,1969,1.26050172131146
macedonia,1970,1.6559761820632
macedonia,1971,1.78178599347244
macedonia,1972,1.65683788775804
macedonia,1973,1.98838816518441
macedonia,1974,1.99387670568006
macedonia,1975,2.07864521264802
macedonia,1976,2.14245372700135
macedonia,1977,2.07712504006317
macedonia,1978,2.32547691516943
macedonia,1979,2.53369684558198
macedonia,1980,2.48585223206377
macedonia,1981,2.70316796509485
macedonia,1982,2.47540204899878
macedonia,1983,2.67448100638888
macedonia,1984,2.82733641683157
macedonia,1985,2.88933724990631
macedonia,1986,3.02188152747403
macedonia,1987,2.94790425570036
macedonia,1988,3.04758370122474
macedonia,1989,3.04003162832144
macedonia,1990,3.03127252035371
macedonia,1991,2.1273166813811
macedonia,1992,2.291
macedonia,1993,2.07402627874237
macedonia,1994,2.157
macedonia,1995,2.163
macedonia,1996,2.57002057142857
macedonia,1997,2.305
macedonia,1998,2.633
macedonia,1999,2.39702361563518
macedonia,2000,2.31102693602694
macedonia,2001,2.262
macedonia,2002,2.13802993197279
macedonia,2003,2.328
macedonia,2004,2.24503480876665
macedonia,2005,2.346
macedonia,2006,2.361
macedonia,2007,2.46
macedonia,2008,2.439
macedonia,2009,2.24795861774744
macedonia,2010,2.2340370529944
macedonia,2011,2.412
macedonia,2012,2.316
macedonia,2013,2.044
macedonia,2014,1.966
macedonia,2015,1.84403755868545
macedonia,2016,1.816
macedonia,2017,1.952
macedonia,2018,1.82094890510949
macedonia,2019,2.087
macedonia,2020,1.898
macedonia,2021,2.09848948588053
macedonia,2022,2.0710759304652
madagascar,1933,0.000991889763779528
madagascar,1934,0.00198377952755906
madagascar,1935,0.000991889763779528
madagascar,1945,0.002
madagascar,1947,0.000991889763779528
madagascar,1948,0.000991889763779528
madagascar,1949,0.000991889763779528
madagascar,1950,0.0829918897637795
madagascar,1951,0.0669918897637795
madagascar,1952,0.084
madagascar,1953,0.069
madagascar,1954,0.079
madagascar,1955,0.083
madagascar,1956,0.087
madagascar,1957,0.086
madagascar,1958,0.102
madagascar,1959,0.102
madagascar,1960,0.109
madagascar,1961,0.097
madagascar,1962,0.107983779527559
madagascar,1963,0.125951338582677
madagascar,1964,0.131950967121476
madagascar,1965,0.151959448818898
madagascar,1966,0.157943228346457
madagascar,1967,0.229935118110236
madagascar,1968,0.248927007874016
madagascar,1969,0.231918897637795
madagascar,1970,0.264918897637795
madagascar,1971,0.279919186258301
madagascar,1972,0.350927007874016
madagascar,1973,0.29291917349617
madagascar,1974,0.323935118110236
madagascar,1975,0.461935118110236
madagascar,1976,0.270806126911786
madagascar,1977,0.230786350888433
madagascar,1978,0.277624458490683
madagascar,1979,0.308470676329155
madagascar,1980,0.440485730657963
madagascar,1981,0.279623282837417
madagascar,1982,0.2765656872578
madagascar,1983,0.177508466083761
madagascar,1984,0.236455199846677
madagascar,1985,0.287399172183097
madagascar,1986,0.310343144519517
madagascar,1987,0.350004798928998
madagascar,1988,0.350926574373919
madagascar,1989,0.252674881443853
madagascar,1990,0.257722614881422
madagascar,1991,0.279712414054445
madagascar,1992,0.273702213227469
madagascar,1993,0.281692012400493
madagascar,1994,0.314454541049011
madagascar,1995,0.325447740497694
madagascar,1996,0.339885033941014
madagascar,1997,0.418990725455553
madagascar,1998,0.441881359409831
madagascar,1999,0.481096041396536
madagascar,2000,0.531627515619911
madagascar,2001,0.475715104787669
madagascar,2002,0.33728404837225
madagascar,2003,0.461806139369734
madagascar,2004,0.492460829485797
madagascar,2005,0.47518551473335
madagascar,2006,0.457071714707094
madagascar,2007,0.47353145843467
madagascar,2008,0.485796293148358
madagascar,2009,0.465714887223909
madagascar,2010,0.510874174172815
madagascar,2011,0.64791064638733
madagascar,2012,0.748966688578863
madagascar,2013,0.875433839791852
madagascar,2014,0.861863524814792
madagascar,2015,0.880863524814792
madagascar,2016,0.891863524814792
madagascar,2017,1.12415136641972
madagascar,2018,1.03474838817282
madagascar,2019,1.16167034203613
madagascar,2020,1.08186352481479
madagascar,2021,1.16448567128358
madagascar,2022,1.2018540854387
malawi,1950,0.0640148601730052
malawi,1951,0.0705879374977207
malawi,1952,0.0794010312262489
malawi,1953,0.0865407743267655
malawi,1954,0.095150483838041
malawi,1955,0.11221064406009
malawi,1956,0.122331211529555
malawi,1957,0.125916561125503
malawi,1958,0.112475666720887
malawi,1959,0.125475240711698
malawi,1960,0.119636185433347
malawi,1961,0.101888105607848
malawi,1962,0.0984208490227451
malawi,1963,0.0946248083465921
malawi,1964,0.0899675590551181
malawi,1965,0.0949675590551181
malawi,1966,0.116951338582677
malawi,1967,0.0999513385826772
malawi,1968,0.105935724483038
malawi,1969,0.10391811023622
malawi,1970,0.123927007874016
malawi,1971,0.136919154622182
malawi,1972,0.148900780061426
malawi,1973,0.155872084131535
malawi,1974,0.149860793155574
malawi,1975,0.157825375845317
malawi,1976,0.158839851150684
malawi,1977,0.173815161827259
malawi,1978,0.182787566497951
malawi,1979,0.173777788246285
malawi,1980,0.193797967140904
malawi,1981,0.164806378258686
malawi,1982,0.161869931329341
malawi,1983,0.156805461777974
malawi,1984,0.151796735942603
malawi,1985,0.151831516529669
malawi,1986,0.150779284271861
malawi,1987,0.14877055843649
malawi,1988,0.147785649341008
malawi,1989,0.153753106765749
malawi,1990,0.202055844111306
malawi,1991,0.214959187622424
malawi,1992,0.214816833614216
malawi,1993,0.240719213315401
malawi,1994,0.246110807860262
malawi,1995,0.247407702473348
malawi,1996,0.250963427947598
malawi,1997,0.249687522129116
malawi,1998,0.246111899563319
malawi,1999,0.243794759825327
malawi,2000,0.234073689956332
malawi,2001,0.211040599099887
malawi,2002,0.233688706605545
malawi,2003,0.250682092054797
malawi,2004,0.246091203208352
malawi,2005,0.231709296345252
malawi,2006,0.231436427918526
malawi,2007,0.25094697479398
malawi,2008,0.272481824542246
malawi,2009,0.276557586254539
malawi,2010,0.264328135569616
malawi,2011,0.288251743302597
malawi,2012,0.290969609570782
malawi,2013,0.31273948498556
malawi,2014,0.284050023728936
malawi,2015,0.295547235844389
malawi,2016,0.329042791048405
malawi,2017,0.335609462988169
malawi,2018,0.470257798167086
malawi,2019,0.446645021356043
malawi,2020,0.510577823477952
malawi,2021,0.567254309970606
malawi,2022,0.571526147090321
malaysia,1890,0.002
malaysia,1891,0.005
malaysia,1892,0.013
malaysia,1893,0.003
malaysia,1894,0.013
malaysia,1895,0.03
malaysia,1896,0.034
malaysia,1897,0.025
malaysia,1898,0.035
malaysia,1899,0.033
malaysia,1900,0.016
malaysia,1901,0.013
malaysia,1902,0.014
malaysia,1903,0.014
malaysia,1904,0.009
malaysia,1905,0.011
malaysia,1906,0.01
malaysia,1907,0.024
malaysia,1908,0.025
malaysia,1909,0.046
malaysia,1910,0.064
malaysia,1911,0
malaysia,1912,0.005
malaysia,1913,0.017
malaysia,1914,0.04
malaysia,1915,0.056
malaysia,1916,0.15
malaysia,1917,0.178
malaysia,1918,0.183
malaysia,1919,0.21
malaysia,1920,0.303
malaysia,1921,0.386
malaysia,1922,0.547
malaysia,1923,0.705
malaysia,1924,0.684
malaysia,1925,0.809
malaysia,1926,0.928
malaysia,1927,0.922
malaysia,1928,1.039
malaysia,1929,1.123
malaysia,1930,1.002
malaysia,1931,0.739
malaysia,1932,0.49
malaysia,1933,0.434
malaysia,1934,0.473
malaysia,1935,0.493
malaysia,1936,0.559
malaysia,1937,0.64
malaysia,1938,0.522
malaysia,1939,0.465
malaysia,1940,0.701
malaysia,1941,0.596
malaysia,1942,0.18
malaysia,1943,0.36
malaysia,1944,0.301
malaysia,1945,0.167
malaysia,1946,0.165
malaysia,1947,0.187
malaysia,1948,0.324853293413174
malaysia,1949,0.333
malaysia,1950,0.997638629283489
malaysia,1951,1.42477258566978
malaysia,1952,1.73877881619938
malaysia,1953,1.77371696230555
malaysia,1954,1.91161682805736
malaysia,1955,2.0277637564452
malaysia,1956,2.06400904540656
malaysia,1957,0.958878473179134
malaysia,1958,1.04587846264919
malaysia,1959,0.868789376233143
malaysia,1960,1.14668397630936
malaysia,1961,1.27863503937008
malaysia,1962,1.3036431496063
malaysia,1963,1.5906025984252
malaysia,1964,2.01948930793596
malaysia,1965,2.28718050797214
malaysia,1966,2.68405921259843
malaysia,1967,2.76408354330709
malaysia,1968,2.87397
malaysia,1969,2.4939294488189
malaysia,1970,3.98086485199895
malaysia,1971,4.54765115433539
malaysia,1972,4.88554169445367
malaysia,1973,4.77760023175554
malaysia,1974,5.19778362473403
malaysia,1975,5.30708473876157
malaysia,1976,6.52228234214887
malaysia,1977,6.17380999214745
malaysia,1978,6.34837446380706
malaysia,1979,7.45249368793778
malaysia,1980,7.65081798499449
malaysia,1981,8.42730923233714
malaysia,1982,8.36297499936741
malaysia,1983,10.3843632330809
malaysia,1984,9.49629708012793
malaysia,1985,9.91533046180769
malaysia,1986,10.9448376441896
malaysia,1987,11.1565731309388
malaysia,1988,11.700110303857
malaysia,1989,13.669178375953
malaysia,1990,14.8115076419214
malaysia,1991,17.9544579694323
malaysia,1992,19.9129410480349
malaysia,1993,23.66775022172
malaysia,1994,24.0273021179039
malaysia,1995,30.2513555524017
malaysia,1996,30.194540181445
malaysia,1997,32.6497862827511
malaysia,1998,29.9622494443231
malaysia,1999,28.38060855131
malaysia,2000,33.5365863423717
malaysia,2001,35.7232637308496
malaysia,2002,36.0358163919214
malaysia,2003,41.8625373045852
malaysia,2004,46.3095778242358
malaysia,2005,46.3884637019651
malaysia,2006,46.4428076462882
malaysia,2007,47.8850417648927
malaysia,2008,52.6329318494531
malaysia,2009,52.4342463908297
malaysia,2010,54.4066873864629
malaysia,2011,55.5273860287829
malaysia,2012,58.1304518721946
malaysia,2013,65.9582652797235
malaysia,2014,66.8803802525371
malaysia,2015,64.2755842544774
malaysia,2016,64.633561375371
malaysia,2017,66.62270491073
malaysia,2018,71.5630951482882
malaysia,2019,73.0060814395434
malaysia,2020,73.4848971919258
malaysia,2021,76.1084054503462
malaysia,2022,79.4408748452528
maldives,1970,0
maldives,1971,0.001
maldives,1972,0.001
maldives,1973,0.001
maldives,1974,0.001
maldives,1975,0.002
maldives,1976,0.003
maldives,1977,0.004
maldives,1978,0.006
maldives,1979,0.008
maldives,1980,0.012
maldives,1981,0.013
maldives,1982,0.013
maldives,1983,0.014
maldives,1984,0.016
maldives,1985,0.018
maldives,1986,0.022
maldives,1987,0.022
maldives,1988,0.026
maldives,1989,0.034
maldives,1990,0.047
maldives,1991,0.042
maldives,1992,0.063
maldives,1993,0.054
maldives,1994,0.054
maldives,1995,0.068
maldives,1996,0.079
maldives,1997,0.09
maldives,1998,0.082
maldives,1999,0.115
maldives,2000,0.123
maldives,2001,0.126
maldives,2002,0.162
maldives,2003,0.138
maldives,2004,0.182
maldives,2005,0.164
maldives,2006,0.203
maldives,2007,0.213
maldives,2008,0.23
maldives,2009,0.241
maldives,2010,0.255
maldives,2011,0.269
maldives,2012,0.303
maldives,2013,0.298
maldives,2014,0.359
maldives,2015,0.349
maldives,2016,0.392
maldives,2017,0.413
maldives,2018,0.475
maldives,2019,0.533
maldives,2020,0.45
maldives,2021,0.469560267952912
maldives,2022,0.464266479961116
mali,1959,0.013
mali,1960,0.033
mali,1961,0.032
mali,1962,0.038
mali,1963,0.048
mali,1964,0.048
mali,1965,0.054
mali,1966,0.052
mali,1967,0.061
mali,1968,0.054
mali,1969,0.044
mali,1970,0.055
mali,1971,0.062
mali,1972,0.067
mali,1973,0.0729513385826772
mali,1974,0.0829513385826772
mali,1975,0.0929432283464567
mali,1976,0.0928647896174446
mali,1977,0.112847393491738
mali,1978,0.107791365828157
mali,1979,0.116788270531662
mali,1980,0.106807586300598
mali,1981,0.10777396970245
mali,1982,0.0996538041390698
mali,1983,0.113706736506154
mali,1984,0.118673119908006
mali,1985,0.110639503309858
mali,1986,0.10360588671171
mali,1987,0.0975722701135621
mali,1988,0.104538653515414
mali,1989,0.113505036917266
mali,1990,0.115240871627141
mali,1991,0.116237471351482
mali,1992,0.126234071075823
mali,1993,0.137230670800164
mali,1994,0.149670452893379
mali,1995,0.162445515661751
mali,1996,0.176332281983913
mali,1997,0.198325604546294
mali,1998,0.255
mali,1999,0.265
mali,2000,0.291
mali,2001,0.317
mali,2002,0.33
mali,2003,0.34
mali,2004,0.384
mali,2005,0.397
mali,2006,0.419
mali,2007,0.488
mali,2008,0.534
mali,2009,0.515
mali,2010,0.57
mali,2011,0.622
mali,2012,0.665
mali,2013,0.748742997862674
mali,2014,0.855799509185084
mali,2015,0.895626804222125
mali,2016,1.1557419408641
mali,2017,1.27085707750607
mali,2018,1.33970021388897
mali,2019,1.59186552143186
mali,2020,1.75178661456764
mali,2021,1.89087267529564
mali,2022,1.92105812719024
malta,1950,0.067
malta,1951,0.07
malta,1952,0.066
malta,1953,0.063
malta,1954,0.084
malta,1955,0.093
malta,1956,0.081
malta,1957,0.085
malta,1958,0.09
malta,1959,0.106
malta,1960,0.093
malta,1961,0.08
malta,1962,0.09
malta,1963,0.112
malta,1964,0.136
malta,1965,0.129
malta,1966,0.113
malta,1967,0.142
malta,1968,0.174
malta,1969,0.178
malta,1970,0.181
malta,1971,0.18
malta,1972,0.229
malta,1973,0.22
malta,1974,0.203
malta,1975,0.182
malta,1976,0.208
malta,1977,0.219
malta,1978,0.255
malta,1979,0.247
malta,1980,0.279
malta,1981,0.312
malta,1982,0.358
malta,1983,0.272
malta,1984,0.372
malta,1985,0.327
malta,1986,0.405
malta,1987,0.506
malta,1988,0.549
malta,1989,0.592
malta,1990,0.662499126344472
malta,1991,0.620044608860609
malta,1992,0.625981608098801
malta,1993,0.787551220171403
malta,1994,0.725530787843874
malta,1995,0.669248379818698
malta,1996,0.691579373802762
malta,1997,0.697666185008076
malta,1998,0.689120168173582
malta,1999,0.702201236303011
malta,2000,0.673622679515844
malta,2001,0.74687736976136
malta,2002,0.749788963006409
malta,2003,0.808087656390992
malta,2004,0.777580790284025
malta,2005,0.725070413231321
malta,2006,0.728025112781638
malta,2007,0.745479940757593
malta,2008,0.734288145031533
malta,2009,0.689504294763451
malta,2010,0.71036956525678
malta,2011,0.705216718443422
malta,2012,0.74155100141077
malta,2013,0.649358254637958
malta,2014,0.645310105816929
malta,2015,0.454501494601656
malta,2016,0.370168764342725
malta,2017,0.417805353445782
malta,2018,0.42214379064229
malta,2019,0.449990254983213
malta,2020,0.435917130507348
malta,2021,0.438517306253752
malta,2022,0.451726903391878
marshall_islands,1992,0.021
marshall_islands,1993,0.023
marshall_islands,1994,0.023
marshall_islands,1995,0.024
marshall_islands,1996,0.024
marshall_islands,1997,0.024
marshall_islands,1998,0.025
marshall_islands,1999,0.024
marshall_islands,2000,0.027
marshall_islands,2001,0.028
marshall_islands,2002,0.03
marshall_islands,2003,0.029
marshall_islands,2004,0.032
marshall_islands,2005,0.031
marshall_islands,2006,0.033
marshall_islands,2007,0.034
marshall_islands,2008,0.035
marshall_islands,2009,0.036
marshall_islands,2010,0.037
marshall_islands,2011,0.038
marshall_islands,2012,0.037
marshall_islands,2013,0.038
marshall_islands,2014,0.039
marshall_islands,2015,0.039
marshall_islands,2016,0.039
marshall_islands,2017,0.04
marshall_islands,2018,0.04
marshall_islands,2019,0.04
marshall_islands,2020,0.04
marshall_islands,2021,0.0417386904847033
marshall_islands,2022,0.0412681315520992
mauritania,1959,0.009
mauritania,1960,0.01
mauritania,1961,0.013
mauritania,1962,0.017
mauritania,1963,0.024
mauritania,1964,0.032
mauritania,1965,0.044
mauritania,1966,0.049
mauritania,1967,0.054
mauritania,1968,0.064
mauritania,1969,0.075
mauritania,1970,0.117
mauritania,1971,0.109
mauritania,1972,0.122
mauritania,1973,0.128
mauritania,1974,0.132
mauritania,1975,0.139
mauritania,1976,0.141
mauritania,1977,0.152
mauritania,1978,0.159
mauritania,1979,0.165
mauritania,1980,0.172
mauritania,1981,0.172955555555556
mauritania,1982,0.241
mauritania,1983,0.256
mauritania,1984,0.238
mauritania,1985,0.179
mauritania,1986,0.102
mauritania,1987,0.885
mauritania,1988,0.869
mauritania,1989,0.765
mauritania,1990,0.233
mauritania,1991,0.237
mauritania,1992,0.247
mauritania,1993,0.253
mauritania,1994,0.261
mauritania,1995,0.277
mauritania,1996,0.29
mauritania,1997,0.294
mauritania,1998,0.292
mauritania,1999,0.299
mauritania,2000,0.304
mauritania,2001,0.32
mauritania,2002,0.341
mauritania,2003,0.352
mauritania,2004,0.378
mauritania,2005,0.39228661790393
mauritania,2006,0.423056099344978
mauritania,2007,0.479694913755459
mauritania,2008,0.500664783842795
mauritania,2009,0.549208058951965
mauritania,2010,0.571375502183406
mauritania,2011,0.608690319611954
mauritania,2012,0.668005137040502
mauritania,2013,0.591936512201856
mauritania,2014,0.700439285933144
mauritania,2015,0.819455851209835
mauritania,2016,0.717004183212773
mauritania,2017,0.933384458583968
mauritania,2018,1.0000883424408
mauritania,2019,1.03
mauritania,2020,1.124
mauritania,2021,1.21588655491755
mauritania,2022,1.23746953706101
mauritius,1950,0.055
mauritius,1951,0.038
mauritius,1952,0.048
mauritius,1953,0.051
mauritius,1954,0.051
mauritius,1955,0.035
mauritius,1956,0.06
mauritius,1957,0.06
mauritius,1958,0.057
mauritius,1959,0.061
mauritius,1960,0.049
mauritius,1961,0.051
mauritius,1962,0.069
mauritius,1963,0.057
mauritius,1964,0.084
mauritius,1965,0.083
mauritius,1966,0.075
mauritius,1967,0.136
mauritius,1968,0.174
mauritius,1969,0.156
mauritius,1970,0.136
mauritius,1971,0.108
mauritius,1972,0.188
mauritius,1973,0.185
mauritius,1974,0.189
mauritius,1975,0.161
mauritius,1976,0.169
mauritius,1977,0.175
mauritius,1978,0.172
mauritius,1979,0.18
mauritius,1980,0.161
mauritius,1981,0.148
mauritius,1982,0.137
mauritius,1983,0.163
mauritius,1984,0.171
mauritius,1985,0.193
mauritius,1986,0.218
mauritius,1987,0.254
mauritius,1988,0.233
mauritius,1989,0.287
mauritius,1990,0.399
mauritius,1991,0.415
mauritius,1992,0.466
mauritius,1993,0.484
mauritius,1994,0.443
mauritius,1995,0.499
mauritius,1996,0.532
mauritius,1997,0.545
mauritius,1998,0.592
mauritius,1999,0.662
mauritius,2000,0.734
mauritius,2001,0.781
mauritius,2002,0.787
mauritius,2003,0.835
mauritius,2004,0.843
mauritius,2005,0.899
mauritius,2006,0.99
mauritius,2007,1.006
mauritius,2008,1.028
mauritius,2009,1.012
mauritius,2010,1.068
mauritius,2011,1.069
mauritius,2012,1.082
mauritius,2013,1.11
mauritius,2014,1.148
mauritius,2015,1.149
mauritius,2016,1.186
mauritius,2017,1.238
mauritius,2018,1.217
mauritius,2019,1.234
mauritius,2020,1.039
mauritius,2021,1.11649293788467
mauritius,2022,1.15966743094603
mexico,1891,0.142
mexico,1892,0.158
mexico,1893,0.145
mexico,1894,0.147
mexico,1895,0.135
mexico,1896,0.158
mexico,1897,0.188
mexico,1898,0.201
mexico,1899,0.206
mexico,1900,0.273
mexico,1901,0.358
mexico,1902,0.389
mexico,1903,0.425
mexico,1904,0.469
mexico,1905,0.466
mexico,1906,0.524
mexico,1907,0.618
mexico,1908,1.029
mexico,1909,1.008
mexico,1910,1.134
mexico,1911,2.293
mexico,1912,2.356
mexico,1913,3.205
mexico,1914,2.768
mexico,1915,3.907
mexico,1916,4.69
mexico,1917,7.132
mexico,1918,8.363
mexico,1919,11.213
mexico,1920,20.807
mexico,1921,24.642
mexico,1922,23.349
mexico,1923,19.661
mexico,1924,18.524
mexico,1925,15.58
mexico,1926,12.196
mexico,1927,8.678
mexico,1928,6.57276480314961
mexico,1929,6.04474858267717
mexico,1930,5.562
mexico,1931,4.572
mexico,1932,4.42
mexico,1933,4.569
mexico,1934,5.156
mexico,1935,5.8477242519685
mexico,1936,5.99368364800929
mexico,1937,6.79661881889764
mexico,1938,6.62258631549095
mexico,1939,6.18554582677165
mexico,1940,6.33446480889108
mexico,1941,6.15340795275591
mexico,1942,5.1793513063328
mexico,1943,5.20135941448074
mexico,1944,5.4923268503937
mexico,1945,6.17218086614173
mexico,1946,6.99318886040146
mexico,1947,8.01089700787402
mexico,1948,8.32680765210221
mexico,1949,7.9036457618653
mexico,1950,8.32631307086614
mexico,1951,9.5222157480315
mexico,1952,10.1561670866142
mexico,1953,10.018158976378
mexico,1954,9.89906976377953
mexico,1955,10.8247777952756
mexico,1956,11.4994858267717
mexico,1957,13.4491774279698
mexico,1958,14.7402019685039
mexico,1959,15.9080154330709
mexico,1960,17.2085937007874
mexico,1961,17.8056504724409
mexico,1962,17.3973019448032
mexico,1963,18.0928477884971
mexico,1964,20.2511259886521
mexico,1965,20.5152557430126
mexico,1966,22.0645661417323
mexico,1967,24.5648283614119
mexico,1968,25.6242441732283
mexico,1969,27.886514520323
mexico,1970,31.1000762992126
mexico,1971,34.4396300223381
mexico,1972,36.1002344831424
mexico,1973,39.3172564610029
mexico,1974,42.2290729875018
mexico,1975,44.7977725198197
mexico,1976,50.1472639992611
mexico,1977,52.5093434946819
mexico,1978,60.6212445261344
mexico,1979,65.5728036280181
mexico,1980,73.074190019702
mexico,1981,77.4310689526977
mexico,1982,82.9435183316808
mexico,1983,75.7548769725479
mexico,1984,75.5045300233707
mexico,1985,78.4308146980172
mexico,1986,80.0797472714725
mexico,1987,83.5213054852938
mexico,1988,83.4240067109346
mexico,1989,88.2861137202566
mexico,1990,86.5290270870589
mexico,1991,90.1018444323144
mexico,1992,90.8242734716157
mexico,1993,92.2672527292577
mexico,1994,96.0270493886463
mexico,1995,90.3773762445415
mexico,1996,93.2763863654305
mexico,1997,98.9847193989587
mexico,1998,104.068679716735
mexico,1999,105.423107084061
mexico,2000,106.911843374454
mexico,2001,111.280186956332
mexico,2002,112.037678948685
mexico,2003,119.044688483624
mexico,2004,119.75969715484
mexico,2005,126.540380919214
mexico,2006,129.56992899345
mexico,2007,129.298004842795
mexico,2008,129.123166805677
mexico,2009,125.659757281659
mexico,2010,124.617197991266
mexico,2011,131.933607072523
mexico,2012,136.89106075479
mexico,2013,135.230667933124
mexico,2014,132.127101982167
mexico,2015,130.873303983745
mexico,2016,130.946986579817
mexico,2017,127.079953460991
mexico,2018,128.353128560245
mexico,2019,127.817179527815
mexico,2020,120.712086701373
mexico,2021,127.945234505713
mexico,2022,139.730337970932
mongolia,1950,0.078
mongolia,1951,0.08
mongolia,1952,0.082
mongolia,1953,0.083
mongolia,1954,0.133
mongolia,1955,0.161
mongolia,1956,0.188
mongolia,1957,0.208
mongolia,1958,0.31
mongolia,1959,0.367
mongolia,1960,0.353
mongolia,1961,0.38
mongolia,1962,0.538
mongolia,1963,0.437
mongolia,1964,0.558
mongolia,1965,0.534
mongolia,1966,0.533
mongolia,1967,0.586943228346457
mongolia,1968,0.676918897637795
mongolia,1969,0.731918897637795
mongolia,1970,0.776894566929134
mongolia,1971,0.82763120579915
mongolia,1972,0.894077382619375
mongolia,1973,0.947624338077007
mongolia,1974,1.02095283019577
mongolia,1975,1.10659690327241
mongolia,1976,1.19814959560707
mongolia,1977,1.35390447660189
mongolia,1978,1.57309219582461
mongolia,1979,1.7132467795998
mongolia,1980,1.87095152553638
mongolia,1981,1.80531325571047
mongolia,1982,1.83196151955502
mongolia,1983,1.90203742882324
mongolia,1984,1.75346938944358
mongolia,1985,2.45577303851155
mongolia,1986,2.61876146829446
mongolia,1987,2.86094866625325
mongolia,1988,3.13670197772546
mongolia,1989,2.8545339822293
mongolia,1990,2.67223198689956
mongolia,1991,3.26413591703057
mongolia,1992,2.98652096756061
mongolia,1993,2.50901310912167
mongolia,1994,2.14649890829694
mongolia,1995,2.13893613537118
mongolia,1996,2.16577883152557
mongolia,1997,2.07835789805173
mongolia,1998,2.08010807860262
mongolia,1999,2.04355676855895
mongolia,2000,2.02834725460881
mongolia,2001,2.12990126596552
mongolia,2002,2.23705458515284
mongolia,2003,2.16456489769499
mongolia,2004,2.3201692139738
mongolia,2005,2.32399181222707
mongolia,2006,2.53307205240175
mongolia,2007,3.26360043668122
mongolia,2008,3.25267219928299
mongolia,2009,3.55523526200873
mongolia,2010,3.75882041484716
mongolia,2011,5.83184115720524
mongolia,2012,9.55236185698042
mongolia,2013,11.8662756434366
mongolia,2014,8.08573190063235
mongolia,2015,6.35433252631657
mongolia,2016,6.99485251467141
mongolia,2017,9.31641685023591
mongolia,2018,12.3678072860043
mongolia,2019,12.8969768861399
mongolia,2020,10.119204531516
mongolia,2021,10.4412280872316
mongolia,2022,10.3423819086471
montenegro,1850,0
montenegro,1851,0
montenegro,1852,0
montenegro,1853,0
montenegro,1854,0
montenegro,1855,0
montenegro,1856,0
montenegro,1857,0
montenegro,1858,0
montenegro,1859,0
montenegro,1860,0
montenegro,1861,0
montenegro,1862,0
montenegro,1863,0
montenegro,1864,0
montenegro,1865,0
montenegro,1866,0
montenegro,1867,0
montenegro,1868,0
montenegro,1869,0
montenegro,1870,0
montenegro,1871,0
montenegro,1872,0
montenegro,1873,0
montenegro,1874,0
montenegro,1875,0
montenegro,1876,0
montenegro,1877,0
montenegro,1878,0
montenegro,1879,0
montenegro,1880,0
montenegro,1881,0
montenegro,1882,0
montenegro,1883,0
montenegro,1884,0
montenegro,1885,0.000121632585601045
montenegro,1886,0
montenegro,1887,0
montenegro,1888,0
montenegro,1889,0
montenegro,1890,0.000364897756803134
montenegro,1891,0.000425714049603656
montenegro,1892,0.000471326269204048
montenegro,1893,0.000836224026007182
montenegro,1894,0.00159642768601371
montenegro,1895,0.00159642768601371
montenegro,1896,0.00177887656441528
montenegro,1897,0.00138357066121188
montenegro,1898,0.00209816210161802
montenegro,1899,0.00244785578522102
montenegro,1900,0.00331448795762847
montenegro,1901,0.00361856942163108
montenegro,1902,0.00339050832362912
montenegro,1903,0.0036793857144316
montenegro,1904,0.00392265088563369
montenegro,1905,0.00425714049603656
montenegro,1906,0.00509336452204374
montenegro,1907,0.00518458896124453
montenegro,1908,0.00557989486444792
montenegro,1909,0.00573193559644923
montenegro,1910,0.00567111930364871
montenegro,1911,0.00614244557285275
montenegro,1912,0.00629448630485406
montenegro,1913,0.0172870312285485
montenegro,1914,0
montenegro,1915,0
montenegro,1916,0
montenegro,1917,0
montenegro,1918,0
montenegro,1919,0.0123913196581064
montenegro,1920,0.0164508072025413
montenegro,1921,0.0175150923265504
montenegro,1922,0.0254516185370186
montenegro,1923,0.0277626376634384
montenegro,1924,0.0284620250306444
montenegro,1925,0.0312443704262683
montenegro,1926,0.0304233504734613
montenegro,1927,0.0343764095054952
montenegro,1928,0.0390440599779353
montenegro,1929,0.0425866090335658
montenegro,1930,0.0400779369555442
montenegro,1931,0.0370371223155181
montenegro,1932,0.03376824657749
montenegro,1933,0.0312443704262683
montenegro,1934,0.0325215125750793
montenegro,1935,0.0340419198950924
montenegro,1936,0.0335705936258883
montenegro,1937,0.0374020200723212
montenegro,1938,0.0354254905563042
montenegro,1939,0.0371739589743193
montenegro,1940,0.0427538538387672
montenegro,1941,0
montenegro,1942,0
montenegro,1943,0.00156601953961345
montenegro,1944,0.000380101830003264
montenegro,1945,0.0216049880173856
montenegro,1946,0.0426930375459667
montenegro,1947,0.0594023139929102
montenegro,1948,0.0669587383733751
montenegro,1949,0.0764916922698569
montenegro,1950,0.0734812857762311
montenegro,1951,0.0695586348905974
montenegro,1952,0.0698475122813999
montenegro,1953,0.0693609819389957
montenegro,1954,0.0827405663551106
montenegro,1955,0.0947517841832138
montenegro,1956,0.10832902155093
montenegro,1957,0.11763391434941
montenegro,1958,0.115931058150996
montenegro,1959,0.132898803842341
montenegro,1960,0.145168490914847
montenegro,1961,0.152162364586907
montenegro,1962,0.156145831765341
montenegro,1963,0.173706536311492
montenegro,1964,0.19680152350249
montenegro,1965,0.202487846879339
montenegro,1966,0.200648154022123
montenegro,1967,0.202670295757741
montenegro,1968,0.216764471614262
montenegro,1969,0.22474661004433
montenegro,1970,0.293697082006922
montenegro,1971,0.316533599953519
montenegro,1972,0.296677080354148
montenegro,1973,0.354406946295044
montenegro,1974,0.355957761761457
montenegro,1975,0.37142030420599
montenegro,1976,0.383355501668092
montenegro,1977,0.372803874867202
montenegro,1978,0.416606809756778
montenegro,1979,0.453142197656692
montenegro,1980,0.445585773276227
montenegro,1981,0.484933914718165
montenegro,1982,0.445509752910226
montenegro,1983,0.47973412168372
montenegro,1984,0.505915535734345
montenegro,1985,0.516071856632032
montenegro,1986,0.538969190871429
montenegro,1987,0.526197769383319
montenegro,1988,0.542967862123063
montenegro,1989,0.541310618144249
montenegro,1990,0.535487458108599
montenegro,1991,0.378839891927654
montenegro,1992,0.404823653026677
montenegro,1993,0.353062226373241
montenegro,1994,0.342972856225556
montenegro,1995,0.362264257778297
montenegro,1996,0.423852139396416
montenegro,1997,0.455730605335357
montenegro,1998,0.479688751386376
montenegro,1999,0.330747300215983
montenegro,2000,0.415077345163738
montenegro,2001,0.455040452979978
montenegro,2002,0.48205498803339
montenegro,2003,0.515609538263966
montenegro,2004,0.55711727278034
montenegro,2005,0.477848345105365
montenegro,2006,0.563
montenegro,2007,0.561
montenegro,2008,0.711
montenegro,2009,0.459
montenegro,2010,0.661
montenegro,2011,0.657
montenegro,2012,0.604
montenegro,2013,0.587
montenegro,2014,0.575
montenegro,2015,0.611
montenegro,2016,0.55
montenegro,2017,0.574
montenegro,2018,0.655
montenegro,2019,0.676
montenegro,2020,0.657
montenegro,2021,0.629026073035871
montenegro,2022,0.625681638659207
montserrat,1957,0
montserrat,1958,0
montserrat,1959,0
montserrat,1960,0
montserrat,1961,0
montserrat,1962,0.001
montserrat,1963,0.001
montserrat,1964,0.002
montserrat,1965,0.001
montserrat,1966,0.002
montserrat,1967,0.002
montserrat,1968,0.002
montserrat,1969,0.002
montserrat,1970,0.004
montserrat,1971,0.004
montserrat,1972,0.004
montserrat,1973,0.004
montserrat,1974,0.004
montserrat,1975,0.003
montserrat,1976,0.003
montserrat,1977,0.007
montserrat,1978,0.007
montserrat,1979,0.007
montserrat,1980,0.004
montserrat,1981,0.005
montserrat,1982,0.005
montserrat,1983,0.006
montserrat,1984,0.006
montserrat,1985,0.007
montserrat,1986,0.008
montserrat,1987,0.008
montserrat,1988,0.008
montserrat,1989,0.008
montserrat,1990,0.008
montserrat,1991,0.008
montserrat,1992,0.008
montserrat,1993,0.008
montserrat,1994,0.009
montserrat,1995,0.009
montserrat,1996,0.01
montserrat,1997,0.009
montserrat,1998,0.008
montserrat,1999,0.01
montserrat,2000,0.007
montserrat,2001,0.007
montserrat,2002,0.013
montserrat,2003,0.01
montserrat,2004,0.013
montserrat,2005,0.011
montserrat,2006,0.011
montserrat,2007,0.011
montserrat,2008,0.013
montserrat,2009,0.012
montserrat,2010,0.016
montserrat,2011,0.01
montserrat,2012,0.011
montserrat,2013,0.013
montserrat,2014,0.013
montserrat,2015,0.015
montserrat,2016,0.008
montserrat,2017,0.008
montserrat,2018,0.008
montserrat,2019,0.006
montserrat,2020,0.006
montserrat,2021,0.00578175723873334
montserrat,2022,0.00583504319076813
morocco,1928,0.00793511811023622
morocco,1929,0.00892700787401575
morocco,1930,0.0109188976377953
morocco,1931,0.0248310367454068
morocco,1932,0.0407566929133858
morocco,1933,0.0477810236220472
morocco,1934,0.0517972440944882
morocco,1935,0.0637891338582677
morocco,1936,0.0578215748031496
morocco,1937,0.10082968503937
morocco,1938,0.12682157480315
morocco,1939,0.087
morocco,1940,0.108
morocco,1941,0.106
morocco,1942,0.09
morocco,1943,0.096845905511811
morocco,1944,0.114878346456693
morocco,1945,0.142918897637795
morocco,1946,0.186806389680013
morocco,1947,0.226757760049731
morocco,1948,0.256708031496063
morocco,1949,0.296708031496063
morocco,1950,0.698643659392576
morocco,1951,0.798586377952756
morocco,1952,0.972521496062992
morocco,1953,1.1383268503937
morocco,1954,0.978270078740157
morocco,1955,0.970197086614173
morocco,1956,0.960303244716552
morocco,1957,0.833441063887972
morocco,1958,0.891553436376009
morocco,1959,0.919448503937008
morocco,1960,0.992359291338583
morocco,1961,1.02930319619359
morocco,1962,0.839228609236718
morocco,1963,1.07916464566929
morocco,1964,1.20497811023622
morocco,1965,1.16113220472441
morocco,1966,1.4900511023622
morocco,1967,1.47605110236221
morocco,1968,1.53390511811024
morocco,1969,1.58771858267717
morocco,1970,1.98745094488189
morocco,1971,2.23424685919704
morocco,1972,2.19094589943452
morocco,1973,2.62352429890666
morocco,1974,3.02907450965868
morocco,1975,3.02004637529405
morocco,1976,3.13583263877751
morocco,1977,3.44556250934731
morocco,1978,3.54576218183613
morocco,1979,4.32592612100038
morocco,1980,4.31706806003736
morocco,1981,4.28987914973243
morocco,1982,4.6137092060448
morocco,1983,4.8107308273661
morocco,1984,4.81583879189476
morocco,1985,4.82581258276573
morocco,1986,5.0993312910877
morocco,1987,5.43255575927716
morocco,1988,5.71255676629148
morocco,1989,6.18467901049403
morocco,1990,6.08569809723827
morocco,1991,6.4651101496732
morocco,1992,6.75130560132229
morocco,1993,7.30864806182595
morocco,1994,7.6757098154286
morocco,1995,7.84668937970119
morocco,1996,8.05800313241324
morocco,1997,8.18165322283
morocco,1998,8.42826307278835
morocco,1999,8.72971309769611
morocco,2000,9.06087232302312
morocco,2001,10.045223008114
morocco,2002,10.1818467849748
morocco,2003,9.98092932619457
morocco,2004,11.5244421419037
morocco,2005,12.1890744195631
morocco,2006,12.622657201514
morocco,2007,13.3495401341855
morocco,2008,14.0199452894954
morocco,2009,13.8809314231805
morocco,2010,14.8376637554585
morocco,2011,14.9747915605382
morocco,2012,15.5440884590897
morocco,2013,15.4493496569409
morocco,2014,15.6045076624255
morocco,2015,15.9648409361201
morocco,2016,15.9545513100437
morocco,2017,16.6777079694323
morocco,2018,17.0057967087794
morocco,2019,18.7617691048035
morocco,2020,17.6203002183406
morocco,2021,19.8255879814594
morocco,2022,18.6713438004147
mozambique,1927,0.012
mozambique,1928,0.00598377952755906
mozambique,1929,0.00297566929133858
mozambique,1930,0.00297566929133858
mozambique,1931,0.00297566929133858
mozambique,1932,0.0169756692913386
mozambique,1933,0.0139772913385827
mozambique,1934,0.0179837795275591
mozambique,1935,0.0129837795275591
mozambique,1936,0.0139837795275591
mozambique,1937,0.0159837795275591
mozambique,1938,0.0109732362204724
mozambique,1939,0.0179675590551181
mozambique,1940,0.0179675590551181
mozambique,1941,0.0159675590551181
mozambique,1942,0.00797566929133858
mozambique,1943,0.0139650635978195
mozambique,1944,0.0149695866141732
mozambique,1945,0.0129623453318335
mozambique,1946,0.0149695866141732
mozambique,1947,0.0159618341824919
mozambique,1948,0.0119594488188976
mozambique,1949,0.015948094488189
mozambique,1950,0.245943458191208
mozambique,1951,0.253910787401575
mozambique,1952,0.292910787401575
mozambique,1953,0.294902677165354
mozambique,1954,0.311886819451083
mozambique,1955,0.374845493494463
mozambique,1956,0.423829282403529
mozambique,1957,0.482813464566929
mozambique,1958,0.495805354330709
mozambique,1959,0.489764803149606
mozambique,1960,0.513756692913386
mozambique,1961,0.717764803149606
mozambique,1962,0.541804994542041
mozambique,1963,0.452813464566929
mozambique,1964,0.583797244094488
mozambique,1965,0.546756692913386
mozambique,1966,0.579748582677165
mozambique,1967,0.510724251968504
mozambique,1968,0.757683700787402
mozambique,1969,0.883667480314961
mozambique,1970,0.813562047244094
mozambique,1971,0.985537716535433
mozambique,1972,0.89948094488189
mozambique,1973,0.971326850393701
mozambique,1974,0.85848905511811
mozambique,1975,0.786691811023622
mozambique,1976,0.697439039031833
mozambique,1977,0.73865706272729
mozambique,1978,0.782164019287785
mozambique,1979,0.719041502417873
mozambique,1980,0.872949930143362
mozambique,1981,0.676592555732765
mozambique,1982,0.688845649668837
mozambique,1983,0.533427993616931
mozambique,1984,0.41235343812946
mozambique,1985,0.309755529788724
mozambique,1986,0.266686289039034
mozambique,1987,0.266579533958298
mozambique,1988,0.274615960546242
mozambique,1989,0.282350123057553
mozambique,1990,0.279851442927205
mozambique,1991,0.256949885405927
mozambique,1992,0.280351106613735
mozambique,1993,0.311224219187261
mozambique,1994,0.299681811573517
mozambique,1995,0.308671610746541
mozambique,1996,0.297984229758694
mozambique,1997,0.319387766672824
mozambique,1998,0.30346489587183
mozambique,1999,0.31887090677909
mozambique,2000,0.360792729752469
mozambique,2001,0.424125053244853
mozambique,2002,0.419502340907507
mozambique,2003,0.506418418109201
mozambique,2004,0.508726213042285
mozambique,2005,0.482996210874043
mozambique,2006,0.522822582651947
mozambique,2007,0.597397753218479
mozambique,2008,0.594959905997007
mozambique,2009,0.665667624092696
mozambique,2010,0.719035952655681
mozambique,2011,0.847878785139401
mozambique,2012,0.833716571201888
mozambique,2013,0.977562694442581
mozambique,2014,2.21672771615336
mozambique,2015,1.83695629978645
mozambique,2016,2.33278953803184
mozambique,2017,1.88465108992351
mozambique,2018,1.91325570013615
mozambique,2019,1.9380729852008
mozambique,2020,1.7402058870225
mozambique,2021,1.96242399182124
mozambique,2022,2.18428369289019
myanmar_formerly_burma,1928,0.862
myanmar_formerly_burma,1929,0.832
myanmar_formerly_burma,1930,0.842
myanmar_formerly_burma,1931,0.801
myanmar_formerly_burma,1932,0.813
myanmar_formerly_burma,1933,0.818
myanmar_formerly_burma,1934,0.836
myanmar_formerly_burma,1935,0.826
myanmar_formerly_burma,1936,0.849
myanmar_formerly_burma,1937,0.878
myanmar_formerly_burma,1938,0.843
myanmar_formerly_burma,1939,0.882
myanmar_formerly_burma,1940,0.866
myanmar_formerly_burma,1941,0.869
myanmar_formerly_burma,1942,0.28
myanmar_formerly_burma,1943,0.112
myanmar_formerly_burma,1944,0.084
myanmar_formerly_burma,1945,0.081
myanmar_formerly_burma,1946,0.002
myanmar_formerly_burma,1947,0.007
myanmar_formerly_burma,1948,0.042
myanmar_formerly_burma,1949,0.028
myanmar_formerly_burma,1950,0.219
myanmar_formerly_burma,1951,0.249983844150955
myanmar_formerly_burma,1952,0.308951338582677
myanmar_formerly_burma,1953,0.355951338582677
myanmar_formerly_burma,1954,0.398935118110236
myanmar_formerly_burma,1955,0.387935118110236
myanmar_formerly_burma,1956,0.451959448818898
myanmar_formerly_burma,1957,0.572959448818898
myanmar_formerly_burma,1958,0.657959448818898
myanmar_formerly_burma,1959,0.757959448818898
myanmar_formerly_burma,1960,0.740951338582677
myanmar_formerly_burma,1961,0.706959448818898
myanmar_formerly_burma,1962,0.785943228346457
myanmar_formerly_burma,1963,0.718862125984252
myanmar_formerly_burma,1964,0.779854015748032
myanmar_formerly_burma,1965,0.743854015748032
myanmar_formerly_burma,1966,0.765845905511811
myanmar_formerly_burma,1967,0.986854015748031
myanmar_formerly_burma,1968,0.798805354330709
myanmar_formerly_burma,1969,0.876797244094488
myanmar_formerly_burma,1970,1.25881361261092
myanmar_formerly_burma,1971,1.39178102362205
myanmar_formerly_burma,1972,1.33578102362205
myanmar_formerly_burma,1973,1.12078913385827
myanmar_formerly_burma,1974,1.27481346456693
myanmar_formerly_burma,1975,1.2507974060401
myanmar_formerly_burma,1976,1.33536866567152
myanmar_formerly_burma,1977,1.40984011810556
myanmar_formerly_burma,1978,1.40449615077012
myanmar_formerly_burma,1979,1.3881069376329
myanmar_formerly_burma,1980,1.50348880274587
myanmar_formerly_burma,1981,1.53465574218397
myanmar_formerly_burma,1982,1.52279342575304
myanmar_formerly_burma,1983,1.57035115128552
myanmar_formerly_burma,1984,1.78726740261496
myanmar_formerly_burma,1985,1.82192050964182
myanmar_formerly_burma,1986,1.84398079002068
myanmar_formerly_burma,1987,1.34918049793808
myanmar_formerly_burma,1988,1.11535366781338
myanmar_formerly_burma,1989,1.20777811231654
myanmar_formerly_burma,1990,1.15603685896713
myanmar_formerly_burma,1991,1.12920747089136
myanmar_formerly_burma,1992,1.32148334381458
myanmar_formerly_burma,1993,1.44733326092886
myanmar_formerly_burma,1994,1.6850340864741
myanmar_formerly_burma,1995,1.88117425049246
myanmar_formerly_burma,1996,1.96178541191687
myanmar_formerly_burma,1997,2.02501082086139
myanmar_formerly_burma,1998,2.19600595179365
myanmar_formerly_burma,1999,2.43821152453698
myanmar_formerly_burma,2000,2.78912869150767
myanmar_formerly_burma,2001,2.41694968311158
myanmar_formerly_burma,2002,2.5458697645244
myanmar_formerly_burma,2003,2.72847101013602
myanmar_formerly_burma,2004,3.42944543901969
myanmar_formerly_burma,2005,3.15365982113988
myanmar_formerly_burma,2006,3.49712191948191
myanmar_formerly_burma,2007,3.5046772353901
myanmar_formerly_burma,2008,2.6670459791378
myanmar_formerly_burma,2009,2.78583594549193
myanmar_formerly_burma,2010,3.58121923587734
myanmar_formerly_burma,2011,4.12717282843749
myanmar_formerly_burma,2012,3.22557925978969
myanmar_formerly_burma,2013,3.47220283602954
myanmar_formerly_burma,2014,4.32569490535948
myanmar_formerly_burma,2015,5.97356565374813
myanmar_formerly_burma,2016,5.76976447954756
myanmar_formerly_burma,2017,6.44926021173142
myanmar_formerly_burma,2018,9.28407234063122
myanmar_formerly_burma,2019,9.17492452408963
myanmar_formerly_burma,2020,9.44590007336129
myanmar_formerly_burma,2021,9.72143329264047
myanmar_formerly_burma,2022,9.53116988151417
namibia,1991,0.288
namibia,1992,0.314
namibia,1993,0.379
namibia,1994,0.429
namibia,1995,0.442
namibia,1996,0.47
namibia,1997,0.483
namibia,1998,0.496
namibia,1999,0.454
namibia,2000,0.438
namibia,2001,0.549
namibia,2002,0.488
namibia,2003,0.514
namibia,2004,0.538
namibia,2005,0.631
namibia,2006,0.638
namibia,2007,0.618
namibia,2008,0.738
namibia,2009,0.754
namibia,2010,0.775
namibia,2011,0.759305676855895
namibia,2012,0.915680819617064
namibia,2013,0.700799126637554
namibia,2014,1.00382001499185
namibia,2015,1.05112008733624
namibia,2016,1.10567576419214
namibia,2017,1.15069681845426
namibia,2018,1.133984668157
namibia,2019,1.12201568310116
namibia,2020,1.00486901721447
namibia,2021,1.01865239489439
namibia,2022,1.07886724889379
nauru,1964,0.008
nauru,1965,0.009
nauru,1966,0.009
nauru,1967,0.013
nauru,1968,0.013
nauru,1969,0.018
nauru,1970,0.018
nauru,1971,0.024
nauru,1972,0.021
nauru,1973,0.023
nauru,1974,0.027
nauru,1975,0.028
nauru,1976,0.028
nauru,1977,0.031
nauru,1978,0.031
nauru,1979,0.031
nauru,1980,0.034
nauru,1981,0.034
nauru,1982,0.034
nauru,1983,0.034
nauru,1984,0.034
nauru,1985,0.034
nauru,1986,0.044
nauru,1987,0.043
nauru,1988,0.043
nauru,1989,0.043
nauru,1990,0.034
nauru,1991,0.034
nauru,1992,0.033
nauru,1993,0.031
nauru,1994,0.03
nauru,1995,0.029
nauru,1996,0.028
nauru,1997,0.028
nauru,1998,0.027
nauru,1999,0.025
nauru,2000,0.023
nauru,2001,0.022
nauru,2002,0.021
nauru,2003,0.018
nauru,2004,0.018
nauru,2005,0.017
nauru,2006,0.012
nauru,2007,0.012
nauru,2008,0.012
nauru,2009,0.011
nauru,2010,0.012
nauru,2011,0.011
nauru,2012,0.012
nauru,2013,0.013
nauru,2014,0.014
nauru,2015,0.015
nauru,2016,0.014
nauru,2017,0.015
nauru,2018,0.015
nauru,2019,0.015
nauru,2020,0.014
nauru,2021,0.0146085416696462
nauru,2022,0.0144438460432347
nepal,1950,0.007
nepal,1951,0.008
nepal,1952,0.008
nepal,1953,0.01
nepal,1954,0.011
nepal,1955,0.012
nepal,1956,0.013
nepal,1957,0.015
nepal,1958,0.016
nepal,1959,0.018
nepal,1960,0.022
nepal,1961,0.022
nepal,1962,0.024
nepal,1963,0.027
nepal,1964,0.041
nepal,1965,0.049
nepal,1966,0.052
nepal,1967,0.058
nepal,1968,0.069
nepal,1969,0.109
nepal,1970,0.062
nepal,1971,0.054
nepal,1972,0.073
nepal,1973,0.115
nepal,1974,0.115959448818898
nepal,1975,0.0959918897637795
nepal,1976,0.0769210832089406
nepal,1977,0.0918119110441445
nepal,1978,0.0897875252265479
nepal,1979,0.139836241752806
nepal,1980,0.147733378326436
nepal,1981,0.123686173116086
nepal,1982,0.120731671098906
nepal,1983,0.134393628428546
nepal,1984,0.1914365955494
nepal,1985,0.184502800593343
nepal,1986,0.190233055428286
nepal,1987,0.234901706730184
nepal,1988,0.266367360034954
nepal,1989,0.243876729064742
nepal,1990,0.196898415240298
nepal,1991,0.280106582485835
nepal,1992,0.336498048076296
nepal,1993,0.381368283736271
nepal,1994,0.441984619842159
nepal,1995,0.630162436965249
nepal,1996,0.642134044123392
nepal,1997,0.720827362239325
nepal,1998,0.606803100795021
nepal,1999,0.870928759909316
nepal,2000,0.828993052619274
nepal,2001,0.883209075209412
nepal,2002,0.708619921490698
nepal,2003,0.767026054621847
nepal,2004,0.704806100872717
nepal,2005,0.815167090142734
nepal,2006,0.670433775628452
nepal,2007,0.70151225467652
nepal,2008,0.9147891807273
nepal,2009,1.12700656078461
nepal,2010,1.31667690415615
nepal,2011,1.42478948612787
nepal,2012,1.49297302932496
nepal,2013,1.69700867513896
nepal,2014,2.07187070545246
nepal,2015,1.88445865690318
nepal,2016,2.75249094431624
nepal,2017,3.39242231577171
nepal,2018,4.03895138016996
nepal,2019,3.70493714701976
nepal,2020,4.06725268386541
nepal,2021,4.26535809851418
nepal,2022,4.23033610926559
netherlands,1850,0.856
netherlands,1851,0.851
netherlands,1852,1.027
netherlands,1853,1.138
netherlands,1854,1.623
netherlands,1855,1.269
netherlands,1856,1.289
netherlands,1857,1.151
netherlands,1858,1.012
netherlands,1859,0.962
netherlands,1860,1.309
netherlands,1861,1.202
netherlands,1862,1.548
netherlands,1863,1.115
netherlands,1864,0.929
netherlands,1865,1.05
netherlands,1866,1.151
netherlands,1867,1.103
netherlands,1868,1.157
netherlands,1869,1.193
netherlands,1870,1.349
netherlands,1871,1.359
netherlands,1872,1.455
netherlands,1873,1.403
netherlands,1874,1.294
netherlands,1875,1.479
netherlands,1876,1.695
netherlands,1877,1.722
netherlands,1878,1.825
netherlands,1879,1.968
netherlands,1880,2.176
netherlands,1881,2.191
netherlands,1882,2.219
netherlands,1883,2.459
netherlands,1884,2.461
netherlands,1885,2.571
netherlands,1886,2.625
netherlands,1887,2.671
netherlands,1888,2.964
netherlands,1889,2.896
netherlands,1890,2.807
netherlands,1891,3.25
netherlands,1892,3.09
netherlands,1893,3.128
netherlands,1894,3.171
netherlands,1895,3.173
netherlands,1896,3.41
netherlands,1897,3.576
netherlands,1898,3.53
netherlands,1899,3.624
netherlands,1900,3.994
netherlands,1901,3.906
netherlands,1902,3.903
netherlands,1903,4.175
netherlands,1904,4.412
netherlands,1905,4.529
netherlands,1906,4.928
netherlands,1907,5.07
netherlands,1908,5.164
netherlands,1909,5.436
netherlands,1910,5.686
netherlands,1911,6.026
netherlands,1912,6.802
netherlands,1913,7.519
netherlands,1914,7.048
netherlands,1915,6.696
netherlands,1916,6.113
netherlands,1917,2.362
netherlands,1918,3.965
netherlands,1919,5.999
netherlands,1920,6.051
netherlands,1921,6.341
netherlands,1922,7.443
netherlands,1923,7.423
netherlands,1924,8.35
netherlands,1925,9.168
netherlands,1926,9.369
netherlands,1927,10.362
netherlands,1928,10.373
netherlands,1929,11.26276482403
netherlands,1930,11.1297566929134
netherlands,1931,12.2697810057741
netherlands,1932,11.3037161668414
netherlands,1933,10.5266025984252
netherlands,1934,10.5425620472441
netherlands,1935,10.1706025984252
netherlands,1936,10.8875539370079
netherlands,1937,12.0085133858268
netherlands,1938,11.8194971653543
netherlands,1939,11.1083998425197
netherlands,1940,9.126
netherlands,1941,10.132489105537
netherlands,1942,9.44159448818898
netherlands,1943,9.5326025984252
netherlands,1944,6.36876480314961
netherlands,1945,3.99874858267717
netherlands,1946,8.48855393700787
netherlands,1947,12.1734241259247
netherlands,1948,12.8993512313945
netherlands,1949,13.7823917322835
netherlands,1950,13.9973430708661
netherlands,1951,15.0022295275591
netherlands,1952,14.9330998240565
netherlands,1953,15.0830511023622
netherlands,1954,15.9369294488189
netherlands,1955,16.6447835376453
netherlands,1956,17.7616131496063
netherlands,1957,17.5785400744356
netherlands,1958,18.201491496063
netherlands,1959,18.3182319685039
netherlands,1960,20.043012992126
netherlands,1961,20.6928994488189
netherlands,1962,22.7297777952756
netherlands,1963,24.8757047108878
netherlands,1964,26.4128288976378
netherlands,1965,27.4027234645669
netherlands,1966,28.2635125984252
netherlands,1967,29.1163098425197
netherlands,1968,30.962212519685
netherlands,1969,31.6053666141732
netherlands,1970,38.7017746760937
netherlands,1971,38.3914140464747
netherlands,1972,42.984543511655
netherlands,1973,45.1036700421703
netherlands,1974,43.6640675819425
netherlands,1975,41.628120049159
netherlands,1976,46.1601571884708
netherlands,1977,44.6521983877791
netherlands,1978,46.3408983716441
netherlands,1979,51.0390399330801
netherlands,1980,48.2073624980827
netherlands,1981,44.789791864556
netherlands,1982,36.4320762677638
netherlands,1983,37.4883545437174
netherlands,1984,39.3211946376667
netherlands,1985,40.1146291168657
netherlands,1986,39.3052353258157
netherlands,1987,41.3428922359751
netherlands,1988,39.738739724583
netherlands,1989,44.1223350232945
netherlands,1990,44.395499076302
netherlands,1991,46.7004977529532
netherlands,1992,46.6479550383191
netherlands,1993,46.6329839931014
netherlands,1994,46.8472112038484
netherlands,1995,47.2710551432518
netherlands,1996,49.7534226501488
netherlands,1997,47.8398875847868
netherlands,1998,48.0997744184504
netherlands,1999,46.6305272772533
netherlands,2000,46.9476762989569
netherlands,2001,48.3477633130841
netherlands,2002,48.1621387474187
netherlands,2003,49.0985018869113
netherlands,2004,49.6125645433002
netherlands,2005,48.5423338578727
netherlands,2006,47.2137933943614
netherlands,2007,47.1470387200829
netherlands,2008,47.9560501795587
netherlands,2009,46.4891504981304
netherlands,2010,49.7704576926589
netherlands,2011,46.158250244536
netherlands,2012,45.1642381169117
netherlands,2013,44.9984204240592
netherlands,2014,42.9769564910962
netherlands,2015,44.7058515555078
netherlands,2016,44.9485047565661
netherlands,2017,44.2692635930842
netherlands,2018,43.1588149862509
netherlands,2019,41.6237464905626
netherlands,2020,37.3047537322417
netherlands,2021,38.1842135333294
netherlands,2022,34.2134904735957
new_caledonia,1950,0.06
new_caledonia,1951,0.077
new_caledonia,1952,0.129
new_caledonia,1953,0.109
new_caledonia,1954,0.142
new_caledonia,1955,0.191
new_caledonia,1956,0.318
new_caledonia,1957,0.291
new_caledonia,1958,0.202
new_caledonia,1959,0.161
new_caledonia,1960,0.235
new_caledonia,1961,0.242
new_caledonia,1962,0.154
new_caledonia,1963,0.169
new_caledonia,1964,0.3
new_caledonia,1965,0.336
new_caledonia,1966,0.412
new_caledonia,1967,0.402
new_caledonia,1968,0.502
new_caledonia,1969,0.425
new_caledonia,1970,0.653
new_caledonia,1971,0.66
new_caledonia,1972,0.465
new_caledonia,1973,0.708943228346457
new_caledonia,1974,0.758927007874016
new_caledonia,1975,0.689935118110236
new_caledonia,1976,0.651861895615646
new_caledonia,1977,0.583780562884835
new_caledonia,1978,0.420656263033171
new_caledonia,1979,0.447563311340816
new_caledonia,1980,0.545470359648461
new_caledonia,1981,0.379455231961592
new_caledonia,1982,0.344373899230782
new_caledonia,1983,0.314191504571395
new_caledonia,1984,0.32809855287904
new_caledonia,1985,0.396003090078571
new_caledonia,1986,0.382320405933956
new_caledonia,1987,0.396967235576728
new_caledonia,1988,0.40972674610962
new_caledonia,1989,0.44746643423338
new_caledonia,1990,0.430228009258125
new_caledonia,1991,0.479972055090678
new_caledonia,1992,0.42998599341231
new_caledonia,1993,0.498974983708994
new_caledonia,1994,0.537986155151704
new_caledonia,1995,0.563081817422727
new_caledonia,1996,0.596046616221162
new_caledonia,1997,0.496034383217478
new_caledonia,1998,0.494
new_caledonia,1999,0.561
new_caledonia,2000,0.606019030676047
new_caledonia,2001,0.512184014015703
new_caledonia,2002,0.652903421203689
new_caledonia,2003,0.743874853957712
new_caledonia,2004,0.686384427677518
new_caledonia,2005,0.766839313093139
new_caledonia,2006,0.738712245084833
new_caledonia,2007,0.798795866133948
new_caledonia,2008,0.777302035555649
new_caledonia,2009,0.8285503210732
new_caledonia,2010,0.998260160094662
new_caledonia,2011,1.0083046295211
new_caledonia,2012,1.01134336169154
new_caledonia,2013,1.08355052557563
new_caledonia,2014,1.36710382121412
new_caledonia,2015,1.33103412699492
new_caledonia,2016,1.49610728713684
new_caledonia,2017,1.52395319533886
new_caledonia,2018,1.61381223292003
new_caledonia,2019,1.5482715367925
new_caledonia,2020,1.39442504983455
new_caledonia,2021,1.23820423757544
new_caledonia,2022,1.39607402202959
new_zealand,1878,0.097
new_zealand,1879,0.138
new_zealand,1880,0.179
new_zealand,1881,0.201
new_zealand,1882,0.226
new_zealand,1883,0.253
new_zealand,1884,0.289
new_zealand,1885,0.308
new_zealand,1886,0.322
new_zealand,1887,0.338
new_zealand,1888,0.372
new_zealand,1889,0.358
new_zealand,1890,0.388
new_zealand,1891,0.407
new_zealand,1892,0.41
new_zealand,1893,0.421
new_zealand,1894,0.439
new_zealand,1895,0.443
new_zealand,1896,0.483
new_zealand,1897,0.512
new_zealand,1898,0.552
new_zealand,1899,0.594
new_zealand,1900,0.666
new_zealand,1901,0.748
new_zealand,1902,0.83
new_zealand,1903,0.865
new_zealand,1904,0.937
new_zealand,1905,0.966
new_zealand,1906,1.054
new_zealand,1907,1.115
new_zealand,1908,1.133
new_zealand,1909,1.164
new_zealand,1910,1.338
new_zealand,1911,1.258
new_zealand,1912,1.327
new_zealand,1913,1.15
new_zealand,1914,1.387
new_zealand,1915,1.346
new_zealand,1916,1.375
new_zealand,1917,1.26
new_zealand,1918,1.24
new_zealand,1919,1.127
new_zealand,1920,0.971
new_zealand,1921,0.955
new_zealand,1922,0.972
new_zealand,1923,1.047
new_zealand,1924,1.089
new_zealand,1925,1.116
new_zealand,1926,1.166
new_zealand,1927,1.227
new_zealand,1928,1.28677308969531
new_zealand,1929,1.33578102362205
new_zealand,1930,1.32778913385827
new_zealand,1931,1.15682983211619
new_zealand,1932,0.96583779527559
new_zealand,1933,0.967805555203432
new_zealand,1934,1.087
new_zealand,1935,1.13286224756628
new_zealand,1936,1.13982968503937
new_zealand,1937,1.19580535433071
new_zealand,1938,1.15875669291339
new_zealand,1939,1.21774047244094
new_zealand,1940,1.29875688007268
new_zealand,1941,1.36475687102985
new_zealand,1942,1.39075686770296
new_zealand,1943,1.46574858267717
new_zealand,1944,1.49274858267717
new_zealand,1945,1.53374030314704
new_zealand,1946,1.50974858267717
new_zealand,1947,1.48775669291339
new_zealand,1948,1.50172443543359
new_zealand,1949,1.53071632701836
new_zealand,1950,2.33871614173228
new_zealand,1951,2.22982149475595
new_zealand,1952,2.54370803149606
new_zealand,1953,2.33369194301034
new_zealand,1954,2.4746431496063
new_zealand,1955,2.56354582677165
new_zealand,1956,2.64050527559055
new_zealand,1957,2.81240795275591
new_zealand,1958,2.77838362204724
new_zealand,1959,2.81638362204724
new_zealand,1960,3.14731874015748
new_zealand,1961,3.20827818897638
new_zealand,1962,3.05630251968504
new_zealand,1963,3.33420519685039
new_zealand,1964,3.57313220472441
new_zealand,1965,3.73506707312188
new_zealand,1966,3.82103488188976
new_zealand,1967,3.71909976377953
new_zealand,1968,3.6771567646977
new_zealand,1969,3.89111598425197
new_zealand,1970,3.87008354330709
new_zealand,1971,4.10726076056529
new_zealand,1972,4.41855767265742
new_zealand,1973,4.96734111061182
new_zealand,1974,5.12007953082119
new_zealand,1975,4.98643639189589
new_zealand,1976,5.25341525018827
new_zealand,1977,5.54405394735847
new_zealand,1978,4.91922048571551
new_zealand,1979,4.50175577850905
new_zealand,1980,4.77043543884546
new_zealand,1981,4.51991300029021
new_zealand,1982,4.98641875150932
new_zealand,1983,4.91214249672173
new_zealand,1984,5.27746004073541
new_zealand,1985,5.9655987132579
new_zealand,1986,6.26254956855274
new_zealand,1987,6.59532237743918
new_zealand,1988,6.94577999435922
new_zealand,1989,6.94683560659661
new_zealand,1990,6.96029159521763
new_zealand,1991,7.14587071273598
new_zealand,1992,7.68742212358823
new_zealand,1993,7.57667982907398
new_zealand,1994,7.61458044901098
new_zealand,1995,7.64280311245879
new_zealand,1996,7.9978602362194
new_zealand,1997,8.53665517609067
new_zealand,1998,8.1490740203033
new_zealand,1999,8.58765394683024
new_zealand,2000,8.80062932735302
new_zealand,2001,9.38278939157259
new_zealand,2002,9.42729438380064
new_zealand,2003,9.89110057726534
new_zealand,2004,9.78047950226319
new_zealand,2005,10.2138126993826
new_zealand,2006,10.1881886834507
new_zealand,2007,9.93718414507857
new_zealand,2008,10.2370051702631
new_zealand,2009,9.44866686144181
new_zealand,2010,9.50065068560083
new_zealand,2011,9.35182100044876
new_zealand,2012,9.81011067381893
new_zealand,2013,9.6179654277517
new_zealand,2014,9.67194557168181
new_zealand,2015,9.77405476720281
new_zealand,2016,9.32123502609006
new_zealand,2017,9.73995119090717
new_zealand,2018,9.74459528713023
new_zealand,2019,10.0652117255788
new_zealand,2020,9.3442482144514
new_zealand,2021,9.36626718791939
new_zealand,2022,8.79143447589056
nicaragua,1942,0
nicaragua,1943,0.00198377952755906
nicaragua,1944,0.000991889763779528
nicaragua,1945,0.00198377952755906
nicaragua,1946,0.000991889763779528
nicaragua,1947,0.00198377952755906
nicaragua,1948,0.00198377952755906
nicaragua,1949,0.00198377952755906
nicaragua,1950,0.0519837795275591
nicaragua,1951,0.0549756692913386
nicaragua,1952,0.0749756692913386
nicaragua,1953,0.0779756692913386
nicaragua,1954,0.0859756692913386
nicaragua,1955,0.106967559055118
nicaragua,1956,0.102951338582677
nicaragua,1957,0.113951338582677
nicaragua,1958,0.163959448818898
nicaragua,1959,0.130959448818898
nicaragua,1960,0.144967559055118
nicaragua,1961,0.152959448818898
nicaragua,1962,0.179951338582677
nicaragua,1963,0.229943228346457
nicaragua,1964,0.258935118110236
nicaragua,1965,0.212927007874016
nicaragua,1966,0.261910787401575
nicaragua,1967,0.294894566929134
nicaragua,1968,0.335886456692913
nicaragua,1969,0.350878346456693
nicaragua,1970,0.382862125984252
nicaragua,1971,0.410870236220472
nicaragua,1972,0.437870236220472
nicaragua,1973,0.498789133858268
nicaragua,1974,0.531740472440945
nicaragua,1975,0.525805354330709
nicaragua,1976,0.606488699879562
nicaragua,1977,0.77322881708196
nicaragua,1978,0.717101975021859
nicaragua,1979,0.466500277994872
nicaragua,1980,0.551949436853941
nicaragua,1981,0.582656566951793
nicaragua,1982,0.576064891719846
nicaragua,1983,0.544947525295122
nicaragua,1984,0.503830158870398
nicaragua,1985,0.541712792445674
nicaragua,1986,0.61559542602095
nicaragua,1987,0.663478059596226
nicaragua,1988,0.611360693171503
nicaragua,1989,0.400741420103001
nicaragua,1990,0.557845584265895
nicaragua,1991,0.542118881283032
nicaragua,1992,0.647548397864896
nicaragua,1993,0.622925336258557
nicaragua,1994,0.6872164309902
nicaragua,1995,0.751926240141621
nicaragua,1996,0.777086633465289
nicaragua,1997,0.850017891778253
nicaragua,1998,0.925961725733134
nicaragua,1999,0.981761129683834
nicaragua,2000,1.0156450361558
nicaragua,2001,1.07034649652167
nicaragua,2002,1.08892024819456
nicaragua,2003,1.18319996954479
nicaragua,2004,1.19482416820058
nicaragua,2005,1.1654227632805
nicaragua,2006,1.20580690317321
nicaragua,2007,1.24199838365537
nicaragua,2008,1.19145741345606
nicaragua,2009,1.21317974878061
nicaragua,2010,1.21939012317649
nicaragua,2011,1.3116548750865
nicaragua,2012,1.24174850400969
nicaragua,2013,1.25693450908057
nicaragua,2014,1.29506614667513
nicaragua,2015,1.48224711184204
nicaragua,2016,1.4754765013262
nicaragua,2017,1.49053084915229
nicaragua,2018,1.41899933635909
nicaragua,2019,1.4253690929594
nicaragua,2020,1.29596247829188
nicaragua,2021,1.46946150348258
nicaragua,2022,1.51483467504981
niger,1850,0
niger,1851,0
niger,1852,0
niger,1853,0
niger,1854,0
niger,1855,0
niger,1856,0
niger,1857,0
niger,1858,0
niger,1859,0
niger,1860,0
niger,1861,0
niger,1862,0
niger,1863,0
niger,1864,0
niger,1865,0
niger,1866,0
niger,1867,0
niger,1868,0
niger,1869,0
niger,1870,0
niger,1871,0
niger,1872,0
niger,1873,0
niger,1874,0
niger,1875,0
niger,1876,0
niger,1877,0
niger,1878,0
niger,1879,0
niger,1880,0
niger,1881,0
niger,1882,0
niger,1883,0
niger,1884,0
niger,1885,0
niger,1886,0
niger,1887,0
niger,1888,0
niger,1889,0
niger,1890,0
niger,1891,0
niger,1892,0
niger,1893,0
niger,1894,0
niger,1895,0
niger,1896,0
niger,1897,0
niger,1898,0
niger,1899,0
niger,1900,0
niger,1901,0
niger,1902,0
niger,1903,0
niger,1904,0
niger,1905,0
niger,1906,0
niger,1907,0
niger,1908,0
niger,1909,0
niger,1910,0
niger,1911,0
niger,1912,0
niger,1913,0
niger,1914,0
niger,1915,0
niger,1916,0
niger,1917,0
niger,1918,0
niger,1919,0
niger,1920,0
niger,1921,0
niger,1922,0
niger,1923,0
niger,1924,0
niger,1925,0
niger,1926,0
niger,1927,0
niger,1928,0
niger,1929,0
niger,1930,0
niger,1931,0
niger,1932,0
niger,1933,0
niger,1934,0
niger,1935,0
niger,1936,0
niger,1937,0
niger,1938,0
niger,1939,0
niger,1940,0
niger,1941,0
niger,1942,0
niger,1943,0
niger,1944,0
niger,1945,0
niger,1946,0
niger,1947,0
niger,1948,0
niger,1949,0
niger,1950,0.00774375
niger,1951,0.006475
niger,1952,0.007240625
niger,1953,0.006015625
niger,1954,0.0070875
niger,1955,0.007065625
niger,1956,0.00818125
niger,1957,0.008378125
niger,1958,0.007
niger,1959,0.006
niger,1960,0.008
niger,1961,0.015
niger,1962,0.018
niger,1963,0.024
niger,1964,0.026
niger,1965,0.025
niger,1966,0.0369837795275591
niger,1967,0.0359756692913386
niger,1968,0.0439756692913386
niger,1969,0.0519756692913386
niger,1970,0.0589675590551181
niger,1971,0.0628742054471579
niger,1972,0.0687808518391976
niger,1973,0.0892187455780935
niger,1974,0.0786956084674579
niger,1975,0.0907503955076585
niger,1976,0.0902592967591958
niger,1977,0.0991426047492455
niger,1978,0.112831095287154
niger,1979,0.129909220729345
niger,1980,0.154551034463274
niger,1981,0.185682880131203
niger,1982,0.202566173261936
niger,1983,0.261442452689544
niger,1984,0.269325760679593
niger,1985,0.270202460066948
niger,1986,0.244100099831111
niger,1987,0.270975684649743
niger,1988,0.268287194111834
niger,1989,0.282193840503874
niger,1990,0.163428405799235
niger,1991,0.154535603414254
niger,1992,0.143178789104373
niger,1993,0.163345815643275
niger,1994,0.157482515680262
niger,1995,0.152329659440176
niger,1996,0.174339585526903
niger,1997,0.175839841063662
niger,1998,0.190003604550354
niger,1999,0.186014864648187
niger,2000,0.187491793192147
niger,2001,0.17632223033125
niger,2002,0.186861693839425
niger,2003,0.202976024185928
niger,2004,0.216106812954175
niger,2005,0.188642801029274
niger,2006,0.183160922835203
niger,2007,0.193653403615491
niger,2008,0.216197166447061
niger,2009,0.259875062528484
niger,2010,0.316588691148247
niger,2011,0.359358985016626
niger,2012,0.503407717046673
niger,2013,0.567238198954712
niger,2014,0.615791450554563
niger,2015,0.602090680874895
niger,2016,0.585486270687878
niger,2017,0.614028499564227
niger,2018,0.492196845438837
niger,2019,0.685962026373429
niger,2020,0.768750705565623
niger,2021,0.829414802827814
niger,2022,0.834649778948183
nigeria,1915,0.005
nigeria,1916,0.018
nigeria,1917,0.061
nigeria,1918,0.109
nigeria,1919,0.101
nigeria,1920,0.133
nigeria,1921,0.156
nigeria,1922,0.083
nigeria,1923,0.129
nigeria,1924,0.148
nigeria,1925,0.176
nigeria,1926,0.239
nigeria,1927,0.264
nigeria,1928,0.264
nigeria,1929,0.254
nigeria,1930,0.256
nigeria,1931,0.241
nigeria,1932,0.185
nigeria,1933,0.173
nigeria,1934,0.191
nigeria,1935,0.19
nigeria,1936,0.215
nigeria,1937,0.267
nigeria,1938,0.266
nigeria,1939,0.224
nigeria,1940,0.228
nigeria,1941,0.27
nigeria,1942,0.339
nigeria,1943,0.372
nigeria,1944,0.452
nigeria,1945,0.377
nigeria,1946,0.447
nigeria,1947,0.426
nigeria,1948,0.447
nigeria,1949,0.405
nigeria,1950,0.616
nigeria,1951,0.46
nigeria,1952,0.595
nigeria,1953,0.665
nigeria,1954,0.702
nigeria,1955,0.736
nigeria,1956,0.822
nigeria,1957,0.869
nigeria,1958,1.01587834645669
nigeria,1959,0.972862267538683
nigeria,1960,0.928813665142664
nigeria,1961,1.1216025984252
nigeria,1962,1.13946472440945
nigeria,1963,1.45841606299213
nigeria,1964,1.98326971065077
nigeria,1965,3.2069128894716
nigeria,1966,3.51889669443494
nigeria,1967,3.50013220472441
nigeria,1968,1.8083674015748
nigeria,1969,3.30237551181102
nigeria,1970,5.87335118110236
nigeria,1971,8.80226999581341
nigeria,1972,11.2957430246521
nigeria,1973,13.5186538003584
nigeria,1974,16.985669999555
nigeria,1975,12.923491496063
nigeria,1976,15.062658371974
nigeria,1977,13.7840186923609
nigeria,1978,13.161279091617
nigeria,1979,19.155455029001
nigeria,1980,18.5685544912543
nigeria,1981,17.9613818086829
nigeria,1982,17.847591007036
nigeria,1983,16.2951002960052
nigeria,1984,18.9426532675195
nigeria,1985,19.0054476963608
nigeria,1986,19.9760301745493
nigeria,1987,16.1092878829039
nigeria,1988,19.2197996911124
nigeria,1989,11.4954658575395
nigeria,1990,10.6051525347496
nigeria,1991,11.4435574865093
nigeria,1992,12.6269969183069
nigeria,1993,12.2309399145843
nigeria,1994,21.9602094064234
nigeria,1995,23.0194844805428
nigeria,1996,26.7166122844375
nigeria,1997,26.1412419489193
nigeria,1998,23.6060684123456
nigeria,1999,23.1965499314861
nigeria,2000,26.431971933055
nigeria,2001,27.3450376500926
nigeria,2002,24.5411083930532
nigeria,2003,27.3165077282978
nigeria,2004,25.8834470631947
nigeria,2005,27.6949325758066
nigeria,2006,24.5497105860015
nigeria,2007,22.3636864632579
nigeria,2008,23.8192310706807
nigeria,2009,21.0778472901669
nigeria,2010,30.4112508203754
nigeria,2011,34.2328832218515
nigeria,2012,29.7669034746623
nigeria,2013,31.753502473761
nigeria,2014,33.5645327050831
nigeria,2015,29.8081767893977
nigeria,2016,31.9139137217013
nigeria,2017,30.7748861842396
nigeria,2018,28.8208507667629
nigeria,2019,34.7537193231631
nigeria,2020,33.7942589425402
nigeria,2021,35.7841882148529
nigeria,2022,35.1417775062714
niue,1970,0.001
niue,1971,0.001
niue,1972,0.001
niue,1973,0.001
niue,1974,0.001
niue,1975,0.001
niue,1976,0.001
niue,1977,0.001
niue,1978,0.001
niue,1979,0.001
niue,1980,0.001
niue,1981,0.001
niue,1982,0.001
niue,1983,0.001
niue,1984,0.001
niue,1985,0.001
niue,1986,0.001
niue,1987,0.001
niue,1988,0.001
niue,1989,0.001
niue,1990,0.002
niue,1991,0.002
niue,1992,0.002
niue,1993,0.002
niue,1994,0.002
niue,1995,0.002
niue,1996,0.002
niue,1997,0.002
niue,1998,0.002
niue,1999,0.002
niue,2000,0.002
niue,2001,0.002
niue,2002,0.002
niue,2003,0.001
niue,2004,0.001
niue,2005,0.001
niue,2006,0.001
niue,2007,0.001
niue,2008,0.002
niue,2009,0.001
niue,2010,0.001
niue,2011,0.002
niue,2012,0.002
niue,2013,0.002
niue,2014,0.003
niue,2015,0.002
niue,2016,0.002
niue,2017,0.002
niue,2018,0.003
niue,2019,0.002
niue,2020,0.002
niue,2021,0.00208693452423517
niue,2022,0.00206340657760496
norway,1850,0.038
norway,1851,0.041
norway,1852,0.041
norway,1853,0.045
norway,1854,0.064
norway,1855,0.07
norway,1856,0.083
norway,1857,0.083
norway,1858,0.073
norway,1859,0.089
norway,1860,0.091
norway,1861,0.117
norway,1862,0.101
norway,1863,0.099
norway,1864,0.131
norway,1865,0.129
norway,1866,0.142
norway,1867,0.169
norway,1868,0.173
norway,1869,0.151
norway,1870,0.172
norway,1871,0.167
norway,1872,0.179
norway,1873,0.18
norway,1874,0.223
norway,1875,0.28
norway,1876,0.247
norway,1877,0.333
norway,1878,0.297
norway,1879,0.312
norway,1880,0.341
norway,1881,0.353
norway,1882,0.386
norway,1883,0.416
norway,1884,0.426
norway,1885,0.487
norway,1886,0.476
norway,1887,0.459
norway,1888,0.531
norway,1889,0.606
norway,1890,0.567
norway,1891,0.659
norway,1892,0.673
norway,1893,0.672
norway,1894,0.793
norway,1895,0.835
norway,1896,0.853
norway,1897,0.924
norway,1898,0.924
norway,1899,1.105
norway,1900,1.134
norway,1901,1.063
norway,1902,1.158
norway,1903,1.157
norway,1904,1.135
norway,1905,1.132
norway,1906,1.153
norway,1907,1.305
norway,1908,1.56
norway,1909,1.573
norway,1910,1.621
norway,1911,1.659
norway,1912,1.877
norway,1913,1.888
norway,1914,2.104
norway,1915,2.306
norway,1916,2.155
norway,1917,0.954
norway,1918,1.215
norway,1919,1.444
norway,1920,1.447
norway,1921,0.921
norway,1922,1.769
norway,1923,1.854
norway,1924,2.109
norway,1925,2.073
norway,1926,1.736
norway,1927,2.36564344456478
norway,1928,2.3072117721085
norway,1929,2.59842081504208
norway,1930,2.38172383889116
norway,1931,2.20695868117699
norway,1932,2.35901362641106
norway,1933,2.50524988616202
norway,1934,2.5887242519685
norway,1935,2.66970803149606
norway,1936,2.84966748031496
norway,1937,3.20964326074002
norway,1938,2.85963491171683
norway,1939,3.41557015748032
norway,1940,1.77662692913386
norway,1941,1.31365125984252
norway,1942,1.26258605020153
norway,1943,1.48565937007874
norway,1944,1.33164341731102
norway,1945,1.09484590551181
norway,1946,1.93052149606299
norway,1947,2.90048094488189
norway,1948,2.9974162577027
norway,1949,2.84034307086614
norway,1950,2.30135929133858
norway,1951,2.58622982526865
norway,1952,2.64322171168301
norway,1953,2.6701643328025
norway,1954,2.69714842519685
norway,1955,3.11511598425197
norway,1956,3.2620105511811
norway,1957,3.09988078740157
norway,1958,3.05286456692913
norway,1959,3.22275102362205
norway,1960,3.57172669291339
norway,1961,3.63959692913386
norway,1962,3.83744283464567
norway,1963,4.08441039370079
norway,1964,4.4132968503937
norway,1965,4.47323196850394
norway,1966,5.33298866141732
norway,1967,5.2686237007874
norway,1968,5.76246960629921
norway,1969,6.05725062992126
norway,1970,7.63612048919307
norway,1971,7.41431490419908
norway,1972,8.02266822078498
norway,1973,8.32200677999638
norway,1974,7.55737406010211
norway,1975,8.35209866124261
norway,1976,9.09720421502211
norway,1977,9.09101957924907
norway,1978,8.90409966760974
norway,1979,9.45010142201564
norway,1980,8.67276386990607
norway,1981,8.68031414968176
norway,1982,8.43670918156322
norway,1983,8.71922988396765
norway,1984,9.2276881782591
norway,1985,8.8115716949162
norway,1986,9.49381527116661
norway,1987,9.06304672898607
norway,1988,9.71388013716821
norway,1989,9.31982865145811
norway,1990,9.55322052401747
norway,1991,9.13155021834061
norway,1992,9.38700873362446
norway,1993,9.80840611353712
norway,1994,10.3310589519651
norway,1995,10.4961790393013
norway,1996,11.3329694323144
norway,1997,11.3605349344978
norway,1998,11.4132096069869
norway,1999,11.6241812227074
norway,2000,11.492903930131
norway,2001,11.8717248908297
norway,2002,11.6138100436681
norway,2003,11.9814410480349
norway,2004,12.0731441048035
norway,2005,11.8075873362445
norway,2006,11.9656113537118
norway,2007,12.4421397379913
norway,2008,12.1929585152838
norway,2009,11.7579148471616
norway,2010,12.4511462882096
norway,2011,12.2126091703057
norway,2012,12.07096069869
norway,2013,12.1495633187773
norway,2014,12.2701965065502
norway,2015,12.4164847161572
norway,2016,12.1937772925764
norway,2017,12.0537663755459
norway,2018,12.119268558952
norway,2019,11.6793122270742
norway,2020,11.2530021834061
norway,2021,11.1975982532751
norway,2022,11.1375545851528
occupied_palestinian_territory,1990,0.235
occupied_palestinian_territory,1991,0.241
occupied_palestinian_territory,1992,0.25
occupied_palestinian_territory,1993,0.255
occupied_palestinian_territory,1994,0.264
occupied_palestinian_territory,1995,0.258
occupied_palestinian_territory,1996,0.283
occupied_palestinian_territory,1997,0.236
occupied_palestinian_territory,1998,0.399
occupied_palestinian_territory,1999,0.373
occupied_palestinian_territory,2000,0.453
occupied_palestinian_territory,2001,0.368
occupied_palestinian_territory,2002,0.315
occupied_palestinian_territory,2003,0.349
occupied_palestinian_territory,2004,0.599
occupied_palestinian_territory,2005,0.748
occupied_palestinian_territory,2006,0.618
occupied_palestinian_territory,2007,0.634
occupied_palestinian_territory,2008,0.56
occupied_palestinian_territory,2009,0.57
occupied_palestinian_territory,2010,0.555
occupied_palestinian_territory,2011,0.613
occupied_palestinian_territory,2012,0.600898347608793
occupied_palestinian_territory,2013,0.665201083260032
occupied_palestinian_territory,2014,0.774190648155788
occupied_palestinian_territory,2015,0.820341933647743
occupied_palestinian_territory,2016,0.882520815181848
occupied_palestinian_territory,2017,0.892
occupied_palestinian_territory,2018,0.807624239323737
occupied_palestinian_territory,2019,0.89121246906283
occupied_palestinian_territory,2020,0.908
occupied_palestinian_territory,2021,0.935505290745155
occupied_palestinian_territory,2022,0.954393023976882
oman,1964,0.003
oman,1965,0.007
oman,1966,0.008
oman,1967,0.037
oman,1968,0.044
oman,1969,0.064
oman,1970,0.064
oman,1971,0.571
oman,1972,0.57
oman,1973,0.576
oman,1974,0.637
oman,1975,1.979
oman,1976,2.271
oman,1977,2.32
oman,1978,2.126
oman,1979,2.106
oman,1980,1.649
oman,1981,1.641
oman,1982,1.564
oman,1983,2.054
oman,1984,2.198
oman,1985,2.35222328465391
oman,1986,2.68146291366874
oman,1987,2.56599237963755
oman,1988,2.87024450992935
oman,1989,2.72535400192188
oman,1990,3.06289324927313
oman,1991,3.16452675102229
oman,1992,3.24581273510556
oman,1993,3.60937611026875
oman,1994,4.74464799200458
oman,1995,5.11319813075757
oman,1996,4.94218683436078
oman,1997,4.92726564471796
oman,1998,5.03420461224337
oman,1999,6.00033884938004
oman,2000,6.52026365967406
oman,2001,6.11475981995105
oman,2002,7.32579687110682
oman,2003,9.37662033166785
oman,2004,7.92115806456576
oman,2005,8.62354753102924
oman,2006,10.9625769946654
oman,2007,12.3003249694344
oman,2008,12.877017950587
oman,2009,12.077633791924
oman,2010,13.9598986057199
oman,2011,15.5522742266632
oman,2012,17.1161360624371
oman,2013,17.8087891013233
oman,2014,17.9848872007538
oman,2015,18.3886986306712
oman,2016,17.9419329808786
oman,2017,18.8948492397494
oman,2018,18.0500642592843
oman,2019,16.1631389244796
oman,2020,17.8572201352516
oman,2021,19.3418201097753
oman,2022,19.6469406926249
pakistan,1850,0
pakistan,1851,0
pakistan,1852,0
pakistan,1853,0
pakistan,1854,0
pakistan,1855,0
pakistan,1856,0
pakistan,1857,0
pakistan,1858,0
pakistan,1859,0
pakistan,1860,0
pakistan,1861,0
pakistan,1862,0
pakistan,1863,0
pakistan,1864,0
pakistan,1865,0
pakistan,1866,0
pakistan,1867,0
pakistan,1868,0
pakistan,1869,0
pakistan,1870,0
pakistan,1871,0
pakistan,1872,0
pakistan,1873,0
pakistan,1874,0
pakistan,1875,0
pakistan,1876,0
pakistan,1877,0
pakistan,1878,0
pakistan,1879,0
pakistan,1880,0
pakistan,1881,0
pakistan,1882,0
pakistan,1883,0
pakistan,1884,0
pakistan,1885,0
pakistan,1886,0
pakistan,1887,0
pakistan,1888,0
pakistan,1889,0
pakistan,1890,0
pakistan,1891,0
pakistan,1892,0
pakistan,1893,0
pakistan,1894,0
pakistan,1895,0
pakistan,1896,0
pakistan,1897,0
pakistan,1898,0
pakistan,1899,0
pakistan,1900,0
pakistan,1901,0
pakistan,1902,0
pakistan,1903,0
pakistan,1904,0
pakistan,1905,0
pakistan,1906,0
pakistan,1907,0
pakistan,1908,0
pakistan,1909,0
pakistan,1910,0
pakistan,1911,0
pakistan,1912,0
pakistan,1913,0
pakistan,1914,0
pakistan,1915,0
pakistan,1916,0
pakistan,1917,0
pakistan,1918,0
pakistan,1919,0
pakistan,1920,0
pakistan,1921,0
pakistan,1922,0
pakistan,1923,0
pakistan,1924,0
pakistan,1925,0
pakistan,1926,0
pakistan,1927,0
pakistan,1928,0
pakistan,1929,0
pakistan,1930,0
pakistan,1931,0
pakistan,1932,0
pakistan,1933,0
pakistan,1934,0
pakistan,1935,0
pakistan,1936,0
pakistan,1937,0
pakistan,1938,0
pakistan,1939,0
pakistan,1940,0
pakistan,1941,0
pakistan,1942,0
pakistan,1943,0
pakistan,1944,0
pakistan,1945,0
pakistan,1946,0.172938388625592
pakistan,1947,0.178843601895735
pakistan,1948,0.197055568354415
pakistan,1949,0.27962214570521
pakistan,1950,1.46150713032744
pakistan,1951,1.8047587897633
pakistan,1952,1.90595834408364
pakistan,1953,1.9396278405827
pakistan,1954,1.96990622136464
pakistan,1955,2.02979176025216
pakistan,1956,2.40509384298738
pakistan,1957,2.48489773255589
pakistan,1958,2.79028758499423
pakistan,1959,2.7077055923278
pakistan,1960,3.25503191964049
pakistan,1961,3.37051625115186
pakistan,1962,3.70357042755755
pakistan,1963,4.25770095043851
pakistan,1964,4.37744566605408
pakistan,1965,4.59322883972397
pakistan,1966,4.6740571496957
pakistan,1967,4.96067250343204
pakistan,1968,5.68826134529331
pakistan,1969,5.5167606847265
pakistan,1970,5.59618084747001
pakistan,1971,5.3058693825107
pakistan,1972,5.15912897637795
pakistan,1973,5.4608294778944
pakistan,1974,5.83717196850394
pakistan,1975,6.32856125984252
pakistan,1976,6.2195756325544
pakistan,1977,6.63752029149702
pakistan,1978,7.10986787499976
pakistan,1979,7.67861747168492
pakistan,1980,8.71494291005014
pakistan,1981,9.34302188532244
pakistan,1982,10.1500057742213
pakistan,1983,10.9230863839972
pakistan,1984,11.6149907497305
pakistan,1985,12.7766228054666
pakistan,1986,13.3893617238086
pakistan,1987,14.4619280181193
pakistan,1988,15.7225374505671
pakistan,1989,16.4619585169351
pakistan,1990,18.5118364916561
pakistan,1991,18.4162405360423
pakistan,1992,19.6547272253063
pakistan,1993,21.0632426604727
pakistan,1994,22.930757660511
pakistan,1995,22.8205127944454
pakistan,1996,25.5291932241094
pakistan,1997,25.5972048334052
pakistan,1998,26.4030389948684
pakistan,1999,27.1259075189446
pakistan,2000,28.367770736436
pakistan,2001,28.7665607975562
pakistan,2002,30.8143763324058
pakistan,2003,32.0663176613017
pakistan,2004,35.3776039770169
pakistan,2005,36.7610024354092
pakistan,2006,39.1786894009072
pakistan,2007,42.4132695975322
pakistan,2008,42.0091934368543
pakistan,2009,42.4178121437559
pakistan,2010,42.0056378265499
pakistan,2011,42.2082122027458
pakistan,2012,42.2722675281847
pakistan,2013,41.354968520475
pakistan,2014,42.7208910052625
pakistan,2015,45.4238260924539
pakistan,2016,53.436544666719
pakistan,2017,58.9952037014372
pakistan,2018,55.9664116185422
pakistan,2019,56.2394204482484
pakistan,2020,54.7496734153124
pakistan,2021,60.985299241989
pakistan,2022,54.6397132618598
palau,1992,0.054
palau,1993,0.054
palau,1994,0.054
palau,1995,0.054
palau,1996,0.054
palau,1997,0.054
palau,1998,0.054
palau,1999,0.054
palau,2000,0.057
palau,2001,0.059
palau,2002,0.058
palau,2003,0.058
palau,2004,0.059
palau,2005,0.06
palau,2006,0.062
palau,2007,0.069
palau,2008,0.056
palau,2009,0.054
palau,2010,0.057
palau,2011,0.059
palau,2012,0.061
palau,2013,0.062
palau,2014,0.06
palau,2015,0.056
palau,2016,0.058
palau,2017,0.059
palau,2018,0.058
palau,2019,0.06
palau,2020,0.058
palau,2021,0.0605211012028198
palau,2022,0.0598387907505439
panama,1948,0.00595133858267717
panama,1949,0.00694322834645669
panama,1950,0.142943228346457
panama,1951,0.152918897637795
panama,1952,0.197894566929134
panama,1953,0.196910787401575
panama,1954,0.173918897637795
panama,1955,0.194918897637795
panama,1956,0.173918897637795
panama,1957,0.208910787401575
panama,1958,0.25393068647669
panama,1959,0.271894566929134
panama,1960,0.271878346456693
panama,1961,0.300878346456693
panama,1962,0.324862125984252
panama,1963,0.322845905511811
panama,1964,0.338862125984252
panama,1965,0.416813464566929
panama,1966,0.451837435619882
panama,1967,0.462797244094488
panama,1968,0.550821250393701
panama,1969,0.559805354330709
panama,1970,0.600732362204724
panama,1971,0.709691811023622
panama,1972,0.763699921259843
panama,1973,0.883521496062992
panama,1974,0.823562047244094
panama,1975,0.998691811023622
panama,1976,0.984373245013657
panama,1977,0.943079555872016
panama,1978,0.773636332440601
panama,1979,0.868126598470516
panama,1980,0.848147935131116
panama,1981,0.906852880590319
panama,1982,0.894793914468043
panama,1983,0.949692222356098
panama,1984,0.78257403669188
panama,1985,0.744230320733761
panama,1986,0.746384971211694
panama,1987,0.867781918615634
panama,1988,0.79548719965322
panama,1989,0.685118225424116
panama,1990,0.718340361348079
panama,1991,0.847295666882467
panama,1992,1.12234907237947
panama,1993,1.0330092823672
panama,1994,1.14008124614554
panama,1995,0.99698962249104
panama,1996,1.21363903292234
panama,1997,1.26366590875826
panama,1998,1.61045701405796
panama,1999,1.53445247781575
panama,2000,1.56342539698933
panama,2001,1.89767729017076
panama,2002,1.5887274055547
panama,2003,1.66211908792535
panama,2004,1.55867091765574
panama,2005,1.90265774362535
panama,2006,2.05350424213561
panama,2007,2.00590245818517
panama,2008,2.00180002452738
panama,2009,2.30914112868423
panama,2010,2.47600945609357
panama,2011,2.71641106273719
panama,2012,2.66596620042318
panama,2013,2.86934582541684
panama,2014,2.9627212303122
panama,2015,2.94444329850002
panama,2016,2.8490366838325
panama,2017,3.06308839610101
panama,2018,2.93558468299033
panama,2019,3.65195802992133
panama,2020,2.81777982084721
panama,2021,3.19530063709805
panama,2022,3.24778950364585
papua_new_guinea,1950,0.015
papua_new_guinea,1951,0.017
papua_new_guinea,1952,0.023
papua_new_guinea,1953,0.026
papua_new_guinea,1954,0.026
papua_new_guinea,1955,0.035
papua_new_guinea,1956,0.035
papua_new_guinea,1957,0.04
papua_new_guinea,1958,0.04
papua_new_guinea,1959,0.044
papua_new_guinea,1960,0.049
papua_new_guinea,1961,0.055
papua_new_guinea,1962,0.054
papua_new_guinea,1963,0.07
papua_new_guinea,1964,0.073
papua_new_guinea,1965,0.083
papua_new_guinea,1966,0.093
papua_new_guinea,1967,0.119
papua_new_guinea,1968,0.137
papua_new_guinea,1969,0.152
papua_new_guinea,1970,0.189
papua_new_guinea,1971,0.225
papua_new_guinea,1972,0.346
papua_new_guinea,1973,0.367
papua_new_guinea,1974,0.433
papua_new_guinea,1975,0.418
papua_new_guinea,1976,0.429
papua_new_guinea,1977,0.431
papua_new_guinea,1978,0.457
papua_new_guinea,1979,0.49
papua_new_guinea,1980,0.499
papua_new_guinea,1981,0.527
papua_new_guinea,1982,0.531
papua_new_guinea,1983,0.548
papua_new_guinea,1984,0.558
papua_new_guinea,1985,0.58
papua_new_guinea,1986,0.563
papua_new_guinea,1987,0.637
papua_new_guinea,1988,0.6
papua_new_guinea,1989,0.555
papua_new_guinea,1990,0.588
papua_new_guinea,1991,0.592
papua_new_guinea,1992,0.598
papua_new_guinea,1993,0.598
papua_new_guinea,1994,0.596596871179039
papua_new_guinea,1995,0.562
papua_new_guinea,1996,0.597723368995633
papua_new_guinea,1997,0.713645807860262
papua_new_guinea,1998,0.964121543668122
papua_new_guinea,1999,0.696548941048035
papua_new_guinea,2000,0.801827745633188
papua_new_guinea,2001,0.910472377729258
papua_new_guinea,2002,0.999574910480349
papua_new_guinea,2003,1.10728912117904
papua_new_guinea,2004,1.28122804148472
papua_new_guinea,2005,1.35921524781659
papua_new_guinea,2006,1.37853283296943
papua_new_guinea,2007,1.79614916157205
papua_new_guinea,2008,1.51325936462882
papua_new_guinea,2009,1.43685154148472
papua_new_guinea,2010,1.28676764628821
papua_new_guinea,2011,1.44607547491637
papua_new_guinea,2012,1.38335293777503
papua_new_guinea,2013,1.48188816967324
papua_new_guinea,2014,1.81764021424271
papua_new_guinea,2015,1.81183486412038
papua_new_guinea,2016,1.9200866985776
papua_new_guinea,2017,1.81772798653459
papua_new_guinea,2018,2.076107110382
papua_new_guinea,2019,2.13349722050023
papua_new_guinea,2020,2.10803818395706
papua_new_guinea,2021,2.16872472161924
papua_new_guinea,2022,2.13513652400277
paraguay,1950,0.017
paraguay,1951,0.013
paraguay,1952,0.0279918897637795
paraguay,1953,0.033
paraguay,1954,0.0499918897637795
paraguay,1955,0.0519837795275591
paraguay,1956,0.0539837795275591
paraguay,1957,0.0579837795275591
paraguay,1958,0.0659918897637795
paraguay,1959,0.0829837795275591
paraguay,1960,0.0829837795275591
paraguay,1961,0.0989837795275591
paraguay,1962,0.106983779527559
paraguay,1963,0.111983779527559
paraguay,1964,0.117975669291339
paraguay,1965,0.149967559055118
paraguay,1966,0.139967559055118
paraguay,1967,0.132983779527559
paraguay,1968,0.160975669291339
paraguay,1969,0.141959448818898
paraguay,1970,0.202902677165354
paraguay,1971,0.17288904017258
paraguay,1972,0.194803702793656
paraguay,1973,0.236746105371586
paraguay,1974,0.259563911129323
paraguay,1975,0.228298730002149
paraguay,1976,0.281103957521292
paraguay,1977,0.31469243234493
paraguay,1978,0.396753672000847
paraguay,1979,0.361741093762253
paraguay,1980,0.405423016201036
paraguay,1981,0.37749918458956
paraguay,1982,0.371841592859438
paraguay,1983,0.384257275416867
paraguay,1984,0.406668800593229
paraguay,1985,0.42243296178405
paraguay,1986,0.451593613323232
paraguay,1987,0.512183069265397
paraguay,1988,0.585081433778379
paraguay,1989,0.606828005121272
paraguay,1990,0.582871179039301
paraguay,1991,0.574084334061135
paraguay,1992,0.704131823144105
paraguay,1993,0.795333242358079
paraguay,1994,0.929117358078603
paraguay,1995,1.07454939956332
paraguay,1996,1.01495660480349
paraguay,1997,1.12662963973799
paraguay,1998,1.19648225982533
paraguay,1999,1.19430212882096
paraguay,2000,0.984206331877729
paraguay,2001,1.0085990720524
paraguay,2002,1.05274672489083
paraguay,2003,1.10029694323144
paraguay,2004,1.10843531659389
paraguay,2005,1.03162963973799
paraguay,2006,1.0667827510917
paraguay,2007,1.10304639737991
paraguay,2008,1.16756386462882
paraguay,2009,1.23676310043668
paraguay,2010,1.37057669213974
paraguay,2011,1.41886490174673
paraguay,2012,1.41192298390588
paraguay,2013,1.41161217248908
paraguay,2014,1.48969159388646
paraguay,2015,1.65055581913947
paraguay,2016,1.96325170306293
paraguay,2017,2.16497799689563
paraguay,2018,2.29272403464633
paraguay,2019,2.22072118789095
paraguay,2020,2.0104443231441
paraguay,2021,2.52849980780591
paraguay,2022,2.46125794714649
peru,1884,0.001
peru,1885,0.001
peru,1886,0.002
peru,1887,0.002
peru,1888,0.002
peru,1889,0.002
peru,1890,0.003
peru,1891,0.013
peru,1892,0.018
peru,1893,0.013
peru,1894,0.011
peru,1895,0.011
peru,1896,0.011
peru,1897,0.011
peru,1898,0.024
peru,1899,0.044
peru,1900,0.067
peru,1901,0.065
peru,1902,0.027
peru,1903,0.058
peru,1904,0.076
peru,1905,0.096
peru,1906,0.117
peru,1907,0.218
peru,1908,0.331
peru,1909,0.412
peru,1910,0.363
peru,1911,0.411
peru,1912,0.398
peru,1913,0.429
peru,1914,0.421
peru,1915,0.515
peru,1916,0.536
peru,1917,0.547
peru,1918,0.531
peru,1919,0.541
peru,1920,0.586
peru,1921,0.668
peru,1922,0.806
peru,1923,0.813
peru,1924,0.987
peru,1925,1.306
peru,1926,1.292
peru,1927,1.278
peru,1928,1.46794326699292
peru,1929,1.93294325770098
peru,1930,1.53497566929134
peru,1931,1.22796755905512
peru,1932,1.12097566929134
peru,1933,1.81796757688961
peru,1934,1.84195131215062
peru,1935,1.95593511811024
peru,1936,2.0209188976378
peru,1937,2.40191082452708
peru,1938,2.18488650863404
peru,1939,1.59687015491485
peru,1940,1.44586212598425
peru,1941,1.43281346456693
peru,1942,1.64878913385827
peru,1943,1.79477278680466
peru,1944,1.76172409538246
peru,1945,1.71070820203841
peru,1946,1.57371614173228
peru,1947,1.61271614173228
peru,1948,1.74269163410687
peru,1949,1.8096837007874
peru,1950,1.239635333456
peru,1951,1.3026025984252
peru,1952,1.41559477436527
peru,1953,1.50450527559055
peru,1954,1.70146503872277
peru,1955,1.67139984251969
peru,1956,1.72239173228346
peru,1957,1.82139984251969
peru,1958,2.01233496062992
peru,1959,1.96935929133858
peru,1960,2.22833525885385
peru,1961,2.35634307086614
peru,1962,2.71822952755905
peru,1963,2.79016494486497
peru,1964,3.34409976377953
peru,1965,3.26188044429532
peru,1966,3.61382434096492
peru,1967,3.72279968503937
peru,1968,3.95377535433071
peru,1969,4.17174321455655
peru,1970,4.84875076604804
peru,1971,5.07388601617714
peru,1972,4.95304931220622
peru,1973,5.38287293195092
peru,1974,5.82018363258498
peru,1975,5.98450571208174
peru,1976,6.11363629183034
peru,1977,6.35806994188532
peru,1978,6.11700295791587
peru,1979,6.0636670872494
peru,1980,6.56787657423417
peru,1981,6.55752560725061
peru,1982,6.44107558760115
peru,1983,5.56573628454225
peru,1984,5.63112819026268
peru,1985,5.30966876670133
peru,1986,5.94298782771426
peru,1987,7.0124658864705
peru,1988,6.82809636250621
peru,1989,5.93943988137551
peru,1990,5.84082841826872
peru,1991,5.66536435390304
peru,1992,5.72756100208725
peru,1993,6.51876563477192
peru,1994,6.59840543656209
peru,1995,6.86218920640194
peru,1996,6.74592946817272
peru,1997,7.57291621707054
peru,1998,7.65888725753281
peru,1999,8.06834271517564
peru,2000,7.82683592346008
peru,2001,6.93663547412964
peru,2002,6.94307004044525
peru,2003,6.73460931490049
peru,2004,7.73311505788737
peru,2005,8.27541115979769
peru,2006,7.69576360020911
peru,2007,9.36298269542161
peru,2008,9.63390571396164
peru,2009,10.7836361022392
peru,2010,11.6007371790393
peru,2011,11.5101173619133
peru,2012,12.4204912159549
peru,2013,11.7423261992373
peru,2014,13.479352847838
peru,2015,13.4355569473847
peru,2016,14.3921250511487
peru,2017,14.9724216693158
peru,2018,15.2424262180563
peru,2019,15.9293239760552
peru,2020,12.818011686122
peru,2021,15.4121499843697
peru,2022,16.6269413924989
philippines,1907,0.002
philippines,1908,0.005
philippines,1909,0.015
philippines,1910,0.014
philippines,1911,0.01
philippines,1912,0.001
philippines,1913,0.002
philippines,1914,0.005
philippines,1915,0.015
philippines,1916,0.014
philippines,1917,0.003
philippines,1918,0.008
philippines,1919,0.016
philippines,1920,0.028
philippines,1921,0.019
philippines,1922,0.021
philippines,1923,0.021
philippines,1924,0.023
philippines,1925,0.023
philippines,1926,0.014
philippines,1927,0.011
philippines,1928,0.0219270078740157
philippines,1929,0.0189143919510061
philippines,1930,0.0238864566929134
philippines,1931,0.0218945669291339
philippines,1932,0.0238754267716535
philippines,1933,0.0208945669291339
philippines,1934,0.0238945669291339
philippines,1935,0.0268783464566929
philippines,1936,0.0328540157480315
philippines,1937,0.0328377952755905
philippines,1938,0.0428134645669291
philippines,1939,0.023
philippines,1940,0.031
philippines,1941,0.0247972440944882
philippines,1945,0.00396755905511811
philippines,1946,0.0309351181102362
philippines,1947,0.0538540157480315
philippines,1948,0.0588702362204724
philippines,1949,0.0867810236220472
philippines,1950,0.983675590551181
philippines,1951,0.96965937007874
philippines,1952,1.10565937007874
philippines,1953,1.10067559055118
philippines,1954,1.45465937007874
philippines,1955,1.80556228960865
philippines,1956,1.70652121558003
philippines,1957,1.83644039370079
philippines,1958,2.06329440944882
philippines,1959,1.97219708661417
philippines,1960,2.27212409448819
philippines,1961,2.37787220310192
philippines,1962,2.82093755905512
philippines,1963,3.13095377952756
philippines,1964,3.49967803149606
philippines,1965,3.81131262833489
philippines,1966,4.39522385826772
philippines,1967,4.96967236220473
philippines,1968,6.06516952755906
philippines,1969,6.23074779527559
philippines,1970,6.75529929133858
philippines,1971,7.51956125984252
philippines,1972,7.20779645669291
philippines,1973,8.5975231496063
philippines,1974,8.32213952755905
philippines,1975,8.86529606299213
philippines,1976,9.57047800429776
philippines,1977,10.009862776431
philippines,1978,10.2020327315726
philippines,1979,10.3796452526943
philippines,1980,10.0623799391695
philippines,1981,9.42363913884238
philippines,1982,9.5083318234504
philippines,1983,9.61765146840676
philippines,1984,8.4146517129771
philippines,1985,7.61439225962336
philippines,1986,7.92159849346293
philippines,1987,8.8689330737546
philippines,1988,10.2305417469446
philippines,1989,10.6185967428931
philippines,1990,11.2853439306377
philippines,1991,11.8645972429131
philippines,1992,13.1803480054848
philippines,1993,13.3539397138539
philippines,1994,14.7811745004952
philippines,1995,16.3658892746177
philippines,1996,16.7208100172554
philippines,1997,19.1237327959925
philippines,1998,18.6309010447788
philippines,1999,18.6102226967918
philippines,2000,19.7480327796787
philippines,2001,19.1937799954501
philippines,2002,19.1776213306729
philippines,2003,19.1831302747222
philippines,2004,19.870647803388
philippines,2005,20.0063229610887
philippines,2006,18.1642204542617
philippines,2007,19.3220261480825
philippines,2008,21.1055194738848
philippines,2009,20.908883616818
philippines,2010,22.67012949885
philippines,2011,22.9006606846998
philippines,2012,24.1890186145633
philippines,2013,26.2106586152357
philippines,2014,27.6974925128453
philippines,2015,30.6902687757974
philippines,2016,33.2403003616445
philippines,2017,36.8859406711917
philippines,2018,38.623860368603
philippines,2019,39.3449752498621
philippines,2020,36.2584729465024
philippines,2021,38.9611820557549
philippines,2022,41.0469392690628
plurinational_state_of_bolivia,1928,0.001
plurinational_state_of_bolivia,1929,0.003
plurinational_state_of_bolivia,1930,0.003
plurinational_state_of_bolivia,1931,0.002
plurinational_state_of_bolivia,1932,0.004
plurinational_state_of_bolivia,1933,0.012
plurinational_state_of_bolivia,1934,0.0199691038620172
plurinational_state_of_bolivia,1935,0.0189918897637795
plurinational_state_of_bolivia,1936,0.0119918897637795
plurinational_state_of_bolivia,1937,0.0149913104611924
plurinational_state_of_bolivia,1938,0.0179756692913386
plurinational_state_of_bolivia,1939,0.023
plurinational_state_of_bolivia,1940,0.0349756692913386
plurinational_state_of_bolivia,1941,0.0289756692913386
plurinational_state_of_bolivia,1942,0.0369749934383202
plurinational_state_of_bolivia,1943,0.0399756692913386
plurinational_state_of_bolivia,1944,0.0379675590551181
plurinational_state_of_bolivia,1945,0.0459675590551181
plurinational_state_of_bolivia,1946,0.0439668046145395
plurinational_state_of_bolivia,1947,0.0459594488188976
plurinational_state_of_bolivia,1948,0.0559587115246958
plurinational_state_of_bolivia,1949,0.0789519468503937
plurinational_state_of_bolivia,1950,0.134959746989347
plurinational_state_of_bolivia,1951,0.125959448818898
plurinational_state_of_bolivia,1952,0.139959448818898
plurinational_state_of_bolivia,1953,0.146959448818898
plurinational_state_of_bolivia,1954,0.214967559055118
plurinational_state_of_bolivia,1955,0.253959448818898
plurinational_state_of_bolivia,1956,0.301967451277893
plurinational_state_of_bolivia,1957,0.273975757766643
plurinational_state_of_bolivia,1958,0.24996768830191
plurinational_state_of_bolivia,1959,0.258967559055118
plurinational_state_of_bolivia,1960,0.273959448818898
plurinational_state_of_bolivia,1961,0.283951338582677
plurinational_state_of_bolivia,1962,0.299943228346457
plurinational_state_of_bolivia,1963,0.330935313537615
plurinational_state_of_bolivia,1964,0.403927188101487
plurinational_state_of_bolivia,1965,0.411935118110236
plurinational_state_of_bolivia,1966,0.460927007874016
plurinational_state_of_bolivia,1967,0.515935118110236
plurinational_state_of_bolivia,1968,0.593918760871586
plurinational_state_of_bolivia,1969,0.694910915580596
plurinational_state_of_bolivia,1970,0.677870236220472
plurinational_state_of_bolivia,1971,0.834862290905324
plurinational_state_of_bolivia,1972,0.97383779527559
plurinational_state_of_bolivia,1973,0.942813464566929
plurinational_state_of_bolivia,1974,0.958772913385827
plurinational_state_of_bolivia,1975,1.10670829500554
plurinational_state_of_bolivia,1976,1.24858859358707
plurinational_state_of_bolivia,1977,1.22130380258017
plurinational_state_of_bolivia,1978,1.37012664122994
plurinational_state_of_bolivia,1979,1.29095990343241
plurinational_state_of_bolivia,1980,1.27155386845427
plurinational_state_of_bolivia,1981,1.30486840506022
plurinational_state_of_bolivia,1982,1.18391570554798
plurinational_state_of_bolivia,1983,1.16761389479062
plurinational_state_of_bolivia,1984,1.09971100769693
plurinational_state_of_bolivia,1985,1.12165883665732
plurinational_state_of_bolivia,1986,1.02720530273184
plurinational_state_of_bolivia,1987,1.09492398700107
plurinational_state_of_bolivia,1988,1.16997204721254
plurinational_state_of_bolivia,1989,1.35601698907924
plurinational_state_of_bolivia,1990,2.73113217476919
plurinational_state_of_bolivia,1991,2.86441460334951
plurinational_state_of_bolivia,1992,3.00607089214134
plurinational_state_of_bolivia,1993,3.15237704324587
plurinational_state_of_bolivia,1994,2.63052899448833
plurinational_state_of_bolivia,1995,2.4608487598281
plurinational_state_of_bolivia,1996,2.73366529107692
plurinational_state_of_bolivia,1997,3.19900727863105
plurinational_state_of_bolivia,1998,3.07103461108942
plurinational_state_of_bolivia,1999,2.98567340273973
plurinational_state_of_bolivia,2000,2.30182258506421
plurinational_state_of_bolivia,2001,2.38613741234163
plurinational_state_of_bolivia,2002,2.83936237804934
plurinational_state_of_bolivia,2003,2.99345095550567
plurinational_state_of_bolivia,2004,3.01089936847657
plurinational_state_of_bolivia,2005,3.36043027566295
plurinational_state_of_bolivia,2006,3.36581088940365
plurinational_state_of_bolivia,2007,3.46489623242881
plurinational_state_of_bolivia,2008,3.5385427478233
plurinational_state_of_bolivia,2009,3.69490809234035
plurinational_state_of_bolivia,2010,4.01713327087021
plurinational_state_of_bolivia,2011,4.35280375593143
plurinational_state_of_bolivia,2012,4.78584615277882
plurinational_state_of_bolivia,2013,4.84962059820156
plurinational_state_of_bolivia,2014,5.42791786407664
plurinational_state_of_bolivia,2015,5.42754538634211
plurinational_state_of_bolivia,2016,5.79674846246726
plurinational_state_of_bolivia,2017,6.05110406449158
plurinational_state_of_bolivia,2018,6.14127782679007
plurinational_state_of_bolivia,2019,6.16951736164531
plurinational_state_of_bolivia,2020,5.0017207151021
plurinational_state_of_bolivia,2021,5.92958369561273
plurinational_state_of_bolivia,2022,5.8661958106322
poland,1850,0.874
poland,1851,0.944
poland,1852,1.127
poland,1853,1.178
poland,1854,1.304
poland,1855,1.534
poland,1856,1.724
poland,1857,1.833
poland,1858,2.103
poland,1859,1.941
poland,1860,2.043
poland,1861,2.093
poland,1862,2.403
poland,1863,2.744
poland,1864,3.062
poland,1865,3.39
poland,1866,3.317
poland,1867,3.628
poland,1868,4.126
poland,1869,4.261
poland,1870,4.548
poland,1871,5.178
poland,1872,5.631
poland,1873,6.1
poland,1874,6.686
poland,1875,6.566
poland,1876,6.711
poland,1877,6.314
poland,1878,6.641
poland,1879,7.229
poland,1880,7.191
poland,1881,7.159
poland,1882,7.436
poland,1883,8.168
poland,1884,8.516
poland,1885,8.897
poland,1886,9.124
poland,1887,9.191
poland,1888,10.235
poland,1889,11.058
poland,1890,11.426
poland,1891,12.375
poland,1892,11.762
poland,1893,12.373
poland,1894,12.58
poland,1895,13.371
poland,1896,14.39
poland,1897,15.036
poland,1898,16.333
poland,1899,16.899
poland,1900,17.278
poland,1901,18.258
poland,1902,17.874
poland,1903,18.692
poland,1904,18.936
poland,1905,20.438
poland,1906,21.477
poland,1907,23.798
poland,1908,25.388
poland,1909,26.074
poland,1910,25.804
poland,1911,27.184
poland,1912,30.277
poland,1913,31.716
poland,1914,26.475
poland,1915,25.858
poland,1916,29.688
poland,1917,32.992
poland,1918,27.709
poland,1919,0.745
poland,1920,20.846
poland,1921,20.455
poland,1922,19.588
poland,1923,14.342
poland,1924,13.056
poland,1925,13.121
poland,1926,13.136
poland,1927,16.558
poland,1928,17.1637915748032
poland,1929,19.8388888976378
poland,1930,15.4380835433071
poland,1931,14.9633998425197
poland,1932,11.4566107086614
poland,1933,11.7915458267717
poland,1934,12.3402051968504
poland,1935,12.5950673228346
poland,1936,13.617840321372
poland,1937,15.3755807086614
poland,1938,16.3581020887152
poland,1939,14.165
poland,1940,45.646
poland,1941,44.979
poland,1942,49.567
poland,1943,53.981
poland,1944,51.594
poland,1945,16.2276675008042
poland,1946,28.5464590551181
poland,1947,24.9853211811024
poland,1948,24.2699886614173
poland,1949,28.7734129245496
poland,1950,30.6012262085777
poland,1951,33.3330315644974
poland,1952,34.946055984252
poland,1953,37.9893666141732
poland,1954,40.2752450538534
poland,1955,42.0857908874043
poland,1956,45.419547480315
poland,1957,48.7670446456693
poland,1958,48.2354202731439
poland,1959,51.7631362992126
poland,1960,54.4697251181102
poland,1961,56.5598816535433
poland,1962,59.1176788976378
poland,1963,63.0455330476668
poland,1964,66.2883405629642
poland,1965,67.4074404724409
poland,1966,68.8949214173228
poland,1967,70.6947211023622
poland,1968,75.2732018772507
poland,1969,80.0669507928734
poland,1970,83.0085692870459
poland,1971,85.3932349758551
poland,1972,89.9307797154706
poland,1973,91.5911460528948
poland,1974,94.4968833206133
poland,1975,102.28714137025
poland,1976,108.65685960888
poland,1977,114.07067762085
poland,1978,117.595540069217
poland,1979,120.444494348083
poland,1980,126.454442663686
poland,1981,111.625806854495
poland,1982,114.893676414313
poland,1983,114.908233836829
poland,1984,118.031485283191
poland,1985,121.317647548009
poland,1986,123.321143644332
poland,1987,126.564584848261
poland,1988,121.241803655159
poland,1989,115.222461244541
poland,1990,102.795101177344
poland,1991,101.971281093904
poland,1992,99.4843286200288
poland,1993,99.6656328950448
poland,1994,98.3128886923915
poland,1995,98.9668527821347
poland,1996,102.970908800363
poland,1997,100.228076989382
poland,1998,92.5426937446373
poland,1999,89.8652285570763
poland,2000,86.6408903231046
poland,2001,85.5623772900788
poland,2002,83.548788207958
poland,2003,87.0496001126925
poland,2004,88.3717575743885
poland,2005,88.0909002050674
poland,2006,91.8593508073145
poland,2007,91.6812773907963
poland,2008,89.9473466147091
poland,2009,86.2503303171089
poland,2010,91.2184976642729
poland,2011,91.0476979404486
poland,2012,88.9610524209588
poland,2013,87.8621844172181
poland,2014,84.4930263406148
poland,2015,85.3480953769038
poland,2016,88.3043094993695
poland,2017,91.9119585719857
poland,2018,91.7251379551632
poland,2019,86.7037464412187
poland,2020,82.5428750880134
poland,2021,90.3594877568873
poland,2022,88.1870426331788
portugal,1870,0.006
portugal,1871,0.01
portugal,1872,0.142
portugal,1873,0.198
portugal,1874,0.145
portugal,1875,0.319
portugal,1876,0.313
portugal,1877,0.183
portugal,1878,0.175
portugal,1879,0.193
portugal,1880,0.24
portugal,1881,0.243
portugal,1882,0.296
portugal,1883,0.311
portugal,1884,0.328
portugal,1885,0.304
portugal,1886,0.336
portugal,1887,0.346
portugal,1888,0.373
portugal,1889,0.429
portugal,1890,0.458
portugal,1891,0.475
portugal,1892,0.462
portugal,1893,0.413
portugal,1894,0.485
portugal,1895,0.463
portugal,1896,0.472
portugal,1897,0.496
portugal,1898,0.568
portugal,1899,0.585
portugal,1900,0.673
portugal,1901,0.652
portugal,1902,0.715
portugal,1903,0.688
portugal,1904,0.704
portugal,1905,0.688
portugal,1906,0.791
portugal,1907,0.863
portugal,1908,0.858
portugal,1909,0.872
portugal,1910,0.887
portugal,1911,0.858
portugal,1912,0.997
portugal,1913,1.053
portugal,1914,0.921
portugal,1915,0.842
portugal,1916,0.816
portugal,1917,0.452
portugal,1918,0.299
portugal,1919,0.589
portugal,1920,0.574
portugal,1921,0.586
portugal,1922,0.808
portugal,1923,0.731
portugal,1924,0.827
portugal,1925,0.852
portugal,1926,0.856
portugal,1927,0.991
portugal,1928,1.0899188976378
portugal,1929,1.08290267716535
portugal,1930,1.17989447750329
portugal,1931,1.06989456692913
portugal,1932,0.924870236220472
portugal,1933,1.09082157480315
portugal,1934,1.11779706257622
portugal,1935,1.19476480314961
portugal,1936,1.12673236220472
portugal,1937,1.34571635246596
portugal,1938,1.12370803149606
portugal,1939,1.29667559055118
portugal,1940,1.06369992125984
portugal,1941,1.03169992125984
portugal,1942,0.825732362204724
portugal,1943,0.802724594938692
portugal,1944,0.885732059789136
portugal,1945,0.910708031496063
portugal,1946,1.0616431496063
portugal,1947,1.51252960629921
portugal,1948,1.43344850393701
portugal,1949,1.50642417322835
portugal,1950,1.5333674015748
portugal,1951,1.47229393010741
portugal,1952,1.46019708661417
portugal,1953,1.61814842519685
portugal,1954,1.58014031496063
portugal,1955,1.76314080203431
portugal,1956,1.95487267716535
portugal,1957,2.12392133858268
portugal,1958,2.06187267716535
portugal,1959,2.17786456692913
portugal,1960,2.24167803149606
portugal,1961,2.47762937007874
portugal,1962,2.53545094488189
portugal,1963,2.73241850393701
portugal,1964,3.00420823385853
portugal,1965,3.16115086614173
portugal,1966,3.23010220472441
portugal,1967,3.38198866141732
portugal,1968,3.54594811023622
portugal,1969,3.98275290067751
portugal,1970,4.15842843710251
portugal,1971,4.46934838207175
portugal,1972,4.99653685745375
portugal,1973,5.44352332341536
portugal,1974,5.63453250801772
portugal,1975,5.80655598865338
portugal,1976,6.09327953710762
portugal,1977,6.1694800911251
portugal,1978,6.1639675360623
portugal,1979,6.78373768529636
portugal,1980,7.30717774622352
portugal,1981,7.36912665754007
portugal,1982,7.91481385541354
portugal,1983,8.1609242658867
portugal,1984,7.85857267062692
portugal,1985,7.40438596652559
portugal,1986,8.2481279445908
portugal,1987,8.51483180741099
portugal,1988,8.88852479173117
portugal,1989,11.1414362024249
portugal,1990,12.357756783008
portugal,1991,12.854008108258
portugal,1992,13.8974116137264
portugal,1993,13.4918204508952
portugal,1994,13.7027145253188
portugal,1995,14.8658224609211
portugal,1996,14.1270464711526
portugal,1997,14.9091378217962
portugal,1998,16.1486341492214
portugal,1999,18.2416630254736
portugal,2000,17.9070350888191
portugal,2001,17.7817930484932
portugal,2002,18.9846359788949
portugal,2003,17.5916547028003
portugal,2004,18.3688143076149
portugal,2005,19.0050805512046
portugal,2006,17.6972772303236
portugal,2007,17.0181827180334
portugal,2008,16.3831703304324
portugal,2009,15.5939965749908
portugal,2010,14.4470474278012
portugal,2011,14.121126412109
portugal,2012,13.6186002299765
portugal,2013,13.128474226113
portugal,2014,13.0690620238396
portugal,2015,14.2476636320022
portugal,2016,13.7463720787678
portugal,2017,15.0399232196074
portugal,2018,14.0209410691812
portugal,2019,12.9623484892407
portugal,2020,11.3796947402226
portugal,2021,10.9001992797393
portugal,2022,11.3550850521832
qatar,1949,0.071
qatar,1950,0.096
qatar,1951,0.106
qatar,1952,0.053
qatar,1953,0.1
qatar,1954,0.166
qatar,1955,0.114
qatar,1956,0.138
qatar,1957,0.085
qatar,1958,0.046
qatar,1959,0.05
qatar,1960,0.048
qatar,1961,0.044
qatar,1962,0.052
qatar,1963,1.674
qatar,1964,1.711
qatar,1965,1.716
qatar,1966,1.712
qatar,1967,1.824
qatar,1968,1.931
qatar,1969,1.95594322834646
qatar,1970,2.06371614173228
qatar,1971,2.49571614173228
qatar,1972,2.94088645669291
qatar,1973,3.39988645669291
qatar,1974,2.85986212598425
qatar,1975,2.98782157480315
qatar,1976,2.8315764407609
qatar,1977,2.70633971607863
qatar,1978,2.87090742702834
qatar,1979,3.91442181276784
qatar,1980,3.57033060280414
qatar,1981,3.50455337689441
qatar,1982,3.36651446344489
qatar,1983,3.06838443483918
qatar,1984,3.35644993742456
qatar,1985,3.37822274136498
qatar,1986,3.62090128743543
qatar,1987,3.13060215251862
qatar,1988,3.24717817717884
qatar,1989,3.90075592309145
qatar,1990,3.11440949755593
qatar,1991,4.7435795649485
qatar,1992,7.30904504519233
qatar,1993,8.3745886039862
qatar,1994,8.82735154492652
qatar,1995,9.04398148682584
qatar,1996,9.39511617925538
qatar,1997,11.5126692094486
qatar,1998,10.0676015853774
qatar,1999,9.89303248832848
qatar,2000,11.0028657991636
qatar,2001,12.5047251441963
qatar,2002,12.299859214992
qatar,2003,12.6951300130266
qatar,2004,12.914958931608
qatar,2005,12.9778237040396
qatar,2006,16.2745640676614
qatar,2007,16.207163548702
qatar,2008,16.8223106915487
qatar,2009,17.7602799434996
qatar,2010,20.0386408919671
qatar,2011,22.2416258763192
qatar,2012,25.4696934020467
qatar,2013,22.6004600513197
qatar,2014,24.8847158234831
qatar,2015,24.8892702367593
qatar,2016,23.8496570970904
qatar,2017,27.3229444625236
qatar,2018,26.0545687529402
qatar,2019,27.5706836234068
qatar,2020,27.9752255852273
qatar,2021,29.262593914633
qatar,2022,27.6583939650755
republic_of_cameroon,1950,0.038
republic_of_cameroon,1951,0.05
republic_of_cameroon,1952,0.077
republic_of_cameroon,1953,0.055
republic_of_cameroon,1954,0.063
republic_of_cameroon,1955,0.0639918897637795
republic_of_cameroon,1956,0.0649837795275591
republic_of_cameroon,1957,0.0699920039924587
republic_of_cameroon,1958,0.0759919950915227
republic_of_cameroon,1959,0.0759918897637795
republic_of_cameroon,1960,0.074
republic_of_cameroon,1961,0.077
republic_of_cameroon,1962,0.079
republic_of_cameroon,1963,0.082
republic_of_cameroon,1964,0.092
republic_of_cameroon,1965,0.085
republic_of_cameroon,1966,0.094
republic_of_cameroon,1967,0.125
republic_of_cameroon,1968,0.138
republic_of_cameroon,1969,0.156
republic_of_cameroon,1970,0.173967559055118
republic_of_cameroon,1971,0.220845905511811
republic_of_cameroon,1972,0.234813464566929
republic_of_cameroon,1973,0.244789991037706
republic_of_cameroon,1974,0.265764803149606
republic_of_cameroon,1975,0.316740472440945
republic_of_cameroon,1976,0.297208053473604
republic_of_cameroon,1977,0.425504456219028
republic_of_cameroon,1978,0.543997111950312
republic_of_cameroon,1979,0.495453531405337
republic_of_cameroon,1980,1.06057448491376
republic_of_cameroon,1981,1.45172595972384
republic_of_cameroon,1982,1.72376847450326
republic_of_cameroon,1983,1.78888637667027
republic_of_cameroon,1984,1.652
republic_of_cameroon,1985,1.766
republic_of_cameroon,1986,0.544
republic_of_cameroon,1987,0.503
republic_of_cameroon,1988,0.587871423533348
republic_of_cameroon,1989,2.06814768705182
republic_of_cameroon,1990,0.710915194766785
republic_of_cameroon,1991,0.728286128706102
republic_of_cameroon,1992,0.740256203350516
republic_of_cameroon,1993,0.782150794805095
republic_of_cameroon,1994,1.33181335130086
republic_of_cameroon,1995,1.46688626864983
republic_of_cameroon,1996,1.63063860377234
republic_of_cameroon,1997,1.46800791826533
republic_of_cameroon,1998,1.46647697057428
republic_of_cameroon,1999,1.42452228696729
republic_of_cameroon,2000,1.5252645501108
republic_of_cameroon,2001,1.5181288128526
republic_of_cameroon,2002,1.46032805369415
republic_of_cameroon,2003,1.55693823424526
republic_of_cameroon,2004,1.55525520963522
republic_of_cameroon,2005,1.48031059898989
republic_of_cameroon,2006,1.49724856056549
republic_of_cameroon,2007,2.02220873004642
republic_of_cameroon,2008,1.99798564660237
republic_of_cameroon,2009,2.33486990081412
republic_of_cameroon,2010,2.28802468334758
republic_of_cameroon,2011,2.21206710092955
republic_of_cameroon,2012,2.07515666920528
republic_of_cameroon,2013,2.14233540481798
republic_of_cameroon,2014,2.39397098549462
republic_of_cameroon,2015,2.68849982900269
republic_of_cameroon,2016,2.71779748720247
republic_of_cameroon,2017,2.61410037462328
republic_of_cameroon,2018,2.6325024524943
republic_of_cameroon,2019,2.61785662661617
republic_of_cameroon,2020,2.64781962272798
republic_of_cameroon,2021,2.81051874312532
republic_of_cameroon,2022,2.61262321060732
republic_of_korea,1850,0
republic_of_korea,1851,0
republic_of_korea,1852,0
republic_of_korea,1853,0
republic_of_korea,1854,0
republic_of_korea,1855,0
republic_of_korea,1856,0
republic_of_korea,1857,0
republic_of_korea,1858,0
republic_of_korea,1859,0
republic_of_korea,1860,0
republic_of_korea,1861,0
republic_of_korea,1862,0
republic_of_korea,1863,0
republic_of_korea,1864,0
republic_of_korea,1865,0
republic_of_korea,1866,0
republic_of_korea,1867,0
republic_of_korea,1868,0
republic_of_korea,1869,0
republic_of_korea,1870,0
republic_of_korea,1871,0
republic_of_korea,1872,0
republic_of_korea,1873,0
republic_of_korea,1874,0
republic_of_korea,1875,0
republic_of_korea,1876,0
republic_of_korea,1877,0
republic_of_korea,1878,0
republic_of_korea,1879,0
republic_of_korea,1880,0
republic_of_korea,1881,0
republic_of_korea,1882,0
republic_of_korea,1883,0
republic_of_korea,1884,0
republic_of_korea,1885,0
republic_of_korea,1886,0
republic_of_korea,1887,0
republic_of_korea,1888,0
republic_of_korea,1889,0
republic_of_korea,1890,0
republic_of_korea,1891,0
republic_of_korea,1892,0
republic_of_korea,1893,0
republic_of_korea,1894,0
republic_of_korea,1895,0
republic_of_korea,1896,0
republic_of_korea,1897,0
republic_of_korea,1898,0
republic_of_korea,1899,0
republic_of_korea,1900,0
republic_of_korea,1901,0
republic_of_korea,1902,0
republic_of_korea,1903,0
republic_of_korea,1904,0
republic_of_korea,1905,0.000210526315789474
republic_of_korea,1906,0
republic_of_korea,1907,0
republic_of_korea,1908,0
republic_of_korea,1909,0.00226315789473684
republic_of_korea,1910,0.00284210526315789
republic_of_korea,1911,0.00336842105263158
republic_of_korea,1912,0.00421052631578947
republic_of_korea,1913,0.00489473684210526
republic_of_korea,1914,0.007
republic_of_korea,1915,0.00873684210526316
republic_of_korea,1916,0.00726315789473684
republic_of_korea,1917,0
republic_of_korea,1918,0.0071578947368421
republic_of_korea,1919,0.00847368421052632
republic_of_korea,1920,0.011
republic_of_korea,1921,0.0118421052631579
republic_of_korea,1922,0.0121052631578947
republic_of_korea,1923,0.0144736842105263
republic_of_korea,1924,0.0152105263157895
republic_of_korea,1925,0.0242631578947368
republic_of_korea,1926,0.0260526315789474
republic_of_korea,1927,0.027
republic_of_korea,1928,0.0311052631578947
republic_of_korea,1929,0.0357368421052632
republic_of_korea,1930,0.0336842105263158
republic_of_korea,1931,0.0356842105263158
republic_of_korea,1932,0.0420526315789474
republic_of_korea,1933,0.0495789473684211
republic_of_korea,1934,0.0659345627849151
republic_of_korea,1935,0.0775520555325321
republic_of_korea,1936,0.0910197447698113
republic_of_korea,1937,0.0973826149572698
republic_of_korea,1938,0.130315789473684
republic_of_korea,1939,0.170088295919534
republic_of_korea,1940,0.21878947368421
republic_of_korea,1941,0.243976651471198
republic_of_korea,1942,0.269352329050974
republic_of_korea,1943,0.261024144444407
republic_of_korea,1944,0.275784041967333
republic_of_korea,1945,0.000991889763779527
republic_of_korea,1946,0.132991828322596
republic_of_korea,1947,0.244983713050213
republic_of_korea,1948,0.455983779527559
republic_of_korea,1949,0.593975669291339
republic_of_korea,1950,0.59598380669753
republic_of_korea,1951,0.79799188976378
republic_of_korea,1952,0.944959448818898
republic_of_korea,1953,1.28095130056595
republic_of_korea,1954,1.40793511811024
republic_of_korea,1955,1.75893511811024
republic_of_korea,1956,2.06195133858268
republic_of_korea,1957,2.24189456692913
republic_of_korea,1958,2.45867545857012
republic_of_korea,1959,3.0626025984252
republic_of_korea,1960,3.42252135623133
republic_of_korea,1961,3.94342417322835
republic_of_korea,1962,4.71113220472441
republic_of_korea,1963,5.75414046431523
republic_of_korea,1964,6.0576295962553
republic_of_korea,1965,6.81722385826772
republic_of_korea,1966,8.18292377952756
republic_of_korea,1967,9.58330712065687
republic_of_korea,1968,10.1520584251969
republic_of_korea,1969,11.5906715748031
republic_of_korea,1970,14.6605762549407
republic_of_korea,1971,15.9753645860563
republic_of_korea,1972,16.4429754275718
republic_of_korea,1973,19.916658012978
republic_of_korea,1974,20.6196809527904
republic_of_korea,1975,22.2887004112753
republic_of_korea,1976,25.4106322311552
republic_of_korea,1977,28.7826690575173
republic_of_korea,1978,30.8731703355393
republic_of_korea,1979,36.2648044043697
republic_of_korea,1980,36.715181708038
republic_of_korea,1981,38.0976336331314
republic_of_korea,1982,38.4230079216189
republic_of_korea,1983,40.7024045935002
republic_of_korea,1984,43.8592952115158
republic_of_korea,1985,46.0583157349142
republic_of_korea,1986,48.1160602091861
republic_of_korea,1987,50.5890775652158
republic_of_korea,1988,57.5746360102366
republic_of_korea,1989,61.001742753158
republic_of_korea,1990,68.3708615850305
republic_of_korea,1991,75.2424195713663
republic_of_korea,1992,81.8519140221232
republic_of_korea,1993,90.112978071673
republic_of_korea,1994,97.0782847689021
republic_of_korea,1995,104.712187197847
republic_of_korea,1996,114.900675405128
republic_of_korea,1997,121.44312739951
republic_of_korea,1998,103.176250307009
republic_of_korea,1999,112.041158832181
republic_of_korea,2000,120.082066512727
republic_of_korea,2001,124.35333867862
republic_of_korea,2002,129.930371201261
republic_of_korea,2003,132.427070045906
republic_of_korea,2004,134.112834473681
republic_of_korea,2005,136.104885130207
republic_of_korea,2006,137.412167765215
republic_of_korea,2007,142.387749629691
republic_of_korea,2008,145.374116756829
republic_of_korea,2009,146.784888335487
republic_of_korea,2010,162.210455740634
republic_of_korea,2011,170.153612718289
republic_of_korea,2012,171.38183244758
republic_of_korea,2013,173.193423220486
republic_of_korea,2014,171.770328496041
republic_of_korea,2015,173.083318362769
republic_of_korea,2016,174.103188754719
republic_of_korea,2017,178.640084235156
republic_of_korea,2018,182.906304182362
republic_of_korea,2019,176.337953924391
republic_of_korea,2020,163.109784757088
republic_of_korea,2021,168.142736898528
republic_of_korea,2022,164.028206605643
republic_of_moldova,1850,0.000319664434960391
republic_of_moldova,1851,0
republic_of_moldova,1852,0
republic_of_moldova,1853,0
republic_of_moldova,1854,0
republic_of_moldova,1855,0.000969305060847637
republic_of_moldova,1856,0
republic_of_moldova,1857,0
republic_of_moldova,1858,0.00136115178757328
republic_of_moldova,1859,0.00144364583530499
republic_of_moldova,1860,0.00190767485379588
republic_of_moldova,1861,0.00242326265211909
republic_of_moldova,1862,0.00218609226489042
republic_of_moldova,1863,0.00228920982455506
republic_of_moldova,1864,0.00256762723564959
republic_of_moldova,1865,0.00245419792001849
republic_of_moldova,1866,0.0077544404867811
republic_of_moldova,1867,0.00889904539905863
republic_of_moldova,1868,0.00740384078392132
republic_of_moldova,1869,0.0100436503113362
republic_of_moldova,1870,0.0108995260565527
republic_of_moldova,1871,0.0147148757641445
republic_of_moldova,1872,0.0151067224908701
republic_of_moldova,1873,0.0141786644538883
republic_of_moldova,1874,0.0172103207080288
republic_of_moldova,1875,0.0198088832115778
republic_of_moldova,1876,0.0245935379800172
republic_of_moldova,1877,0.0250988140223739
republic_of_moldova,1878,0.0328016957293227
republic_of_moldova,1879,0.0336575714745392
republic_of_moldova,1880,0.0394837135955915
republic_of_moldova,1881,0.0415873118127502
republic_of_moldova,1882,0.0438043393455401
republic_of_moldova,1883,0.0498573400978546
republic_of_moldova,1884,0.0506204100393729
republic_of_moldova,1885,0.0551369591526842
republic_of_moldova,1886,0.0565496697200898
republic_of_moldova,1887,0.0598391198733919
republic_of_moldova,1888,0.062417058865008
republic_of_moldova,1889,0.0674079487527767
republic_of_moldova,1890,0.0763379294197347
republic_of_moldova,1891,0.0840511228826499
republic_of_moldova,1892,0.0889698304786534
republic_of_moldova,1893,0.104282788088853
republic_of_moldova,1894,0.106211086454582
republic_of_moldova,1895,0.122039631863104
republic_of_moldova,1896,0.124236035883961
republic_of_moldova,1897,0.143642760612847
republic_of_moldova,1898,0.161100563464071
republic_of_moldova,1899,0.186890265136198
republic_of_moldova,1900,0.211710661747477
republic_of_moldova,1901,0.217351192261133
republic_of_moldova,1902,0.209926727965279
republic_of_moldova,1903,0.205348308316169
republic_of_moldova,1904,0.228467265192981
republic_of_moldova,1905,0.203935597748763
republic_of_moldova,1906,0.2326125910915
republic_of_moldova,1907,0.260547138004652
republic_of_moldova,1908,0.262145460179454
republic_of_moldova,1909,0.276726283116034
republic_of_moldova,1910,0.271384793525406
republic_of_moldova,1911,0.281366573300943
republic_of_moldova,1912,0.318726065167443
republic_of_moldova,1913,0.346237830085969
republic_of_moldova,1914,0.312487452807732
republic_of_moldova,1915,0.286821492207203
republic_of_moldova,1916,0.305702317381799
republic_of_moldova,1917,0.28134594978901
republic_of_moldova,1918,0.112202216671097
republic_of_moldova,1919,0.0958374599523185
republic_of_moldova,1920,0.0873921318157843
republic_of_moldova,1921,0.0947753490877727
republic_of_moldova,1922,0.115584472628098
republic_of_moldova,1923,0.12768016237676
republic_of_moldova,1924,0.15211902401728
republic_of_moldova,1925,0.150139166871719
republic_of_moldova,1926,0.217536803868529
republic_of_moldova,1927,0.270456735488424
republic_of_moldova,1928,0.30031724800613
republic_of_moldova,1929,0.323435006933183
republic_of_moldova,1930,0.439825472209921
republic_of_moldova,1931,0.528400068053313
republic_of_moldova,1932,0.595269640331279
republic_of_moldova,1933,0.665280601910181
republic_of_moldova,1934,0.804693494469587
republic_of_moldova,1935,0.910795343977804
republic_of_moldova,1936,1.04430885769067
republic_of_moldova,1937,1.067906194018
republic_of_moldova,1938,1.12713166808987
republic_of_moldova,1939,1.14095619658475
republic_of_moldova,1940,1.36785462437622
republic_of_moldova,1941,1.20204729993388
republic_of_moldova,1942,0.653548781398536
republic_of_moldova,1943,0.682081410157743
republic_of_moldova,1944,0.989144879327115
republic_of_moldova,1945,1.04720585588326
republic_of_moldova,1946,1.17697620728387
republic_of_moldova,1947,1.41742521716377
republic_of_moldova,1948,1.5086051074345
republic_of_moldova,1949,1.71521357097047
republic_of_moldova,1950,1.91235672489063
republic_of_moldova,1951,2.0730361370888
republic_of_moldova,1952,2.22060081591493
republic_of_moldova,1953,2.35008516388748
republic_of_moldova,1954,2.56762932400244
republic_of_moldova,1955,2.91246128218933
republic_of_moldova,1956,3.19429150597291
republic_of_moldova,1957,3.49709874698545
republic_of_moldova,1958,3.73490479716965
republic_of_moldova,1959,3.92969892074118
republic_of_moldova,1960,4.09543692251316
republic_of_moldova,1961,4.22732450589382
republic_of_moldova,1962,4.44128960131283
republic_of_moldova,1963,4.76462193704178
republic_of_moldova,1964,5.06896358490653
republic_of_moldova,1965,5.3813016116245
republic_of_moldova,1966,5.68755270284382
republic_of_moldova,1967,5.95114750149382
republic_of_moldova,1968,6.12179760270226
republic_of_moldova,1969,6.37752425120498
republic_of_moldova,1970,6.71217631839305
republic_of_moldova,1971,7.12491580810683
republic_of_moldova,1972,7.49902654969271
republic_of_moldova,1973,7.82028678426483
republic_of_moldova,1974,8.12347319205238
republic_of_moldova,1975,8.54305267369318
republic_of_moldova,1976,8.87109070981418
republic_of_moldova,1977,9.17364316988759
republic_of_moldova,1978,9.4878636240541
republic_of_moldova,1979,9.56311130674197
republic_of_moldova,1980,9.93795357332744
republic_of_moldova,1981,9.75693736813168
republic_of_moldova,1982,9.93610052462774
republic_of_moldova,1983,10.0816506430407
republic_of_moldova,1984,10.172827176608
republic_of_moldova,1985,10.9597255354897
republic_of_moldova,1986,10.597167181575
republic_of_moldova,1987,10.2440444113061
republic_of_moldova,1988,10.7016607749749
republic_of_moldova,1989,10.4627507386839
republic_of_moldova,1990,9.89070053970255
republic_of_moldova,1991,7.98955142449248
republic_of_moldova,1992,5.72545245633188
republic_of_moldova,1993,4.32473048580786
republic_of_moldova,1994,3.39163867358079
republic_of_moldova,1995,3.11282909388646
republic_of_moldova,1996,3.18970796943231
republic_of_moldova,1997,1.99272469978166
republic_of_moldova,1998,1.75868938133418
republic_of_moldova,1999,1.27853118682192
republic_of_moldova,2000,0.975150655021834
republic_of_moldova,2001,1.03345761462882
republic_of_moldova,2002,1.10582306222707
republic_of_moldova,2003,1.20203810043668
republic_of_moldova,2004,1.25912240720524
republic_of_moldova,2005,1.34758418379701
republic_of_moldova,2006,1.37274762554585
republic_of_moldova,2007,1.35877554585153
republic_of_moldova,2008,1.4165884279476
republic_of_moldova,2009,1.23894975436681
republic_of_moldova,2010,1.31847852074236
republic_of_moldova,2011,1.34961091703057
republic_of_moldova,2012,1.30067726528384
republic_of_moldova,2013,1.33716113537118
republic_of_moldova,2014,1.29880354803493
republic_of_moldova,2015,1.30506538402703
republic_of_moldova,2016,1.33833825468482
republic_of_moldova,2017,1.42481200611412
republic_of_moldova,2018,1.48620358740028
republic_of_moldova,2019,1.49972777663263
republic_of_moldova,2020,1.43046669135389
republic_of_moldova,2021,1.52755239020815
republic_of_moldova,2022,1.47980920578606
republic_of_south_sudan,1850,0
republic_of_south_sudan,1851,0
republic_of_south_sudan,1852,0
republic_of_south_sudan,1853,0
republic_of_south_sudan,1854,0
republic_of_south_sudan,1855,0
republic_of_south_sudan,1856,0
republic_of_south_sudan,1857,0
republic_of_south_sudan,1858,0
republic_of_south_sudan,1859,0
republic_of_south_sudan,1860,0
republic_of_south_sudan,1861,0
republic_of_south_sudan,1862,0
republic_of_south_sudan,1863,0
republic_of_south_sudan,1864,0
republic_of_south_sudan,1865,0
republic_of_south_sudan,1866,0
republic_of_south_sudan,1867,0
republic_of_south_sudan,1868,0
republic_of_south_sudan,1869,0
republic_of_south_sudan,1870,0
republic_of_south_sudan,1871,0
republic_of_south_sudan,1872,0
republic_of_south_sudan,1873,0
republic_of_south_sudan,1874,0
republic_of_south_sudan,1875,0
republic_of_south_sudan,1876,0
republic_of_south_sudan,1877,0
republic_of_south_sudan,1878,0
republic_of_south_sudan,1879,0
republic_of_south_sudan,1880,0
republic_of_south_sudan,1881,0
republic_of_south_sudan,1882,0
republic_of_south_sudan,1883,0
republic_of_south_sudan,1884,0
republic_of_south_sudan,1885,0
republic_of_south_sudan,1886,0
republic_of_south_sudan,1887,0
republic_of_south_sudan,1888,0
republic_of_south_sudan,1889,0
republic_of_south_sudan,1890,0
republic_of_south_sudan,1891,0
republic_of_south_sudan,1892,0
republic_of_south_sudan,1893,0
republic_of_south_sudan,1894,0
republic_of_south_sudan,1895,0
republic_of_south_sudan,1896,0
republic_of_south_sudan,1897,0
republic_of_south_sudan,1898,0
republic_of_south_sudan,1899,0
republic_of_south_sudan,1900,0
republic_of_south_sudan,1901,0
republic_of_south_sudan,1902,0
republic_of_south_sudan,1903,0
republic_of_south_sudan,1904,0
republic_of_south_sudan,1905,0
republic_of_south_sudan,1906,0
republic_of_south_sudan,1907,0
republic_of_south_sudan,1908,0
republic_of_south_sudan,1909,0
republic_of_south_sudan,1910,0
republic_of_south_sudan,1911,0
republic_of_south_sudan,1912,0
republic_of_south_sudan,1913,0
republic_of_south_sudan,1914,0
republic_of_south_sudan,1915,0
republic_of_south_sudan,1916,0
republic_of_south_sudan,1917,0
republic_of_south_sudan,1918,0
republic_of_south_sudan,1919,0
republic_of_south_sudan,1920,0
republic_of_south_sudan,1921,0
republic_of_south_sudan,1922,0
republic_of_south_sudan,1923,0
republic_of_south_sudan,1924,0
republic_of_south_sudan,1925,0
republic_of_south_sudan,1926,0
republic_of_south_sudan,1927,0
republic_of_south_sudan,1928,0
republic_of_south_sudan,1929,0
republic_of_south_sudan,1930,0
republic_of_south_sudan,1931,0
republic_of_south_sudan,1932,0
republic_of_south_sudan,1933,0
republic_of_south_sudan,1934,0
republic_of_south_sudan,1935,0
republic_of_south_sudan,1936,0
republic_of_south_sudan,1937,0
republic_of_south_sudan,1938,0
republic_of_south_sudan,1939,0
republic_of_south_sudan,1940,0
republic_of_south_sudan,1941,0
republic_of_south_sudan,1942,0
republic_of_south_sudan,1943,0
republic_of_south_sudan,1944,0
republic_of_south_sudan,1945,0
republic_of_south_sudan,1946,0
republic_of_south_sudan,1947,0
republic_of_south_sudan,1948,0
republic_of_south_sudan,1949,0
republic_of_south_sudan,1950,0.0124913971094288
republic_of_south_sudan,1951,0.0164053682037165
republic_of_south_sudan,1952,0.0172381280110117
republic_of_south_sudan,1953,0.0189036476256022
republic_of_south_sudan,1954,0.0185705437026841
republic_of_south_sudan,1955,0.0210688231245699
republic_of_south_sudan,1956,0.0204026152787337
republic_of_south_sudan,1957,0.0262319339298004
republic_of_south_sudan,1958,0.0293131452167928
republic_of_south_sudan,1959,0.0310619408121129
republic_of_south_sudan,1960,0.0308953888506538
republic_of_south_sudan,1961,0.0314783207157605
republic_of_south_sudan,1962,0.0337267721954577
republic_of_south_sudan,1963,0.0381403991741225
republic_of_south_sudan,1964,0.0422209222298692
republic_of_south_sudan,1965,0.0551286992429456
republic_of_south_sudan,1966,0.0600419821059876
republic_of_south_sudan,1967,0.0723668272539573
republic_of_south_sudan,1968,0.0705347556779078
republic_of_south_sudan,1969,0.0950178940123882
republic_of_south_sudan,1970,0.110257398485891
republic_of_south_sudan,1971,0.113172057811425
republic_of_south_sudan,1972,0.122165863730213
republic_of_south_sudan,1973,0.123248451479697
republic_of_south_sudan,1974,0.129077770130764
republic_of_south_sudan,1975,0.096267033723331
republic_of_south_sudan,1976,0.0852746042670337
republic_of_south_sudan,1977,0.0864404679972471
republic_of_south_sudan,1978,0.0781128699242946
republic_of_south_sudan,1979,0.0811108052305575
republic_of_south_sudan,1980,0.0851080523055747
republic_of_south_sudan,1981,0.0826930488644184
republic_of_south_sudan,1982,0.0869401238816242
republic_of_south_sudan,1983,0.0887721954576738
republic_of_south_sudan,1984,0.079611837577426
republic_of_south_sudan,1985,0.0925196145905024
republic_of_south_sudan,1986,0.0965168616655196
republic_of_south_sudan,1987,0.076114246386786
republic_of_south_sudan,1988,0.110090846524432
republic_of_south_sudan,1989,0.0853578802477633
republic_of_south_sudan,1990,0.118418444597385
republic_of_south_sudan,1991,0.110923606331727
republic_of_south_sudan,1992,0.0991816930488644
republic_of_south_sudan,1993,0.0683695801789401
republic_of_south_sudan,1994,0.0940185822436339
republic_of_south_sudan,1995,0.0971830695113558
republic_of_south_sudan,1996,0.100264280798348
republic_of_south_sudan,1997,0.12274879559532
republic_of_south_sudan,1998,0.106426703372333
republic_of_south_sudan,1999,0.115420509291122
republic_of_south_sudan,2000,0.125496902959394
republic_of_south_sudan,2001,0.144400550584997
republic_of_south_sudan,2002,0.184039917412251
republic_of_south_sudan,2003,0.205608396421198
republic_of_south_sudan,2004,0.259821059876118
republic_of_south_sudan,2005,0.248911906400551
republic_of_south_sudan,2006,0.272562284927736
republic_of_south_sudan,2007,0.320196145905024
republic_of_south_sudan,2008,0.338183757742601
republic_of_south_sudan,2009,0.352257398485891
republic_of_south_sudan,2010,0.358419821059876
republic_of_south_sudan,2011,0.349675843083276
republic_of_south_sudan,2012,0.363
republic_of_south_sudan,2013,0.394
republic_of_south_sudan,2014,0.415
republic_of_south_sudan,2015,0.522
republic_of_south_sudan,2016,0.465
republic_of_south_sudan,2017,0.397
republic_of_south_sudan,2018,0.474
republic_of_south_sudan,2019,0.486
republic_of_south_sudan,2020,0.462
republic_of_south_sudan,2021,0.503311767971895
republic_of_south_sudan,2022,0.500437972515553
republic_of_sudan,1850,0
republic_of_sudan,1851,0
republic_of_sudan,1852,0
republic_of_sudan,1853,0
republic_of_sudan,1854,0
republic_of_sudan,1855,0
republic_of_sudan,1856,0
republic_of_sudan,1857,0
republic_of_sudan,1858,0
republic_of_sudan,1859,0
republic_of_sudan,1860,0
republic_of_sudan,1861,0
republic_of_sudan,1862,0
republic_of_sudan,1863,0
republic_of_sudan,1864,0
republic_of_sudan,1865,0
republic_of_sudan,1866,0
republic_of_sudan,1867,0
republic_of_sudan,1868,0
republic_of_sudan,1869,0
republic_of_sudan,1870,0
republic_of_sudan,1871,0
republic_of_sudan,1872,0
republic_of_sudan,1873,0
republic_of_sudan,1874,0
republic_of_sudan,1875,0
republic_of_sudan,1876,0
republic_of_sudan,1877,0
republic_of_sudan,1878,0
republic_of_sudan,1879,0
republic_of_sudan,1880,0
republic_of_sudan,1881,0
republic_of_sudan,1882,0
republic_of_sudan,1883,0
republic_of_sudan,1884,0
republic_of_sudan,1885,0
republic_of_sudan,1886,0
republic_of_sudan,1887,0
republic_of_sudan,1888,0
republic_of_sudan,1889,0
republic_of_sudan,1890,0
republic_of_sudan,1891,0
republic_of_sudan,1892,0
republic_of_sudan,1893,0
republic_of_sudan,1894,0
republic_of_sudan,1895,0
republic_of_sudan,1896,0
republic_of_sudan,1897,0
republic_of_sudan,1898,0
republic_of_sudan,1899,0
republic_of_sudan,1900,0
republic_of_sudan,1901,0
republic_of_sudan,1902,0
republic_of_sudan,1903,0
republic_of_sudan,1904,0
republic_of_sudan,1905,0
republic_of_sudan,1906,0
republic_of_sudan,1907,0
republic_of_sudan,1908,0
republic_of_sudan,1909,0
republic_of_sudan,1910,0
republic_of_sudan,1911,0
republic_of_sudan,1912,0
republic_of_sudan,1913,0
republic_of_sudan,1914,0
republic_of_sudan,1915,0
republic_of_sudan,1916,0
republic_of_sudan,1917,0
republic_of_sudan,1918,0
republic_of_sudan,1919,0
republic_of_sudan,1920,0
republic_of_sudan,1921,0
republic_of_sudan,1922,0
republic_of_sudan,1923,0
republic_of_sudan,1924,0
republic_of_sudan,1925,0
republic_of_sudan,1926,0
republic_of_sudan,1927,0
republic_of_sudan,1928,0
republic_of_sudan,1929,0
republic_of_sudan,1930,0
republic_of_sudan,1931,0
republic_of_sudan,1932,0
republic_of_sudan,1933,0
republic_of_sudan,1934,0
republic_of_sudan,1935,0
republic_of_sudan,1936,0
republic_of_sudan,1937,0
republic_of_sudan,1938,0
republic_of_sudan,1939,0
republic_of_sudan,1940,0
republic_of_sudan,1941,0
republic_of_sudan,1942,0
republic_of_sudan,1943,0
republic_of_sudan,1944,0
republic_of_sudan,1945,0
republic_of_sudan,1946,0
republic_of_sudan,1947,0
republic_of_sudan,1948,0
republic_of_sudan,1949,0
republic_of_sudan,1950,0.137508602890571
republic_of_sudan,1951,0.180594631796284
republic_of_sudan,1952,0.189761871988988
republic_of_sudan,1953,0.208096352374398
republic_of_sudan,1954,0.204429456297316
republic_of_sudan,1955,0.23187381319408
republic_of_sudan,1956,0.224541160431824
republic_of_sudan,1957,0.288718344949774
republic_of_sudan,1958,0.322611715118761
republic_of_sudan,1959,0.341851172949139
republic_of_sudan,1960,0.340006691848807
republic_of_sudan,1961,0.346454280295855
republic_of_sudan,1962,0.371187738830046
republic_of_sudan,1963,0.419761435821629
republic_of_sudan,1964,0.464706484372742
republic_of_sudan,1965,0.606804722492226
republic_of_sudan,1966,0.660873512032966
republic_of_sudan,1967,0.796524336648227
republic_of_sudan,1968,0.776344206930282
republic_of_sudan,1969,1.04584307476412
republic_of_sudan,1970,1.21361583243309
republic_of_sudan,1971,1.24567083361991
republic_of_sudan,1972,1.34470140139188
republic_of_sudan,1973,1.35658236930495
republic_of_sudan,1974,1.42067399187435
republic_of_sudan,1975,1.05955745633257
republic_of_sudan,1976,0.938413097981714
republic_of_sudan,1977,0.9509863169615
republic_of_sudan,1978,0.858848259550929
republic_of_sudan,1979,0.891607639710583
republic_of_sudan,1980,0.9353277162096
republic_of_sudan,1981,0.908829048397077
republic_of_sudan,1982,0.954930379955903
republic_of_sudan,1983,0.974623012022831
republic_of_sudan,1984,0.873801481104937
republic_of_sudan,1985,1.01538383784661
republic_of_sudan,1986,1.05987373262523
republic_of_sudan,1987,0.835475730831395
republic_of_sudan,1988,1.20899963048345
republic_of_sudan,1989,0.936354642958543
republic_of_sudan,1990,1.30155162412743
republic_of_sudan,1991,1.21901741428715
republic_of_sudan,1992,1.08877511530487
republic_of_sudan,1993,0.749544159738479
republic_of_sudan,1994,1.04431702538657
republic_of_sudan,1995,1.07821701896829
republic_of_sudan,1996,1.11454508578128
republic_of_sudan,1997,1.36671318186991
republic_of_sudan,1998,1.18977992763999
republic_of_sudan,1999,1.29347690898285
republic_of_sudan,2000,1.4400334201495
republic_of_sudan,2001,1.63753479913773
republic_of_sudan,2002,2.07728075808846
republic_of_sudan,2003,2.31720822869334
republic_of_sudan,2004,2.95696362337527
republic_of_sudan,2005,2.87330709853959
republic_of_sudan,2006,3.14176858406456
republic_of_sudan,2007,3.69124874568992
republic_of_sudan,2008,3.85852390544187
republic_of_sudan,2009,4.02897650583326
republic_of_sudan,2010,4.10098299706243
republic_of_sudan,2011,4.00339283074934
republic_of_sudan,2012,4.1521347586316
republic_of_sudan,2013,4.64188282779502
republic_of_sudan,2014,4.78592359754159
republic_of_sudan,2015,5.78316464801585
republic_of_sudan,2016,5.46880473405455
republic_of_sudan,2017,5.59307596797001
republic_of_sudan,2018,5.93740678588615
republic_of_sudan,2019,5.94227857444231
republic_of_sudan,2020,5.60247386051112
republic_of_sudan,2021,6.05488729093467
republic_of_sudan,2022,6.00800976445223
romania,1857,0
romania,1858,0.001
romania,1859,0.001
romania,1860,0.001
romania,1861,0.002
romania,1862,0.003
romania,1863,0.003
romania,1864,0.004
romania,1865,0.004
romania,1866,0.005
romania,1867,0.006
romania,1868,0.007
romania,1869,0.007
romania,1870,0.01
romania,1871,0.011
romania,1872,0.011
romania,1873,0.012
romania,1874,0.012
romania,1875,0.013
romania,1876,0.013
romania,1877,0.013
romania,1878,0.013
romania,1879,0.013
romania,1880,0.013
romania,1881,0.014
romania,1882,0.061
romania,1883,0.111
romania,1884,0.129
romania,1885,0.123
romania,1886,0.132
romania,1887,0.144
romania,1888,0.172
romania,1889,0.176
romania,1890,0.22
romania,1891,0.305
romania,1892,0.287
romania,1893,0.31
romania,1894,0.284
romania,1895,0.294
romania,1896,0.305
romania,1897,0.354
romania,1898,0.467
romania,1899,0.44
romania,1900,0.338
romania,1901,0.435
romania,1902,0.434
romania,1903,0.504
romania,1904,0.597
romania,1905,0.726
romania,1906,0.982
romania,1907,1.244
romania,1908,1.197
romania,1909,1.326
romania,1910,1.315
romania,1911,1.576
romania,1912,1.641
romania,1913,1.908
romania,1914,1.579
romania,1915,1.404
romania,1916,0.818
romania,1917,0.686
romania,1918,0.87
romania,1919,1.273
romania,1920,1.497
romania,1921,1.615
romania,1922,1.949
romania,1923,2.313
romania,1924,2.731
romania,1925,3.196
romania,1926,3.958
romania,1927,4.401
romania,1928,4.986634966173
romania,1929,5.59265125984252
romania,1930,6.34356204724409
romania,1931,7.05478099257918
romania,1932,7.46676480314961
romania,1933,7.45375669291339
romania,1934,8.64065125984252
romania,1935,8.60557826771653
romania,1936,9.04858637795276
romania,1937,7.76849716535433
romania,1938,7.29050534343537
romania,1939,6.87441606299213
romania,1940,6.53556204724409
romania,1941,6.15331885084145
romania,1942,6.46059448818898
romania,1943,6.03349716535433
romania,1944,4.10964306276026
romania,1945,5.1597242519685
romania,1946,4.76665133298433
romania,1947,4.46153771653543
romania,1948,6.37950527559055
romania,1949,6.30838362204724
romania,1950,5.29928643384772
romania,1951,6.14174270871526
romania,1952,7.26834551181102
romania,1953,8.35890730876314
romania,1954,9.14423196850394
romania,1955,10.0388667954246
romania,1956,11.1296885826772
romania,1957,12.5354047244095
romania,1958,13.5901612084807
romania,1959,13.8218532283465
romania,1960,14.5726342519685
romania,1961,15.2063503937008
romania,1962,17.4161557480315
romania,1963,18.9561827737448
romania,1964,19.6607607874016
romania,1965,21.462038976378
romania,1966,22.9505118110236
romania,1967,25.1170170866142
romania,1968,27.3142466141732
romania,1969,30.4387110663413
romania,1970,32.7460384625693
romania,1971,34.2958598688448
romania,1972,36.082938231701
romania,1973,39.4898451569975
romania,1974,41.1047420056232
romania,1975,44.1762015960213
romania,1976,47.5640198107788
romania,1977,48.5350769198722
romania,1978,52.7412457225595
romania,1979,53.308833595143
romania,1980,53.4406671662172
romania,1981,53.8544055321434
romania,1982,53.186927758927
romania,1983,54.4923128480044
romania,1984,51.3982976537195
romania,1985,52.7962623194526
romania,1986,54.8770714618652
romania,1987,57.5929983052504
romania,1988,57.7423065790767
romania,1989,58.1238678808732
romania,1990,48.1732817483431
romania,1991,38.8122843445835
romania,1992,36.0292709689068
romania,1993,33.4862995147743
romania,1994,32.9979963841491
romania,1995,34.3100028182513
romania,1996,35.2476113504224
romania,1997,32.2479301193202
romania,1998,28.6191287142526
romania,1999,24.2931353002947
romania,2000,25.4732648370604
romania,2001,27.0163595286081
romania,2002,27.1009024779866
romania,2003,28.3346031860284
romania,2004,28.1869307777675
romania,2005,27.7939579088337
romania,2006,28.465078322488
romania,2007,29.7542547940356
romania,2008,29.447187514196
romania,2009,24.1490787814304
romania,2010,23.4972947403942
romania,2011,25.3284709521719
romania,2012,24.8708263104546
romania,2013,21.6609104091123
romania,2014,21.5957645620886
romania,2015,21.296919710205
romania,2016,20.9373744413843
romania,2017,21.738239415016
romania,2018,21.9103939001453
romania,2019,20.9839579375942
romania,2020,20.203748260604
romania,2021,21.0672990383585
romania,2022,20.0658533091282
russian_federation,1850,0.0189485274009378
russian_federation,1851,0
russian_federation,1852,0
russian_federation,1853,0
russian_federation,1854,0
russian_federation,1855,0.0574568250221985
russian_federation,1856,0
russian_federation,1857,0
russian_federation,1858,0.0806840521588319
russian_federation,1859,0.0855739947139126
russian_federation,1860,0.113079921586242
russian_federation,1861,0.143642062555496
russian_federation,1862,0.129583477709639
russian_federation,1863,0.13569590590349
russian_federation,1864,0.152199462026887
russian_federation,1865,0.145475791013651
russian_federation,1866,0.459654600177588
russian_federation,1867,0.527502553129333
russian_federation,1868,0.438872344318495
russian_federation,1869,0.595350506081078
russian_federation,1870,0.64608366009004
russian_federation,1871,0.872243503262524
russian_federation,1872,0.895470730399157
russian_federation,1873,0.840458876654499
russian_federation,1874,1.02016426555372
russian_federation,1875,1.17419745603876
russian_federation,1876,1.45781412423344
russian_federation,1877,1.48776502238331
russian_federation,1878,1.94436340846397
russian_federation,1879,1.99509656247293
russian_federation,1880,2.34044875542551
russian_federation,1881,2.46514229058007
russian_federation,1882,2.59655949674786
russian_federation,1883,2.95535903172691
russian_federation,1884,3.00059100036141
russian_federation,1885,3.26831535525208
russian_federation,1886,3.35205562150783
russian_federation,1887,3.54704208089168
russian_federation,1888,3.69985278573795
russian_federation,1889,3.99569431032033
russian_federation,1890,4.52503059190782
russian_federation,1891,4.98224022080787
russian_federation,1892,5.27380304565456
russian_federation,1893,6.18149863244142
russian_federation,1894,6.29580103966643
russian_federation,1895,7.23405876742254
russian_federation,1896,7.36425348795156
russian_federation,1897,8.51461247403431
russian_federation,1898,9.54944656725326
russian_federation,1899,11.0781648585354
russian_federation,1900,12.5494263247953
russian_federation,1901,12.8837761469989
russian_federation,1902,12.4436813170417
russian_federation,1903,12.1722895052347
russian_federation,1904,13.5426959062961
russian_federation,1905,12.0885492389789
russian_federation,1906,13.7884155196889
russian_federation,1907,15.4442723174031
russian_federation,1908,15.5390149544078
russian_federation,1909,16.4033123010183
russian_federation,1910,16.0866885205768
russian_federation,1911,16.6783715697416
russian_federation,1912,18.8929043043738
russian_federation,1913,20.5237001464932
russian_federation,1914,18.5231023986458
russian_federation,1915,17.0017190211963
russian_federation,1916,18.1209046234904
russian_federation,1917,16.6771490841028
russian_federation,1918,6.65093311772917
russian_federation,1919,5.68089076336503
russian_federation,1920,5.18028289428864
russian_federation,1921,5.61793275296836
russian_federation,1922,6.85142076248748
russian_federation,1923,7.56840858962618
russian_federation,1924,9.01705407156885
russian_federation,1925,8.89969545024691
russian_federation,1926,12.8947785177479
russian_federation,1927,16.0316766668321
russian_federation,1928,17.8099296289678
russian_federation,1929,19.1798654664077
russian_federation,1930,26.0736377400603
russian_federation,1931,31.324005054748
russian_federation,1932,35.2930157141254
russian_federation,1933,39.4435555041899
russian_federation,1934,47.7117705311003
russian_federation,1935,54.0069995607505
russian_federation,1936,61.9292794539938
russian_federation,1937,63.3253156927099
russian_federation,1938,66.8368182333682
russian_federation,1939,67.6565299474577
russian_federation,1940,81.1111895986897
russian_federation,1941,71.2582816976783
russian_federation,1942,38.7399586498076
russian_federation,1943,40.4312675310462
russian_federation,1944,58.6328562066954
russian_federation,1945,62.0746649995584
russian_federation,1946,69.7608693952427
russian_federation,1947,84.0032069123057
russian_federation,1948,89.3875492410694
russian_federation,1949,101.611045604011
russian_federation,1950,113.262018843754
russian_federation,1951,122.750463933667
russian_federation,1952,131.446745796339
russian_federation,1953,139.063325877645
russian_federation,1954,151.878389296228
russian_federation,1955,172.215280445736
russian_federation,1956,188.817376441188
russian_federation,1957,206.625260954824
russian_federation,1958,220.548679082756
russian_federation,1959,231.877213394644
russian_federation,1960,241.417818548607
russian_federation,1961,248.968786081228
russian_federation,1962,261.30736828491
russian_federation,1963,280.240977700284
russian_federation,1964,298.043619521066
russian_federation,1965,316.169794958483
russian_federation,1966,333.891195505175
russian_federation,1967,349.133708279641
russian_federation,1968,358.945451854296
russian_federation,1969,373.818140963528
russian_federation,1970,393.158356565174
russian_federation,1971,417.221329755222
russian_federation,1972,438.969840773142
russian_federation,1973,457.508665250861
russian_federation,1974,474.930196556839
russian_federation,1975,499.220542930317
russian_federation,1976,518.447404971773
russian_federation,1977,536.081774540408
russian_federation,1978,554.492313785845
russian_federation,1979,559.091159455923
russian_federation,1980,581.08904229004
russian_federation,1981,570.024722478936
russian_federation,1982,580.771491991364
russian_federation,1983,589.008995073246
russian_federation,1984,594.239302246184
russian_federation,1985,640.868301030107
russian_federation,1986,641.028035413476
russian_federation,1987,643.599789186726
russian_federation,1988,664.872844606349
russian_federation,1989,656.379344560059
russian_federation,1990,692.207353294546
russian_federation,1991,656.865644724428
russian_federation,1992,536.709828196306
russian_federation,1993,509.478469725167
russian_federation,1994,449.690120272764
russian_federation,1995,442.06526090174
russian_federation,1996,433.084630132988
russian_federation,1997,404.542715884413
russian_federation,1998,399.905419987757
russian_federation,1999,407.799901019588
russian_federation,2000,403.696092417208
russian_federation,2001,413.659152122517
russian_federation,2002,411.241252123915
russian_federation,2003,419.491896592172
russian_federation,2004,421.385666264898
russian_federation,2005,426.467493729159
russian_federation,2006,442.959043033896
russian_federation,2007,443.171748627708
russian_federation,2008,450.890969895642
russian_federation,2009,421.679692666761
russian_federation,2010,445.628591264522
russian_federation,2011,460.128167326379
russian_federation,2012,464.319948821867
russian_federation,2013,447.717638702741
russian_federation,2014,447.587083110762
russian_federation,2015,447.236698481357
russian_federation,2016,446.202231056281
russian_federation,2017,454.727403449541
russian_federation,2018,467.383850344881
russian_federation,2019,465.346865966565
russian_federation,2020,445.668480317428
russian_federation,2021,467.247083881868
russian_federation,2022,450.921742008102
rwanda,1850,0
rwanda,1851,0
rwanda,1852,0
rwanda,1853,0
rwanda,1854,0
rwanda,1855,0
rwanda,1856,0
rwanda,1857,0
rwanda,1858,0
rwanda,1859,0
rwanda,1860,0
rwanda,1861,0
rwanda,1862,0
rwanda,1863,0
rwanda,1864,0
rwanda,1865,0
rwanda,1866,0
rwanda,1867,0
rwanda,1868,0
rwanda,1869,0
rwanda,1870,0
rwanda,1871,0
rwanda,1872,0
rwanda,1873,0
rwanda,1874,0
rwanda,1875,0
rwanda,1876,0
rwanda,1877,0
rwanda,1878,0
rwanda,1879,0
rwanda,1880,0
rwanda,1881,0
rwanda,1882,0
rwanda,1883,0
rwanda,1884,0
rwanda,1885,0
rwanda,1886,0
rwanda,1887,0
rwanda,1888,0
rwanda,1889,0
rwanda,1890,0
rwanda,1891,0
rwanda,1892,0
rwanda,1893,0
rwanda,1894,0
rwanda,1895,0
rwanda,1896,0
rwanda,1897,0
rwanda,1898,0
rwanda,1899,0
rwanda,1900,0
rwanda,1901,0
rwanda,1902,0
rwanda,1903,0
rwanda,1904,0
rwanda,1905,0
rwanda,1906,0
rwanda,1907,0
rwanda,1908,0
rwanda,1909,0
rwanda,1910,0
rwanda,1911,0
rwanda,1912,0
rwanda,1913,0
rwanda,1914,0
rwanda,1915,0
rwanda,1916,0
rwanda,1917,0
rwanda,1918,0
rwanda,1919,0
rwanda,1920,0
rwanda,1921,0
rwanda,1922,0
rwanda,1923,0
rwanda,1924,0
rwanda,1925,0
rwanda,1926,0
rwanda,1927,0
rwanda,1928,0
rwanda,1929,0
rwanda,1930,0
rwanda,1931,0
rwanda,1932,0
rwanda,1933,0
rwanda,1934,0
rwanda,1935,0
rwanda,1936,0
rwanda,1937,0
rwanda,1938,0
rwanda,1939,0
rwanda,1940,0
rwanda,1941,0
rwanda,1942,0
rwanda,1943,0
rwanda,1944,0
rwanda,1945,0
rwanda,1946,0
rwanda,1947,0
rwanda,1948,0
rwanda,1949,0
rwanda,1950,0.0046
rwanda,1951,0.0046
rwanda,1952,0.00854285714285714
rwanda,1953,0.00788571428571429
rwanda,1954,0.00328571428571429
rwanda,1955,0.00394285714285714
rwanda,1956,0.0046
rwanda,1957,0.00525714285714286
rwanda,1958,0.00525714285714286
rwanda,1959,0.0203714285714286
rwanda,1960,0.0190571428571429
rwanda,1961,0.0249714285714286
rwanda,1962,0.023
rwanda,1963,0.023
rwanda,1964,0.01
rwanda,1965,0.013
rwanda,1966,0.012
rwanda,1967,0.011
rwanda,1968,0.015
rwanda,1969,0.016
rwanda,1970,0.016
rwanda,1971,0.017
rwanda,1972,0.018
rwanda,1973,0.019
rwanda,1974,0.02
rwanda,1975,0.048
rwanda,1976,0.073
rwanda,1977,0.073
rwanda,1978,0.079
rwanda,1979,0.081
rwanda,1980,0.135
rwanda,1981,0.164
rwanda,1982,0.166
rwanda,1983,0.19
rwanda,1984,0.173
rwanda,1985,0.168
rwanda,1986,0.163
rwanda,1987,0.166871889371379
rwanda,1988,0.188948385349372
rwanda,1989,0.186748606371401
rwanda,1990,0.142975888203855
rwanda,1991,0.128857954918859
rwanda,1992,0.130864052641614
rwanda,1993,0.131808134860493
rwanda,1994,0.126125369513229
rwanda,1995,0.124116049883042
rwanda,1996,0.126648267061991
rwanda,1997,0.131694204798277
rwanda,1998,0.131419736855641
rwanda,1999,0.13717744494798
rwanda,2000,0.140593107297966
rwanda,2001,0.142570279050559
rwanda,2002,0.141613205964516
rwanda,2003,0.138946610511085
rwanda,2004,0.140764327986639
rwanda,2005,0.140343913695696
rwanda,2006,0.140397743449782
rwanda,2007,0.147974168327423
rwanda,2008,0.144055301310044
rwanda,2009,0.152363465850387
rwanda,2010,0.158563537117904
rwanda,2011,0.175649825876412
rwanda,2012,0.196087873362445
rwanda,2013,0.21350299269861
rwanda,2014,0.226474986757167
rwanda,2015,0.264788031144434
rwanda,2016,0.286117076419214
rwanda,2017,0.315247740174672
rwanda,2018,0.351364681972872
rwanda,2019,0.374654599768731
rwanda,2020,0.374403020332969
rwanda,2021,0.423975082183296
rwanda,2022,0.422423653561496
saint_helena,1950,0
saint_helena,1951,0
saint_helena,1952,0
saint_helena,1953,0
saint_helena,1954,0
saint_helena,1955,0
saint_helena,1956,0
saint_helena,1957,0
saint_helena,1958,0
saint_helena,1959,0
saint_helena,1960,0
saint_helena,1961,0
saint_helena,1962,0
saint_helena,1963,0
saint_helena,1964,0
saint_helena,1965,0
saint_helena,1966,0
saint_helena,1967,0
saint_helena,1968,0.001
saint_helena,1969,0
saint_helena,1970,0
saint_helena,1971,0
saint_helena,1972,0
saint_helena,1973,0
saint_helena,1974,0
saint_helena,1975,0
saint_helena,1976,0
saint_helena,1977,0
saint_helena,1978,0
saint_helena,1979,0
saint_helena,1980,0
saint_helena,1981,0.002
saint_helena,1982,0.001
saint_helena,1983,0.001
saint_helena,1984,0.001
saint_helena,1985,0.001
saint_helena,1986,0.001
saint_helena,1987,0.001
saint_helena,1988,0.002
saint_helena,1989,0.002
saint_helena,1990,0.002
saint_helena,1991,0.002
saint_helena,1992,0.002
saint_helena,1993,0.003
saint_helena,1994,0.003
saint_helena,1995,0.003
saint_helena,1996,0.003
saint_helena,1997,0.003
saint_helena,1998,0.003
saint_helena,1999,0.003
saint_helena,2000,0.003
saint_helena,2001,0.003
saint_helena,2002,0.003
saint_helena,2003,0.003
saint_helena,2004,0.003
saint_helena,2005,0.003
saint_helena,2006,0.003
saint_helena,2007,0.003
saint_helena,2008,0.003
saint_helena,2009,0.003
saint_helena,2010,0.003
saint_helena,2011,0.003
saint_helena,2012,0.003
saint_helena,2013,0.003
saint_helena,2014,0.003
saint_helena,2015,0.003
saint_helena,2016,0.004
saint_helena,2017,0.003
saint_helena,2018,0.003
saint_helena,2019,0.004
saint_helena,2020,0.005
saint_helena,2021,0.00481813103227778
saint_helena,2022,0.00486253599230677
saint_lucia,1950,0.001
saint_lucia,1951,0.003
saint_lucia,1952,0.002
saint_lucia,1953,0.003
saint_lucia,1954,0.002
saint_lucia,1955,0.003
saint_lucia,1956,0.003
saint_lucia,1957,0.003
saint_lucia,1958,0.003
saint_lucia,1959,0.003
saint_lucia,1960,0.004
saint_lucia,1961,0.005
saint_lucia,1962,0.005
saint_lucia,1963,0.006
saint_lucia,1964,0.006
saint_lucia,1965,0.007
saint_lucia,1966,0.008
saint_lucia,1967,0.009
saint_lucia,1968,0.01
saint_lucia,1969,0.017
saint_lucia,1970,0.018
saint_lucia,1971,0.019
saint_lucia,1972,0.021
saint_lucia,1973,0.022
saint_lucia,1974,0.02
saint_lucia,1975,0.021
saint_lucia,1976,0.023
saint_lucia,1977,0.019
saint_lucia,1978,0.027
saint_lucia,1979,0.041
saint_lucia,1980,0.031
saint_lucia,1981,0.026
saint_lucia,1982,0.031
saint_lucia,1983,0.028
saint_lucia,1984,0.031
saint_lucia,1985,0.035
saint_lucia,1986,0.036
saint_lucia,1987,0.04
saint_lucia,1988,0.045
saint_lucia,1989,0.045
saint_lucia,1990,0.049
saint_lucia,1991,0.052
saint_lucia,1992,0.058
saint_lucia,1993,0.064
saint_lucia,1994,0.071
saint_lucia,1995,0.075
saint_lucia,1996,0.08
saint_lucia,1997,0.081
saint_lucia,1998,0.089
saint_lucia,1999,0.092
saint_lucia,2000,0.095
saint_lucia,2001,0.098
saint_lucia,2002,0.098
saint_lucia,2003,0.103
saint_lucia,2004,0.11
saint_lucia,2005,0.106
saint_lucia,2006,0.112
saint_lucia,2007,0.116
saint_lucia,2008,0.116
saint_lucia,2009,0.116
saint_lucia,2010,0.133
saint_lucia,2011,0.133
saint_lucia,2012,0.134
saint_lucia,2013,0.133
saint_lucia,2014,0.132
saint_lucia,2015,0.131
saint_lucia,2016,0.13
saint_lucia,2017,0.134
saint_lucia,2018,0.139
saint_lucia,2019,0.137
saint_lucia,2020,0.132
saint_lucia,2021,0.127198659252133
saint_lucia,2022,0.128370950196899
saint_martin_dutch_portion,1850,0
saint_martin_dutch_portion,1851,0
saint_martin_dutch_portion,1852,0
saint_martin_dutch_portion,1853,0
saint_martin_dutch_portion,1854,0
saint_martin_dutch_portion,1855,0
saint_martin_dutch_portion,1856,0
saint_martin_dutch_portion,1857,0
saint_martin_dutch_portion,1858,0
saint_martin_dutch_portion,1859,0
saint_martin_dutch_portion,1860,0
saint_martin_dutch_portion,1861,0
saint_martin_dutch_portion,1862,0
saint_martin_dutch_portion,1863,0
saint_martin_dutch_portion,1864,0
saint_martin_dutch_portion,1865,0
saint_martin_dutch_portion,1866,0
saint_martin_dutch_portion,1867,0
saint_martin_dutch_portion,1868,0
saint_martin_dutch_portion,1869,0
saint_martin_dutch_portion,1870,0
saint_martin_dutch_portion,1871,0
saint_martin_dutch_portion,1872,0
saint_martin_dutch_portion,1873,0
saint_martin_dutch_portion,1874,0
saint_martin_dutch_portion,1875,0
saint_martin_dutch_portion,1876,0
saint_martin_dutch_portion,1877,0
saint_martin_dutch_portion,1878,0
saint_martin_dutch_portion,1879,0
saint_martin_dutch_portion,1880,0
saint_martin_dutch_portion,1881,0
saint_martin_dutch_portion,1882,0
saint_martin_dutch_portion,1883,0
saint_martin_dutch_portion,1884,0
saint_martin_dutch_portion,1885,0
saint_martin_dutch_portion,1886,0
saint_martin_dutch_portion,1887,0
saint_martin_dutch_portion,1888,0
saint_martin_dutch_portion,1889,0
saint_martin_dutch_portion,1890,0
saint_martin_dutch_portion,1891,0
saint_martin_dutch_portion,1892,0
saint_martin_dutch_portion,1893,0
saint_martin_dutch_portion,1894,0
saint_martin_dutch_portion,1895,0
saint_martin_dutch_portion,1896,0
saint_martin_dutch_portion,1897,0
saint_martin_dutch_portion,1898,0
saint_martin_dutch_portion,1899,0
saint_martin_dutch_portion,1900,0
saint_martin_dutch_portion,1901,0
saint_martin_dutch_portion,1902,0
saint_martin_dutch_portion,1903,0
saint_martin_dutch_portion,1904,0
saint_martin_dutch_portion,1905,0
saint_martin_dutch_portion,1906,0
saint_martin_dutch_portion,1907,0
saint_martin_dutch_portion,1908,0
saint_martin_dutch_portion,1909,0
saint_martin_dutch_portion,1910,0
saint_martin_dutch_portion,1911,0
saint_martin_dutch_portion,1912,0
saint_martin_dutch_portion,1913,0
saint_martin_dutch_portion,1914,0
saint_martin_dutch_portion,1915,0
saint_martin_dutch_portion,1916,0
saint_martin_dutch_portion,1917,0
saint_martin_dutch_portion,1918,0
saint_martin_dutch_portion,1919,0
saint_martin_dutch_portion,1920,0
saint_martin_dutch_portion,1921,0
saint_martin_dutch_portion,1922,0
saint_martin_dutch_portion,1923,0
saint_martin_dutch_portion,1924,0
saint_martin_dutch_portion,1925,0
saint_martin_dutch_portion,1926,0.0151876711712786
saint_martin_dutch_portion,1927,0.0162632420578432
saint_martin_dutch_portion,1928,0.0376335387862897
saint_martin_dutch_portion,1929,0.0470314347596776
saint_martin_dutch_portion,1930,0.0612045603429199
saint_martin_dutch_portion,1931,0.0508378877553923
saint_martin_dutch_portion,1932,0.0497356183007214
saint_martin_dutch_portion,1933,0.0532216884791615
saint_martin_dutch_portion,1934,0.058855086349573
saint_martin_dutch_portion,1935,0.0659416491411941
saint_martin_dutch_portion,1936,0.0716665849593984
saint_martin_dutch_portion,1937,0.0836847546883533
saint_martin_dutch_portion,1938,0.0907331766683942
saint_martin_dutch_portion,1939,0.0846726017082833
saint_martin_dutch_portion,1940,0.0684246159750722
saint_martin_dutch_portion,1941,0.0833872563580269
saint_martin_dutch_portion,1942,0.0485875798721541
saint_martin_dutch_portion,1943,0.0784747198264833
saint_martin_dutch_portion,1944,0.098388037552562
saint_martin_dutch_portion,1945,0.114319454549657
saint_martin_dutch_portion,1946,0.128153126909834
saint_martin_dutch_portion,1947,0.145236396416654
saint_martin_dutch_portion,1948,0.148741537000884
saint_martin_dutch_portion,1949,0
saint_martin_dutch_portion,1950,0.186278330623229
saint_martin_dutch_portion,1951,0.293785944302937
saint_martin_dutch_portion,1952,0.169631390442721
saint_martin_dutch_portion,1953,0.196322294531022
saint_martin_dutch_portion,1954,0.397108573021063
saint_martin_dutch_portion,1955,0.328474819651146
saint_martin_dutch_portion,1956,0.424822473433306
saint_martin_dutch_portion,1957,0.290158957336234
saint_martin_dutch_portion,1958,0.254168086666643
saint_martin_dutch_portion,1959,0.327172824329766
saint_martin_dutch_portion,1960,0.281323989084008
saint_martin_dutch_portion,1961,0.293599944971311
saint_martin_dutch_portion,1962,0.322429841373308
saint_martin_dutch_portion,1963,0.308851890164625
saint_martin_dutch_portion,1964,0.300295920909839
saint_martin_dutch_portion,1965,0.269420031859958
saint_martin_dutch_portion,1966,0.251936094687134
saint_martin_dutch_portion,1967,0.310339884817632
saint_martin_dutch_portion,1968,0.288577963017414
saint_martin_dutch_portion,1969,0.377671642866168
saint_martin_dutch_portion,1970,0.422404482122171
saint_martin_dutch_portion,1971,0.367627678958375
saint_martin_dutch_portion,1972,0.356467719060828
saint_martin_dutch_portion,1973,0.395434579036431
saint_martin_dutch_portion,1974,0.358420712042899
saint_martin_dutch_portion,1975,0.259562067283791
saint_martin_dutch_portion,1976,0.554464007576482
saint_martin_dutch_portion,1977,0.289600959341356
saint_martin_dutch_portion,1978,0.246635113735799
saint_martin_dutch_portion,1979,0.258725070291475
saint_martin_dutch_portion,1980,0.266258043222319
saint_martin_dutch_portion,1981,0.253610088671766
saint_martin_dutch_portion,1982,0.283555981063518
saint_martin_dutch_portion,1983,0.145730476328807
saint_martin_dutch_portion,1984,0.36390769232586
saint_martin_dutch_portion,1985,0.425938469423061
saint_martin_dutch_portion,1986,0.0816537065837222
saint_martin_dutch_portion,1987,0.0725920165889062
saint_martin_dutch_portion,1988,0.0715085536547434
saint_martin_dutch_portion,1989,0.136122343182996
saint_martin_dutch_portion,1990,0.145775012960083
saint_martin_dutch_portion,1991,0.116324520476931
saint_martin_dutch_portion,1992,0.0958372213582167
saint_martin_dutch_portion,1993,0.147941938828409
saint_martin_dutch_portion,1994,0.141835147744946
saint_martin_dutch_portion,1995,0.140357698289269
saint_martin_dutch_portion,1996,0.131296008294453
saint_martin_dutch_portion,1997,0.137402799377916
saint_martin_dutch_portion,1998,0.00758424053913945
saint_martin_dutch_portion,1999,0.0568325557283567
saint_martin_dutch_portion,2000,0.150798341109383
saint_martin_dutch_portion,2001,0.153556246759979
saint_martin_dutch_portion,2002,0.148040435458787
saint_martin_dutch_portion,2003,0.148138932089165
saint_martin_dutch_portion,2004,0.15542768273717
saint_martin_dutch_portion,2005,0.154048729911871
saint_martin_dutch_portion,2006,0.160549507516848
saint_martin_dutch_portion,2007,0.180741316744427
saint_martin_dutch_portion,2008,0.173846552617937
saint_martin_dutch_portion,2009,0.177884914463453
saint_martin_dutch_portion,2010,0.122529808190772
saint_martin_dutch_portion,2011,0.156314152410575
saint_martin_dutch_portion,2012,0.19
saint_martin_dutch_portion,2013,0.195
saint_martin_dutch_portion,2014,0.198
saint_martin_dutch_portion,2015,0.203
saint_martin_dutch_portion,2016,0.203
saint_martin_dutch_portion,2017,0.193
saint_martin_dutch_portion,2018,0.188
saint_martin_dutch_portion,2019,0.188
saint_martin_dutch_portion,2020,0.178
saint_martin_dutch_portion,2021,0.171525464749089
saint_martin_dutch_portion,2022,0.173106281326121
samoa,1950,0.001
samoa,1951,0.001
samoa,1952,0.002
samoa,1953,0.002
samoa,1954,0.003
samoa,1955,0.003
samoa,1956,0.003
samoa,1957,0.004
samoa,1958,0.003
samoa,1959,0.004
samoa,1960,0.004
samoa,1961,0.005
samoa,1962,0.005
samoa,1963,0.006
samoa,1964,0.007
samoa,1965,0.008
samoa,1966,0.007
samoa,1967,0.007
samoa,1968,0.008
samoa,1969,0.008
samoa,1970,0.008
samoa,1971,0.01
samoa,1972,0.01
samoa,1973,0.01
samoa,1974,0.012
samoa,1975,0.016
samoa,1976,0.012
samoa,1977,0.02
samoa,1978,0.027
samoa,1979,0.023
samoa,1980,0.021
samoa,1981,0.021
samoa,1982,0.018
samoa,1983,0.018
samoa,1984,0.018
samoa,1985,0.021
samoa,1986,0.022
samoa,1987,0.022
samoa,1988,0.023
samoa,1989,0.023
samoa,1990,0.024
samoa,1991,0.026
samoa,1992,0.027
samoa,1993,0.028
samoa,1994,0.026
samoa,1995,0.031
samoa,1996,0.034
samoa,1997,0.034
samoa,1998,0.039
samoa,1999,0.037
samoa,2000,0.039
samoa,2001,0.042
samoa,2002,0.044
samoa,2003,0.043
samoa,2004,0.045
samoa,2005,0.046
samoa,2006,0.047
samoa,2007,0.049
samoa,2008,0.044
samoa,2009,0.046
samoa,2010,0.05
samoa,2011,0.052
samoa,2012,0.051
samoa,2013,0.053
samoa,2014,0.055
samoa,2015,0.062
samoa,2016,0.065
samoa,2017,0.067
samoa,2018,0.065
samoa,2019,0.074
samoa,2020,0.066
samoa,2021,0.0688688392997605
samoa,2022,0.0680924170609637
sao_tome_principe,1950,0
sao_tome_principe,1951,0.001
sao_tome_principe,1952,0.001
sao_tome_principe,1953,0.001
sao_tome_principe,1954,0.001
sao_tome_principe,1955,0.001
sao_tome_principe,1956,0.002
sao_tome_principe,1957,0.003
sao_tome_principe,1958,0.002
sao_tome_principe,1959,0.002
sao_tome_principe,1960,0.003
sao_tome_principe,1961,0.003
sao_tome_principe,1962,0.003
sao_tome_principe,1963,0.002
sao_tome_principe,1964,0.003
sao_tome_principe,1965,0.003
sao_tome_principe,1966,0.003
sao_tome_principe,1967,0.003
sao_tome_principe,1968,0.004
sao_tome_principe,1969,0.004
sao_tome_principe,1970,0.004
sao_tome_principe,1971,0.003
sao_tome_principe,1972,0.003
sao_tome_principe,1973,0.004
sao_tome_principe,1974,0.005
sao_tome_principe,1975,0.005
sao_tome_principe,1976,0.008
sao_tome_principe,1977,0.008
sao_tome_principe,1978,0.009
sao_tome_principe,1979,0.009
sao_tome_principe,1980,0.011
sao_tome_principe,1981,0.012
sao_tome_principe,1982,0.013
sao_tome_principe,1983,0.015
sao_tome_principe,1984,0.014
sao_tome_principe,1985,0.015
sao_tome_principe,1986,0.014
sao_tome_principe,1987,0.014
sao_tome_principe,1988,0.013
sao_tome_principe,1989,0.013
sao_tome_principe,1990,0.013
sao_tome_principe,1991,0.013
sao_tome_principe,1992,0.013
sao_tome_principe,1993,0.013
sao_tome_principe,1994,0.013
sao_tome_principe,1995,0.013
sao_tome_principe,1996,0.013
sao_tome_principe,1997,0.013
sao_tome_principe,1998,0.013
sao_tome_principe,1999,0.013
sao_tome_principe,2000,0.013
sao_tome_principe,2001,0.014
sao_tome_principe,2002,0.016
sao_tome_principe,2003,0.018
sao_tome_principe,2004,0.02
sao_tome_principe,2005,0.021
sao_tome_principe,2006,0.023
sao_tome_principe,2007,0.023
sao_tome_principe,2008,0.023
sao_tome_principe,2009,0.025
sao_tome_principe,2010,0.028
sao_tome_principe,2011,0.027
sao_tome_principe,2012,0.03
sao_tome_principe,2013,0.03
sao_tome_principe,2014,0.035
sao_tome_principe,2015,0.037
sao_tome_principe,2016,0.041
sao_tome_principe,2017,0.038
sao_tome_principe,2018,0.038
sao_tome_principe,2019,0.039
sao_tome_principe,2020,0.038
sao_tome_principe,2021,0.0397670226929114
sao_tome_principe,2022,0.0360958485754493
saudi_arabia,1935,0
saudi_arabia,1936,0.002
saudi_arabia,1937,0.007
saudi_arabia,1938,0.056
saudi_arabia,1939,0.451
saudi_arabia,1940,0.586
saudi_arabia,1941,0.494
saudi_arabia,1942,0.519
saudi_arabia,1943,0.544
saudi_arabia,1944,0.89
saudi_arabia,1945,2.405
saudi_arabia,1946,6.865
saudi_arabia,1947,10.298
saudi_arabia,1948,4.897
saudi_arabia,1949,5.018
saudi_arabia,1950,1.403
saudi_arabia,1951,0
saudi_arabia,1952,0
saudi_arabia,1953,0.13
saudi_arabia,1954,0.338
saudi_arabia,1955,0.577
saudi_arabia,1956,0.445
saudi_arabia,1957,0.573
saudi_arabia,1958,0.545
saudi_arabia,1959,0.505918897637795
saudi_arabia,1960,0.729902677165354
saudi_arabia,1961,0.973886339998867
saudi_arabia,1962,1.70579724409449
saudi_arabia,1963,1.89378113917686
saudi_arabia,1964,1.92171614173228
saudi_arabia,1965,1.1507242519685
saudi_arabia,1966,1.7487242519685
saudi_arabia,1967,6.9556431496063
saudi_arabia,1968,7.93644046419793
saudi_arabia,1969,9.62635118110236
saudi_arabia,1970,12.3502539186743
saudi_arabia,1971,16.3091312789894
saudi_arabia,1972,19.1816916247251
saudi_arabia,1973,25.9425685552528
saudi_arabia,1974,26.9382912959838
saudi_arabia,1975,22.724040844014
saudi_arabia,1976,27.6909383432444
saudi_arabia,1977,32.2244745544387
saudi_arabia,1978,31.393172667819
saudi_arabia,1979,37.6650483492119
saudi_arabia,1980,46.1900701402039
saudi_arabia,1981,47.8451255500217
saudi_arabia,1982,43.0931452280135
saudi_arabia,1983,43.8965508130499
saudi_arabia,1984,42.4433397416339
saudi_arabia,1985,47.0581861887666
saudi_arabia,1986,55.8416438527217
saudi_arabia,1987,51.9778595599031
saudi_arabia,1988,55.199758362311
saudi_arabia,1989,55.5196208947512
saudi_arabia,1990,56.9042001288797
saudi_arabia,1991,78.7514998652733
saudi_arabia,1992,86.2922177337143
saudi_arabia,1993,92.9700936126149
saudi_arabia,1994,91.0597688185998
saudi_arabia,1995,73.1800958286072
saudi_arabia,1996,71.8684078137966
saudi_arabia,1997,60.4994613883346
saudi_arabia,1998,58.1760080389586
saudi_arabia,1999,63.1775307378672
saudi_arabia,2000,82.5131467752049
saudi_arabia,2001,82.6153877545737
saudi_arabia,2002,90.6058436743127
saudi_arabia,2003,91.1546642236305
saudi_arabia,2004,109.446828408541
saudi_arabia,2005,109.947521784611
saudi_arabia,2006,119.846325234316
saudi_arabia,2007,107.560808967726
saudi_arabia,2008,120.181124657763
saudi_arabia,2009,129.152534881803
saudi_arabia,2010,143.177981530725
saudi_arabia,2011,137.261492359589
saudi_arabia,2012,154.701286174243
saudi_arabia,2013,148.625426806701
saudi_arabia,2014,167.260347552139
saudi_arabia,2015,185.275470447767
saudi_arabia,2016,190.343971536027
saudi_arabia,2017,185.822575640658
saudi_arabia,2018,187.471696270119
saudi_arabia,2019,192.992696674091
saudi_arabia,2020,166.695680349213
saudi_arabia,2021,172.335519717787
saudi_arabia,2022,180.826788036723
senegal,1850,0
senegal,1851,0
senegal,1852,0
senegal,1853,0
senegal,1854,0
senegal,1855,0
senegal,1856,0
senegal,1857,0
senegal,1858,0
senegal,1859,0
senegal,1860,0
senegal,1861,0
senegal,1862,0
senegal,1863,0
senegal,1864,0
senegal,1865,0
senegal,1866,0
senegal,1867,0
senegal,1868,0
senegal,1869,0
senegal,1870,0
senegal,1871,0
senegal,1872,0
senegal,1873,0
senegal,1874,0
senegal,1875,0
senegal,1876,0
senegal,1877,0
senegal,1878,0
senegal,1879,0
senegal,1880,0
senegal,1881,0
senegal,1882,0
senegal,1883,0
senegal,1884,0
senegal,1885,0
senegal,1886,0
senegal,1887,0
senegal,1888,0
senegal,1889,0
senegal,1890,0
senegal,1891,0
senegal,1892,0
senegal,1893,0
senegal,1894,0
senegal,1895,0
senegal,1896,0
senegal,1897,0
senegal,1898,0
senegal,1899,0
senegal,1900,0
senegal,1901,0
senegal,1902,0
senegal,1903,0
senegal,1904,0
senegal,1905,0
senegal,1906,0
senegal,1907,0
senegal,1908,0
senegal,1909,0
senegal,1910,0
senegal,1911,0
senegal,1912,0
senegal,1913,0
senegal,1914,0
senegal,1915,0
senegal,1916,0
senegal,1917,0
senegal,1918,0
senegal,1919,0
senegal,1920,0
senegal,1921,0
senegal,1922,0
senegal,1923,0
senegal,1924,0
senegal,1925,0
senegal,1926,0
senegal,1927,0
senegal,1928,0
senegal,1929,0
senegal,1930,0
senegal,1931,0
senegal,1932,0
senegal,1933,0
senegal,1934,0
senegal,1935,0
senegal,1936,0
senegal,1937,0
senegal,1938,0
senegal,1939,0
senegal,1940,0
senegal,1941,0
senegal,1942,0
senegal,1943,0
senegal,1944,0
senegal,1945,0
senegal,1946,0
senegal,1947,0
senegal,1948,0
senegal,1949,0
senegal,1950,0.0987228050484419
senegal,1951,0.0824812021697082
senegal,1952,0.089121504970241
senegal,1953,0.0748419543336136
senegal,1954,0.0866375845414672
senegal,1955,0.0797716725705247
senegal,1956,0.0931744779634835
senegal,1957,0.094703062855
senegal,1958,0.0968377952755906
senegal,1959,0.105813464566929
senegal,1960,0.225813464566929
senegal,1961,0.221797244094488
senegal,1962,0.221797244094488
senegal,1963,0.234789133858268
senegal,1964,0.251772913385827
senegal,1965,0.461797244094488
senegal,1966,0.468789133858268
senegal,1967,0.190813464566929
senegal,1968,0.0267810236220472
senegal,1969,0.133772913385827
senegal,1970,0.356732362204724
senegal,1971,0.368732362204724
senegal,1972,0.396626929133858
senegal,1973,0.422675590551181
senegal,1974,0.504635039370079
senegal,1975,0.703602598425197
senegal,1976,0.482995580015303
senegal,1977,0.610626541425638
senegal,1978,0.714955385115943
senegal,1979,0.788247516911605
senegal,1980,0.910600691310571
senegal,1981,0.895157484941656
senegal,1982,0.828759100703604
senegal,1983,0.712721257110777
senegal,1984,0.896334078405441
senegal,1985,0.723390894014067
senegal,1986,0.719553937417185
senegal,1987,0.661728591930556
senegal,1988,0.739849545438982
senegal,1989,0.999420639899278
senegal,1990,0.856660483237803
senegal,1991,0.922272404489768
senegal,1992,0.934133835828484
senegal,1993,0.965804788604849
senegal,1994,1.04720257607038
senegal,1995,0.936168297634988
senegal,1996,1.00004005741278
senegal,1997,0.868550289995568
senegal,1998,0.909815792134751
senegal,1999,0.9835134573106
senegal,2000,1.0649705577706
senegal,2001,1.16214512054275
senegal,2002,1.21095106531098
senegal,2003,1.34484495123314
senegal,2004,1.42964613706201
senegal,2005,1.5117135925812
senegal,2006,1.20698407248212
senegal,2007,1.32711006082819
senegal,2008,1.2937485504346
senegal,2009,1.43495303988128
senegal,2010,1.8729232845
senegal,2011,2.13396203797615
senegal,2012,2.00931458585344
senegal,2013,2.14319567439618
senegal,2014,2.3811027204511
senegal,2015,2.68706778013509
senegal,2016,2.73354192847575
senegal,2017,2.9367170271509
senegal,2018,3.09235597531769
senegal,2019,3.46971093068454
senegal,2020,2.95331658431003
senegal,2021,3.14962592413011
senegal,2022,3.18461647822219
serbia,1850,0
serbia,1851,0
serbia,1852,0
serbia,1853,0
serbia,1854,0
serbia,1855,0
serbia,1856,0
serbia,1857,0
serbia,1858,0
serbia,1859,0
serbia,1860,0
serbia,1861,0
serbia,1862,0
serbia,1863,0
serbia,1864,0
serbia,1865,0
serbia,1866,0
serbia,1867,0
serbia,1868,0
serbia,1869,0
serbia,1870,0
serbia,1871,0
serbia,1872,0
serbia,1873,0
serbia,1874,0
serbia,1875,0
serbia,1876,0
serbia,1877,0
serbia,1878,0
serbia,1879,0
serbia,1880,0
serbia,1881,0
serbia,1882,0
serbia,1883,0
serbia,1884,0
serbia,1885,0.00357941150663962
serbia,1886,0
serbia,1887,0
serbia,1888,0
serbia,1889,0
serbia,1890,0.0107382345199189
serbia,1891,0.0125279402732387
serbia,1892,0.0138702195882285
serbia,1893,0.0246084541081474
serbia,1894,0.046979776024645
serbia,1895,0.046979776024645
serbia,1896,0.0523488932846045
serbia,1897,0.0407158058880257
serbia,1898,0.0617448484895335
serbia,1899,0.0720356565711224
serbia,1900,0.0975389635559297
serbia,1901,0.106487492322529
serbia,1902,0.0997760957475795
serbia,1903,0.108277198075849
serbia,1904,0.115436021089128
serbia,1905,0.125279402732387
serbia,1906,0.149887856840534
serbia,1907,0.152572415470514
serbia,1908,0.164205502867093
serbia,1909,0.168679767250392
serbia,1910,0.166890061497072
serbia,1911,0.180760281085301
serbia,1912,0.1852345454686
serbia,1913,0.508723860381156
serbia,1914,0
serbia,1915,0
serbia,1916,0
serbia,1917,0
serbia,1918,0
serbia,1919,0.364652547238912
serbia,1920,0.484115406273009
serbia,1921,0.515435256956106
serbia,1922,0.748991857764341
serbia,1923,0.817000676390494
serbia,1924,0.837582292553672
serbia,1925,0.919461330768053
serbia,1926,0.895300303098236
serbia,1927,1.01163117706402
serbia,1928,1.15140162412708
serbia,1929,1.2532414537622
serbia,1930,1.17941609143776
serbia,1931,1.09255750366433
serbia,1932,0.995718668375344
serbia,1933,0.921398005431233
serbia,1934,0.959042691964343
serbia,1935,1.00412163770288
serbia,1936,0.989839621590103
serbia,1937,1.10252306556072
serbia,1938,1.04459216682387
serbia,1939,1.09590394384405
serbia,1940,1.25816314458383
serbia,1941,0
serbia,1942,0
serbia,1943,0.0446893579335911
serbia,1944,0.0111856609582488
serbia,1945,0.636190790636672
serbia,1946,1.25811654856228
serbia,1947,1.7517178369522
serbia,1948,1.97397676174219
serbia,1949,2.25480503963383
serbia,1950,2.16612557795854
serbia,1951,2.05051333343481
serbia,1952,2.05943372481705
serbia,1953,2.0450664011775
serbia,1954,2.43913666390106
serbia,1955,2.79312639734363
serbia,1956,3.19265025741794
serbia,1957,3.46779088850343
serbia,1958,3.41764720509633
serbia,1959,3.91775522807251
serbia,1960,4.27940281987663
serbia,1961,4.48504166888776
serbia,1962,4.60283037061305
serbia,1963,5.12064642209046
serbia,1964,5.8009247426974
serbia,1965,5.96858782802977
serbia,1966,5.91497205924675
serbia,1967,5.97495923443282
serbia,1968,6.39132272469792
serbia,1969,6.62694115060605
serbia,1970,8.65759374019213
serbia,1971,9.32905146461441
serbia,1972,8.74402832849475
serbia,1973,10.4415504844917
serbia,1974,10.4843534206624
serbia,1975,10.936580708453
serbia,1976,11.2843490737472
serbia,1977,10.9696043193982
serbia,1978,12.2533723298466
serbia,1979,13.3231192061193
serbia,1980,13.0953097761001
serbia,1981,14.2515550634198
serbia,1982,13.0854426597339
serbia,1983,14.0895343763989
serbia,1984,14.8573852342436
serbia,1985,15.1532955980119
serbia,1986,15.8219165490262
serbia,1987,15.442676212096
serbia,1988,15.9320819251892
serbia,1989,15.8813250811511
serbia,1990,15.7826165156121
serbia,1991,11.1785354717287
serbia,1992,11.922559680466
serbia,1993,10.3973065679759
serbia,1994,10.1092011362466
serbia,1995,10.6825421607531
serbia,1996,12.5067307125635
serbia,1997,13.4455884879502
serbia,1998,14.1599513954108
serbia,1999,9.76821701862859
serbia,2000,12.2680656625708
serbia,2001,13.4574039205446
serbia,2002,14.2548757715866
serbia,2003,15.2356819882124
serbia,2004,16.4210533884254
serbia,2005,14.0922800727538
serbia,2006,16.6043442762159
serbia,2007,16.2539277729246
serbia,2008,14.1315983182033
serbia,2009,12.5259536744797
serbia,2010,12.4717320237588
serbia,2011,13.3616484716157
serbia,2012,11.9389080897898
serbia,2013,12.1640597293605
serbia,2014,10.1550183254046
serbia,2015,11.9469845807464
serbia,2016,12.292528923327
serbia,2017,12.4261874362323
serbia,2018,12.0961669472446
serbia,2019,12.0847391798963
serbia,2020,12.3279915374154
serbia,2021,11.9830261139773
serbia,2022,11.87408499041
seychelles,1950,0
seychelles,1951,0
seychelles,1952,0
seychelles,1953,0
seychelles,1954,0
seychelles,1955,0
seychelles,1956,0
seychelles,1957,0
seychelles,1958,0
seychelles,1959,0
seychelles,1960,0
seychelles,1961,0
seychelles,1962,0
seychelles,1963,0.002
seychelles,1964,0.002
seychelles,1965,0.002
seychelles,1966,0.002
seychelles,1967,0.002
seychelles,1968,0.002
seychelles,1969,0.002
seychelles,1970,0.008
seychelles,1971,0.009
seychelles,1972,0.012
seychelles,1973,0.013
seychelles,1974,0.015
seychelles,1975,0.016
seychelles,1976,0.022
seychelles,1977,0.023
seychelles,1978,0.021
seychelles,1979,0.033
seychelles,1980,0.026
seychelles,1981,0.027
seychelles,1982,0.023
seychelles,1983,0.027
seychelles,1984,0.027
seychelles,1985,0.041
seychelles,1986,0.045
seychelles,1987,0.055
seychelles,1988,0.054
seychelles,1989,0.064
seychelles,1990,0.041
seychelles,1991,0.047
seychelles,1992,0.047
seychelles,1993,0.05
seychelles,1994,0.055
seychelles,1995,0.054
seychelles,1996,0.064
seychelles,1997,0.075
seychelles,1998,0.079
seychelles,1999,0.083
seychelles,2000,0.086
seychelles,2001,0.094
seychelles,2002,0.095
seychelles,2003,0.093
seychelles,2004,0.101
seychelles,2005,0.104
seychelles,2006,0.105
seychelles,2007,0.11
seychelles,2008,0.113
seychelles,2009,0.12
seychelles,2010,0.121
seychelles,2011,0.111
seychelles,2012,0.116
seychelles,2013,0.113
seychelles,2014,0.125
seychelles,2015,0.136
seychelles,2016,0.151
seychelles,2017,0.157
seychelles,2018,0.164
seychelles,2019,0.162
seychelles,2020,0.166
seychelles,2021,0.1808436222583
seychelles,2022,0.179811046401692
sierra_leone,1950,0.043
sierra_leone,1951,0.026
sierra_leone,1952,0.049
sierra_leone,1953,0.046
sierra_leone,1954,0.034
sierra_leone,1955,0.05
sierra_leone,1956,0.049
sierra_leone,1957,0.106
sierra_leone,1958,0.057
sierra_leone,1959,0.064
sierra_leone,1960,0.195
sierra_leone,1961,0.079
sierra_leone,1962,0.089
sierra_leone,1963,0.101
sierra_leone,1964,0.083
sierra_leone,1965,0.077
sierra_leone,1966,0.082
sierra_leone,1967,0.069
sierra_leone,1968,0.099
sierra_leone,1969,0.296
sierra_leone,1970,0.234
sierra_leone,1971,0.219
sierra_leone,1972,0.185
sierra_leone,1973,0.147
sierra_leone,1974,0.142
sierra_leone,1975,0.143
sierra_leone,1976,0.123
sierra_leone,1977,0.14
sierra_leone,1978,0.194
sierra_leone,1979,0.185
sierra_leone,1980,0.166
sierra_leone,1981,0.189
sierra_leone,1982,0.151
sierra_leone,1983,0.188
sierra_leone,1984,0.168
sierra_leone,1985,0.181
sierra_leone,1986,0.184
sierra_leone,1987,0.136
sierra_leone,1988,0.125
sierra_leone,1989,0.102
sierra_leone,1990,0.136
sierra_leone,1991,0.152
sierra_leone,1992,0.077
sierra_leone,1993,0.072
sierra_leone,1994,0.075
sierra_leone,1995,0.061
sierra_leone,1996,0.063
sierra_leone,1997,0.056
sierra_leone,1998,0.06
sierra_leone,1999,0.048
sierra_leone,2000,0.074
sierra_leone,2001,0.101
sierra_leone,2002,0.137
sierra_leone,2003,0.146
sierra_leone,2004,0.142
sierra_leone,2005,0.116
sierra_leone,2006,0.158
sierra_leone,2007,0.133
sierra_leone,2008,0.138
sierra_leone,2009,0.137
sierra_leone,2010,0.148
sierra_leone,2011,0.194
sierra_leone,2012,0.227
sierra_leone,2013,0.286
sierra_leone,2014,0.308
sierra_leone,2015,0.296
sierra_leone,2016,0.311901449275362
sierra_leone,2017,0.297
sierra_leone,2018,0.280891719745223
sierra_leone,2019,0.274
sierra_leone,2020,0.28
sierra_leone,2021,0.302889889125368
sierra_leone,2022,0.308266432719825
singapore,1950,0.522361370716511
singapore,1951,0.771227414330218
singapore,1952,0.939221183800623
singapore,1953,0.950249221183801
singapore,1954,1.02928348909657
singapore,1955,1.10611214953271
singapore,1956,1.1178753894081
singapore,1957,0.472
singapore,1958,0.627
singapore,1959,0.491
singapore,1960,0.38
singapore,1961,0.571
singapore,1962,0.685975783475783
singapore,1963,0.901028017241379
singapore,1964,0.983
singapore,1965,0.662
singapore,1966,0.130710382513661
singapore,1967,0.77
singapore,1968,1.40105206220419
singapore,1969,1.88
singapore,1970,4.867
singapore,1971,4.44198165340407
singapore,1972,5.928
singapore,1973,5.647
singapore,1974,5.848
singapore,1975,6.513
singapore,1976,8.007
singapore,1977,7.536
singapore,1978,8.86
singapore,1979,9.66698131979696
singapore,1980,8.306
singapore,1981,7.016
singapore,1982,7.74604523046586
singapore,1983,9.115
singapore,1984,8.72504215148189
singapore,1985,8.842
singapore,1986,9.307
singapore,1987,8.682
singapore,1988,9.629
singapore,1989,11.191
singapore,1990,11.8819800379444
singapore,1991,12.073
singapore,1992,12.948
singapore,1993,13.554
singapore,1994,16.399
singapore,1995,11.066
singapore,1996,13.1039687268963
singapore,1997,15.485
singapore,1998,12.94
singapore,1999,13.428
singapore,2000,13.208
singapore,2001,13.42800555391
singapore,2002,12.853
singapore,2003,13.492
singapore,2004,12.789
singapore,2005,11.35
singapore,2006,11.547
singapore,2007,8.401
singapore,2008,12.747
singapore,2009,12.35
singapore,2010,11.749
singapore,2011,9.284
singapore,2012,13.839
singapore,2013,14.986
singapore,2014,14.222
singapore,2015,16.901
singapore,2016,10.996
singapore,2017,10.921
singapore,2018,13.656
singapore,2019,9.219
singapore,2020,14.96
singapore,2021,15.2376349825467
singapore,2022,14.5339614157322
slovakia,1850,0
slovakia,1851,0
slovakia,1852,0
slovakia,1853,0
slovakia,1854,0
slovakia,1855,0
slovakia,1856,0
slovakia,1857,0
slovakia,1858,0
slovakia,1859,0
slovakia,1860,0.0177635197806186
slovakia,1861,0.0584006129773763
slovakia,1862,0.0992810420615397
slovakia,1863,0.140161471145703
slovakia,1864,0.181041900229867
slovakia,1865,0.22192232931403
slovakia,1866,0.262802758398193
slovakia,1867,0.303439851594951
slovakia,1868,0.344320280679114
slovakia,1869,0.385200709763278
slovakia,1870,0.426081138847441
slovakia,1871,0.466961567931605
slovakia,1872,0.507598661128362
slovakia,1873,0.548479090212526
slovakia,1874,0.589359519296689
slovakia,1875,0.630239948380853
slovakia,1876,1.08941476791547
slovakia,1877,1.14465201435658
slovakia,1878,1.19988926079768
slovakia,1879,1.28943686736299
slovakia,1880,1.36608767189579
slovakia,1881,1.4427384764286
slovakia,1882,1.47534548534097
slovakia,1883,1.57584320683954
slovakia,1884,1.62767375085696
slovakia,1885,1.70894793725047
slovakia,1886,1.79654885671654
slovakia,1887,1.88706980683147
slovakia,1888,2.02260789611647
slovakia,1889,2.14135580917046
slovakia,1890,2.29003403637537
slovakia,1891,2.37422825341775
slovakia,1892,2.4102419647538
slovakia,1893,2.46377585998306
slovakia,1894,2.52558317538412
slovakia,1895,2.62121417913457
slovakia,1896,2.68569818929709
slovakia,1897,2.84240650078639
slovakia,1898,2.90591716739928
slovakia,1899,2.98135129249506
slovakia,1900,2.95969439851595
slovakia,1901,3.09255579303948
slovakia,1902,3.13392289389846
slovakia,1903,3.19281017865064
slovakia,1904,3.22395717223858
slovakia,1905,3.31885816832681
slovakia,1906,3.46583304431988
slovakia,1907,3.64249489857644
slovakia,1908,3.70965560350042
slovakia,1909,3.68702536597169
slovakia,1910,3.64857829576158
slovakia,1911,3.69481211436867
slovakia,1912,3.93133459692705
slovakia,1913,4.11213316126951
slovakia,1914,3.74883268137275
slovakia,1915,3.74055926120095
slovakia,1916,3.98121845384522
slovakia,1917,3.74372262773723
slovakia,1918,3.19183683510102
slovakia,1919,3.01541831673186
slovakia,1920,2.99059805621648
slovakia,1921,2.87209347904989
slovakia,1922,2.56330023793201
slovakia,1923,2.70930177037545
slovakia,1924,3.32542823728677
slovakia,1925,3.12954284792515
slovakia,1926,3.17309997177078
slovakia,1927,3.40524240835585
slovakia,1928,3.58531096503609
slovakia,1929,4.01066209622132
slovakia,1930,3.52314510282591
slovakia,1931,3.29562992593404
slovakia,1932,2.87200668999251
slovakia,1933,2.62809405685098
slovakia,1934,2.62472679351122
slovakia,1935,2.70174235248469
slovakia,1936,2.93532372479388
slovakia,1937,3.55457390420429
slovakia,1938,4.08925958785337
slovakia,1939,4.48972395436475
slovakia,1940,5.06129407505749
slovakia,1941,5.09344777054236
slovakia,1942,5.49349911454189
slovakia,1943,6.06526694515149
slovakia,1944,5.78652740250837
slovakia,1945,3.07089889906037
slovakia,1946,3.81238727114314
slovakia,1947,4.32275191053025
slovakia,1948,4.67065232075878
slovakia,1949,4.90990660947541
slovakia,1950,5.05446005964902
slovakia,1951,5.38525030221092
slovakia,1952,5.75818682699157
slovakia,1953,5.96781231619947
slovakia,1954,6.37256044256001
slovakia,1955,6.61257818658747
slovakia,1956,7.09524827055337
slovakia,1957,7.40738854449388
slovakia,1958,8.09292572246121
slovakia,1959,8.09523672147179
slovakia,1960,8.6335192521242
slovakia,1961,9.37187515300304
slovakia,1962,9.98707581982998
slovakia,1963,10.5134565419494
slovakia,1964,10.9408560198017
slovakia,1965,10.657404700907
slovakia,1966,10.5933893576544
slovakia,1967,10.5690086846336
slovakia,1968,11.060311331184
slovakia,1969,11.7437998307872
slovakia,1970,13.4675696880235
slovakia,1971,14.1277356805393
slovakia,1972,14.2592747933624
slovakia,1973,14.3169830943353
slovakia,1974,14.4808295169107
slovakia,1975,15.1541695404468
slovakia,1976,15.7472038321364
slovakia,1977,16.2220148166358
slovakia,1978,16.368262891855
slovakia,1979,15.9415912094114
slovakia,1980,16.1300745904331
slovakia,1981,15.9537647923507
slovakia,1982,15.8013862408993
slovakia,1983,15.8235912762727
slovakia,1984,16.3623915562775
slovakia,1985,16.1422634941434
slovakia,1986,16.2560504514104
slovakia,1987,16.0653325609285
slovakia,1988,15.8006212274619
slovakia,1989,15.0790799454332
slovakia,1990,16.777520362913
slovakia,1991,14.5432425744386
slovakia,1992,13.3424780301194
slovakia,1993,12.6504282068977
slovakia,1994,11.9424070210992
slovakia,1995,12.0482939206949
slovakia,1996,12.0158651366205
slovakia,1997,12.0355384878862
slovakia,1998,11.9615862707321
slovakia,1999,11.7462040830242
slovakia,2000,11.2278335251706
slovakia,2001,11.7969967755603
slovakia,2002,11.4569120065532
slovakia,2003,11.545504185405
slovakia,2004,11.6791371297554
slovakia,2005,11.6808158726584
slovakia,2006,11.6167705026455
slovakia,2007,11.1821791551624
slovakia,2008,11.2893837134085
slovakia,2009,10.2690158361898
slovakia,2010,10.4827009446627
slovakia,2011,10.3680719514351
slovakia,2012,9.80165304881827
slovakia,2013,9.70783498597068
slovakia,2014,9.18630969105723
slovakia,2015,9.40827957753154
slovakia,2016,9.52904286028024
slovakia,2017,9.85646621845726
slovakia,2018,9.85412896180157
slovakia,2019,9.21903594353995
slovakia,2020,8.48707035652119
slovakia,2021,9.59792717037199
slovakia,2022,9.32087321239301
slovenia,1850,0
slovenia,1851,0
slovenia,1852,0
slovenia,1853,0
slovenia,1854,0
slovenia,1855,0
slovenia,1856,0
slovenia,1857,0
slovenia,1858,0
slovenia,1859,0
slovenia,1860,0
slovenia,1861,0
slovenia,1862,0
slovenia,1863,0
slovenia,1864,0
slovenia,1865,0
slovenia,1866,0
slovenia,1867,0
slovenia,1868,0
slovenia,1869,0
slovenia,1870,0
slovenia,1871,0
slovenia,1872,0
slovenia,1873,0
slovenia,1874,0
slovenia,1875,0
slovenia,1876,0
slovenia,1877,0
slovenia,1878,0
slovenia,1879,0
slovenia,1880,0
slovenia,1881,0
slovenia,1882,0
slovenia,1883,0
slovenia,1884,0
slovenia,1885,0.00102095695936303
slovenia,1886,0
slovenia,1887,0
slovenia,1888,0
slovenia,1889,0
slovenia,1890,0.00306287087808909
slovenia,1891,0.0035733493577706
slovenia,1892,0.00395620821753174
slovenia,1893,0.00701907909562082
slovenia,1894,0.0134000600916398
slovenia,1895,0.0134000600916398
slovenia,1896,0.0149314955306843
slovenia,1897,0.0116133854127545
slovenia,1898,0.0176115075490122
slovenia,1899,0.0205467588071809
slovenia,1900,0.0278210771426425
slovenia,1901,0.0303734695410501
slovenia,1902,0.0284591752422444
slovenia,1903,0.0308839480207316
slovenia,1904,0.0329258619394577
slovenia,1905,0.035733493577706
slovenia,1906,0.0427525726733268
slovenia,1907,0.0435182903928491
slovenia,1908,0.0468364005107789
slovenia,1909,0.0481125967099827
slovenia,1910,0.0476021182303012
slovenia,1911,0.0515583264478329
slovenia,1912,0.0528345226470367
slovenia,1913,0.14510350784947
slovenia,1914,0
slovenia,1915,0
slovenia,1916,0
slovenia,1917,0
slovenia,1918,0
slovenia,1919,0.104009990235109
slovenia,1920,0.13808442875385
slovenia,1921,0.147017802148276
slovenia,1922,0.213635243746714
slovenia,1923,0.233033425974611
slovenia,1924,0.238903928490949
slovenia,1925,0.262258318936378
slovenia,1926,0.255366859460677
slovenia,1927,0.288547960639976
slovenia,1928,0.326103623459466
slovenia,1929,0.35746255539698
slovenia,1930,0.336405318110118
slovenia,1931,0.309111816521391
slovenia,1932,0.28211015395613
slovenia,1933,0.260959267888004
slovenia,1934,0.27163482312911
slovenia,1935,0.284172088606661
slovenia,1936,0.280493663388718
slovenia,1937,0.312689413199897
slovenia,1938,0.295921193344911
slovenia,1939,0.310690097074085
slovenia,1940,0.358866371216105
slovenia,1941,0
slovenia,1942,0
slovenia,1943,0.012698642556049
slovenia,1944,0.00319049049800946
slovenia,1945,0.18106958207945
slovenia,1946,0.357150092150693
slovenia,1947,0.496131237861295
slovenia,1948,0.559624512681363
slovenia,1949,0.639440902934632
slovenia,1950,0.614308888017259
slovenia,1951,0.581503222156737
slovenia,1952,0.583626808913305
slovenia,1953,0.579620767036345
slovenia,1954,0.691688486058906
slovenia,1955,0.792144024047405
slovenia,1956,0.906119107100242
slovenia,1957,0.983367195583812
slovenia,1958,0.969107055718625
slovenia,1959,1.11102441370151
slovenia,1960,1.21365968084946
slovenia,1961,1.27246547543145
slovenia,1962,1.30556072162358
slovenia,1963,1.4523001741596
slovenia,1964,1.64575853054647
slovenia,1965,1.69338575564063
slovenia,1966,1.67773434951221
slovenia,1967,1.69466450522173
slovenia,1968,1.81215503011186
slovenia,1969,1.87881426248532
slovenia,1970,2.45670400675326
slovenia,1971,2.64593216177921
slovenia,1972,2.47596845302676
slovenia,1973,2.95804829247558
slovenia,1974,2.96859397137682
slovenia,1975,3.09524139532847
slovenia,1976,3.19198939492651
slovenia,1977,3.10033671811141
slovenia,1978,3.46403616521661
slovenia,1979,3.76731829683627
slovenia,1980,3.70058958471896
slovenia,1981,4.02339699321779
slovenia,1982,3.69111179347961
slovenia,1983,3.97573197533629
slovenia,1984,4.19353626585931
slovenia,1985,4.27779224437474
slovenia,1986,4.46750713029571
slovenia,1987,4.35477818716341
slovenia,1988,4.51316276453887
slovenia,1989,4.49116153252226
slovenia,1990,4.11969044616824
slovenia,1991,3.81369367151526
slovenia,1992,3.78891440988288
slovenia,1993,3.88816162342819
slovenia,1994,3.99457005627804
slovenia,1995,4.19056911692265
slovenia,1996,4.36665183557409
slovenia,1997,4.50519167200623
slovenia,1998,4.37746788927457
slovenia,1999,4.20646388184489
slovenia,2000,4.1085830127829
slovenia,2001,4.44944289306738
slovenia,2002,4.52093158517879
slovenia,2003,4.44092489269733
slovenia,2004,4.55911112484973
slovenia,2005,4.62128475328259
slovenia,2006,4.68841629828171
slovenia,2007,4.73331359782924
slovenia,2008,4.98866247500305
slovenia,2009,4.42251842533585
slovenia,2010,4.49228477392194
slovenia,2011,4.46473420568891
slovenia,2012,4.30119185447736
slovenia,2013,4.12889238542194
slovenia,2014,3.70122987802138
slovenia,2015,3.72420443033282
slovenia,2016,3.9460599099529
slovenia,2017,3.98926789814345
slovenia,2018,3.96284233493578
slovenia,2019,3.83172539264272
slovenia,2020,3.50843540834609
slovenia,2021,3.56440129489599
slovenia,2022,3.47019658561198
solomon_islands,1950,0
solomon_islands,1951,0
solomon_islands,1952,0.001
solomon_islands,1953,0.001
solomon_islands,1954,0.001
solomon_islands,1955,0.003
solomon_islands,1956,0.003
solomon_islands,1957,0.003
solomon_islands,1958,0.003
solomon_islands,1959,0.003
solomon_islands,1960,0.003
solomon_islands,1961,0.004
solomon_islands,1962,0.004
solomon_islands,1963,0.004
solomon_islands,1964,0.005
solomon_islands,1965,0.007
solomon_islands,1966,0.007
solomon_islands,1967,0.009
solomon_islands,1968,0.01
solomon_islands,1969,0.01
solomon_islands,1970,0.011
solomon_islands,1971,0.013
solomon_islands,1972,0.015
solomon_islands,1973,0.018
solomon_islands,1974,0.018
solomon_islands,1975,0.016
solomon_islands,1976,0.017
solomon_islands,1977,0.022
solomon_islands,1978,0.017
solomon_islands,1979,0.03
solomon_islands,1980,0.028
solomon_islands,1981,0.037
solomon_islands,1982,0.033
solomon_islands,1983,0.039
solomon_islands,1984,0.039
solomon_islands,1985,0.041
solomon_islands,1986,0.042
solomon_islands,1987,0.044
solomon_islands,1988,0.043
solomon_islands,1989,0.044
solomon_islands,1990,0.04
solomon_islands,1991,0.043
solomon_islands,1992,0.044
solomon_islands,1993,0.047
solomon_islands,1994,0.05
solomon_islands,1995,0.052
solomon_islands,1996,0.054
solomon_islands,1997,0.056
solomon_islands,1998,0.059
solomon_islands,1999,0.059
solomon_islands,2000,0.061
solomon_islands,2001,0.064
solomon_islands,2002,0.067
solomon_islands,2003,0.07
solomon_islands,2004,0.075
solomon_islands,2005,0.077
solomon_islands,2006,0.079
solomon_islands,2007,0.082
solomon_islands,2008,0.084
solomon_islands,2009,0.087
solomon_islands,2010,0.09
solomon_islands,2011,0.094
solomon_islands,2012,0.095
solomon_islands,2013,0.102
solomon_islands,2014,0.09
solomon_islands,2015,0.08
solomon_islands,2016,0.079
solomon_islands,2017,0.078
solomon_islands,2018,0.079
solomon_islands,2019,0.08
solomon_islands,2020,0.079
solomon_islands,2021,0.0824339137072891
solomon_islands,2022,0.081504559815396
somalia,1950,0.013
somalia,1951,0.013
somalia,1952,0.013
somalia,1953,0.013
somalia,1954,0.013
somalia,1955,0.018
somalia,1956,0.019
somalia,1957,0.02
somalia,1958,0.023
somalia,1959,0.024
somalia,1960,0.023
somalia,1961,0.024
somalia,1962,0.029
somalia,1963,0.028
somalia,1964,0.037
somalia,1965,0.036
somalia,1966,0.038
somalia,1967,0.062
somalia,1968,0.042
somalia,1969,0.044
somalia,1970,0.059
somalia,1971,0.051
somalia,1972,0.064
somalia,1973,0.072
somalia,1974,0.09
somalia,1975,0.137
somalia,1976,0.131
somalia,1977,0.218
somalia,1978,0.152
somalia,1979,0.133
somalia,1980,0.222
somalia,1981,0.075
somalia,1982,0.196
somalia,1983,0.255
somalia,1984,0.195
somalia,1985,0.234
somalia,1986,0.252
somalia,1987,0.271
somalia,1988,0.273923524869299
somalia,1989,0.259845086140287
somalia,1990,0.213481743254281
somalia,1991,0.192118735675741
somalia,1992,0.181792588844779
somalia,1993,0.170788338500205
somalia,1994,0.168784088155632
somalia,1995,0.159779837811059
somalia,1996,0.157
somalia,1997,0.146
somalia,1998,0.138
somalia,1999,0.133
somalia,2000,0.13
somalia,2001,0.136
somalia,2002,0.152
somalia,2003,0.153
somalia,2004,0.153
somalia,2005,0.154
somalia,2006,0.154
somalia,2007,0.166
somalia,2008,0.164
somalia,2009,0.163
somalia,2010,0.167
somalia,2011,0.167
somalia,2012,0.166
somalia,2013,0.172
somalia,2014,0.172
somalia,2015,0.172
somalia,2016,0.174
somalia,2017,0.174
somalia,2018,0.174
somalia,2019,0.174
somalia,2020,0.163
somalia,2021,0.177575364024716
somalia,2022,0.176561449177565
south_africa,1884,0.006
south_africa,1885,0.01
south_africa,1886,0.013
south_africa,1887,0.013
south_africa,1888,0.022
south_africa,1889,0.036
south_africa,1890,0.081
south_africa,1891,0.081
south_africa,1892,0.131
south_africa,1893,0.491
south_africa,1894,0.664
south_africa,1895,0.911
south_africa,1896,1.162
south_africa,1897,1.304
south_africa,1898,1.651
south_africa,1899,1.506
south_africa,1900,0.636
south_africa,1901,1.067
south_africa,1902,1.59
south_africa,1903,2.124
south_africa,1904,2.393
south_africa,1905,2.737
south_africa,1906,3.129
south_africa,1907,3.453
south_africa,1908,3.55
south_africa,1909,4.087
south_africa,1910,4.634
south_africa,1911,4.46
south_africa,1912,4.735
south_africa,1913,5.181
south_africa,1914,5.022
south_africa,1915,5.052
south_africa,1916,5.953
south_africa,1917,6.37
south_africa,1918,6.065
south_africa,1919,6.315
south_africa,1920,7.005
south_africa,1921,6.936
south_africa,1922,5.946
south_africa,1923,7.217
south_africa,1924,7.581
south_africa,1925,7.902
south_africa,1926,8.305
south_africa,1927,8.068
south_africa,1928,8.085
south_africa,1929,8.3976025984252
south_africa,1930,7.839
south_africa,1931,6.978
south_africa,1932,6.4016837007874
south_africa,1933,6.91365937007874
south_africa,1934,7.87952143533144
south_africa,1935,8.77641606299213
south_africa,1936,9.62116464566929
south_africa,1937,10.0480754330709
south_africa,1938,10.5620348818898
south_africa,1939,10.9599537795276
south_africa,1940,11.3310835433071
south_africa,1941,12.0980348818898
south_africa,1942,13.2159537795276
south_africa,1943,13.3089862966335
south_africa,1944,14.8927672440945
south_africa,1945,15.2478402362205
south_africa,1946,15.2957023622047
south_africa,1947,15.2386212598425
south_africa,1948,15.5835563779528
south_africa,1949,16.5354995155642
south_africa,1950,16.656964208505
south_africa,1951,17.7788425558311
south_africa,1952,19.3457696850394
south_africa,1953,19.3766561417323
south_africa,1954,20.1686157087551
south_africa,1955,22.6354209448819
south_africa,1956,23.8162668503937
south_africa,1957,24.4682101927448
south_africa,1958,26.2699992125984
south_africa,1959,25.7840803149606
south_africa,1960,26.7040155448189
south_africa,1961,27.8711370866142
south_africa,1962,28.8400639926955
south_africa,1963,29.9468206812474
south_africa,1964,32.6271881889764
south_africa,1965,34.9727177952756
south_africa,1966,34.9986041263829
south_africa,1967,36.5065799212598
south_africa,1968,37.6511337290381
south_africa,1969,39.067371496063
south_africa,1970,40.8346577952756
south_africa,1971,45.9616495053189
south_africa,1972,46.8213924004562
south_africa,1973,47.3122866972492
south_africa,1974,48.1834817946135
south_africa,1975,50.491599293313
south_africa,1976,52.6487544791656
south_africa,1977,54.5127151215156
south_africa,1978,55.0971287270099
south_africa,1979,59.6799033381033
south_africa,1980,62.2810555941925
south_africa,1981,70.1624568958191
south_africa,1982,76.5374785133478
south_africa,1983,79.6675955702161
south_africa,1984,86.1334583042039
south_africa,1985,88.3901027147969
south_africa,1986,90.2011749155719
south_africa,1987,89.7010675391485
south_africa,1988,93.519291946439
south_africa,1989,92.9888217583706
south_africa,1990,85.4067209940595
south_africa,1991,88.9810883585081
south_africa,1992,82.2394681769746
south_africa,1993,87.4304889529807
south_africa,1994,92.4392908237252
south_africa,1995,98.7155052901566
south_africa,1996,99.2719244134385
south_africa,1997,105.137211634709
south_africa,1998,102.964644945612
south_africa,1999,102.317414610354
south_africa,2000,103.249691872536
south_africa,2001,101.425756806828
south_africa,2002,97.3043444914588
south_africa,2003,110.373814756714
south_africa,2004,122.627447055007
south_africa,2005,113.592031004464
south_africa,2006,121.935051710041
south_africa,2007,126.922658029609
south_africa,2008,135.144880148137
south_africa,2009,131.160609190866
south_africa,2010,126.364539197491
south_africa,2011,127.158248786524
south_africa,2012,125.260434051514
south_africa,2013,125.171458647381
south_africa,2014,128.784386022713
south_africa,2015,121.785219214946
south_africa,2016,124.719667123
south_africa,2017,119.918158878935
south_africa,2018,118.787441718949
south_africa,2019,127.027637584102
south_africa,2020,118.675936646873
south_africa,2021,116.164773647008
south_africa,2022,110.276745210167
spain,1850,0.135
spain,1851,0.139
spain,1852,0.146
spain,1853,0.178
spain,1854,0.15
spain,1855,0.151
spain,1856,0.206
spain,1857,0.232
spain,1858,0.314
spain,1859,0.445
spain,1860,0.527
spain,1861,0.547
spain,1862,0.597
spain,1863,0.664
spain,1864,0.637
spain,1865,0.629
spain,1866,0.625
spain,1867,0.698
spain,1868,0.726
spain,1869,0.72
spain,1870,0.839
spain,1871,0.802
spain,1872,0.89
spain,1873,0.856
spain,1874,0.851
spain,1875,0.898
spain,1876,0.974
spain,1877,1.032
spain,1878,1.025
spain,1879,1.084
spain,1880,1.205
spain,1881,1.346
spain,1882,1.469
spain,1883,1.611
spain,1884,1.602
spain,1885,1.572
spain,1886,1.663
spain,1887,1.676
spain,1888,1.756
spain,1889,1.862
spain,1890,2.003
spain,1891,2.167
spain,1892,2.265
spain,1893,2.216
spain,1894,2.384
spain,1895,2.348
spain,1896,2.539
spain,1897,2.605
spain,1898,2.558
spain,1899,2.9
spain,1900,3.062
spain,1901,3.222
spain,1902,3.367
spain,1903,3.323
spain,1904,3.546
spain,1905,3.704
spain,1906,3.783
spain,1907,3.847
spain,1908,4.035
spain,1909,4.139
spain,1910,4.065
spain,1911,4.02
spain,1912,4.362
spain,1913,4.754
spain,1914,4.722
spain,1915,4.179
spain,1916,4.876
spain,1917,4.326
spain,1918,4.567
spain,1919,4.347
spain,1920,3.836
spain,1921,4.052
spain,1922,4.078
spain,1923,4.698
spain,1924,5.019
spain,1925,5.2
spain,1926,5.016
spain,1927,5.853
spain,1928,5.8702968503937
spain,1929,6.54198866141732
spain,1930,6.4509727551003
spain,1931,6.14919952755906
spain,1932,5.77942661417323
spain,1933,5.10545094488189
spain,1934,5.52549960629921
spain,1935,6.12850771653543
spain,1936,2.19833526292054
spain,1937,1.43157826771654
spain,1938,3.60834307086614
spain,1939,4.28868614173228
spain,1940,5.90028062992126
spain,1941,5.87019141732283
spain,1942,6.29318330708661
spain,1943,6.50912653543307
spain,1944,7.03896461978411
spain,1945,7.71487511811024
spain,1946,7.66563181102362
spain,1947,8.50759125984252
spain,1948,8.92842905511811
spain,1949,9.75851852194029
spain,1950,9.01621788050321
spain,1951,9.03797454725281
spain,1952,10.2627315748032
spain,1953,10.6254068273006
spain,1954,10.8417985102609
spain,1955,10.9912230708661
spain,1956,11.5537851181102
spain,1957,13.704517480315
spain,1958,15.2491281889764
spain,1959,14.2136821259843
spain,1960,13.336674015748
spain,1961,14.630692177929
spain,1962,16.3689546456693
spain,1963,16.0324518110236
spain,1964,17.5556245669291
spain,1965,19.3833107086614
spain,1966,21.183682992126
spain,1967,23.5791420472441
spain,1968,26.4785031568877
spain,1969,26.4020040669749
spain,1970,31.8685822311382
spain,1971,35.0596489814309
spain,1972,39.4967960717724
spain,1973,42.2918493629143
spain,1974,47.1249162855233
spain,1975,49.4141979518577
spain,1976,53.9699639088552
spain,1977,53.173878568512
spain,1978,54.4524773418404
spain,1979,55.334756669586
spain,1980,58.3820705822964
spain,1981,56.2489637977215
spain,1982,56.9319143689799
spain,1983,55.5226929122476
spain,1984,53.9484717302456
spain,1985,54.5664288467943
spain,1986,51.6137184370784
spain,1987,51.7216294825076
spain,1988,53.8913468287226
spain,1989,61.3770235774175
spain,1990,62.9094559744526
spain,1991,65.5651546722133
spain,1992,67.8580253344018
spain,1993,65.5147552214886
spain,1994,68.8591754394908
spain,1995,72.6077758079407
spain,1996,69.1860985466999
spain,1997,72.5524429165362
spain,1998,74.9467508459457
spain,1999,81.3522537366879
spain,2000,84.6264307371675
spain,2001,85.100577541536
spain,2002,90.5976430913606
spain,2003,91.793714892654
spain,2004,96.3457833568183
spain,2005,100.528968151778
spain,2006,98.1586857259586
spain,2007,100.272677748219
spain,2008,91.6722901127064
spain,2009,80.9225643852694
spain,2010,77.2208240659663
spain,2011,77.456146517174
spain,2012,75.8898497939154
spain,2013,68.7610037010423
spain,2014,69.3721936125798
spain,2015,73.8994148774971
spain,2016,70.8595472851293
spain,2017,74.6703577460214
spain,2018,73.3080036231164
spain,2019,68.411787695264
spain,2020,58.3038842755115
spain,2021,62.8464681650718
spain,2022,67.0343435484525
sri_lanka,1950,0.444
sri_lanka,1951,0.421927007874016
sri_lanka,1952,0.528935240528896
sri_lanka,1953,0.563927007874016
sri_lanka,1954,0.486910787401575
sri_lanka,1955,0.453919075884745
sri_lanka,1956,0.386902677165354
sri_lanka,1957,0.632943138517891
sri_lanka,1958,0.531910954779808
sri_lanka,1959,0.560894378655793
sri_lanka,1960,0.615902677165354
sri_lanka,1961,0.636910787401575
sri_lanka,1962,0.698902677165354
sri_lanka,1963,0.690918897637795
sri_lanka,1964,0.619918897637795
sri_lanka,1965,0.724902677165354
sri_lanka,1966,0.725910787401575
sri_lanka,1967,0.803789133858268
sri_lanka,1968,0.883756692913386
sri_lanka,1969,1.17769181102362
sri_lanka,1970,0.980643149606299
sri_lanka,1971,0.871578267716535
sri_lanka,1972,0.965578267716535
sri_lanka,1973,1.00553817560541
sri_lanka,1974,0.799481592890776
sri_lanka,1975,0.789570157480315
sri_lanka,1976,0.763855706529638
sri_lanka,1977,0.7944971763226
sri_lanka,1978,0.937648564573416
sri_lanka,1979,1.03957852732576
sri_lanka,1980,0.924836006572491
sri_lanka,1981,1.0932231507506
sri_lanka,1982,1.21912901890125
sri_lanka,1983,1.32502672692828
sri_lanka,1984,1.05133769947184
sri_lanka,1985,1.06893171201519
sri_lanka,1986,0.998990576130091
sri_lanka,1987,1.099049440245
sri_lanka,1988,0.943405536239933
sri_lanka,1989,0.940778112316536
sri_lanka,1990,1.04552939283645
sri_lanka,1991,1.12943112495834
sri_lanka,1992,1.39365062908731
sri_lanka,1993,1.35792321096978
sri_lanka,1994,1.48340751061392
sri_lanka,1995,1.58686611207013
sri_lanka,1996,1.90245055473677
sri_lanka,1997,2.05248179804866
sri_lanka,1998,2.11133359286856
sri_lanka,1999,2.3244042053952
sri_lanka,2000,2.76585665680076
sri_lanka,2001,2.81833212397203
sri_lanka,2002,2.98799682785355
sri_lanka,2003,2.98936721213502
sri_lanka,2004,3.31532821481335
sri_lanka,2005,3.25743040049378
sri_lanka,2006,3.218488274595
sri_lanka,2007,3.31656944316695
sri_lanka,2008,3.27164044469523
sri_lanka,2009,3.53292705457564
sri_lanka,2010,3.56195057538179
sri_lanka,2011,4.06281444784653
sri_lanka,2012,4.31170910255694
sri_lanka,2013,3.96029255329199
sri_lanka,2014,4.75436985259555
sri_lanka,2015,5.37319525915154
sri_lanka,2016,6.27373596578789
sri_lanka,2017,6.2426040382808
sri_lanka,2018,5.48495122741582
sri_lanka,2019,5.79480380207161
sri_lanka,2020,5.62900237724162
sri_lanka,2021,5.49088510630364
sri_lanka,2022,4.72901050634733
st_kitts_nevis,1981,0.015
st_kitts_nevis,1982,0.018
st_kitts_nevis,1983,0.014
st_kitts_nevis,1984,0.014
st_kitts_nevis,1985,0.014
st_kitts_nevis,1986,0.016
st_kitts_nevis,1987,0.015
st_kitts_nevis,1988,0.018
st_kitts_nevis,1989,0.018
st_kitts_nevis,1990,0.029
st_kitts_nevis,1991,0.029
st_kitts_nevis,1992,0.03
st_kitts_nevis,1993,0.031
st_kitts_nevis,1994,0.033
st_kitts_nevis,1995,0.035
st_kitts_nevis,1996,0.036
st_kitts_nevis,1997,0.039
st_kitts_nevis,1998,0.041
st_kitts_nevis,1999,0.044
st_kitts_nevis,2000,0.047
st_kitts_nevis,2001,0.048
st_kitts_nevis,2002,0.054
st_kitts_nevis,2003,0.054
st_kitts_nevis,2004,0.058
st_kitts_nevis,2005,0.054
st_kitts_nevis,2006,0.055
st_kitts_nevis,2007,0.059
st_kitts_nevis,2008,0.059
st_kitts_nevis,2009,0.061
st_kitts_nevis,2010,0.06
st_kitts_nevis,2011,0.063
st_kitts_nevis,2012,0.06
st_kitts_nevis,2013,0.061
st_kitts_nevis,2014,0.063
st_kitts_nevis,2015,0.064
st_kitts_nevis,2016,0.065
st_kitts_nevis,2017,0.066
st_kitts_nevis,2018,0.067
st_kitts_nevis,2019,0.069
st_kitts_nevis,2020,0.063
st_kitts_nevis,2021,0.0607084510067
st_kitts_nevis,2022,0.0612679535030653
st_pierre_miquelon,1950,0.004
st_pierre_miquelon,1951,0.006
st_pierre_miquelon,1952,0.009
st_pierre_miquelon,1953,0.008
st_pierre_miquelon,1954,0.009
st_pierre_miquelon,1955,0.01
st_pierre_miquelon,1956,0.009
st_pierre_miquelon,1957,0.011
st_pierre_miquelon,1958,0.011
st_pierre_miquelon,1959,0.009
st_pierre_miquelon,1960,0.01
st_pierre_miquelon,1961,0.013
st_pierre_miquelon,1962,0.009
st_pierre_miquelon,1963,0.01
st_pierre_miquelon,1964,0.013
st_pierre_miquelon,1965,0.011
st_pierre_miquelon,1966,0.012
st_pierre_miquelon,1967,0.014
st_pierre_miquelon,1968,0.011
st_pierre_miquelon,1969,0.009
st_pierre_miquelon,1970,0.01
st_pierre_miquelon,1971,0.013
st_pierre_miquelon,1972,0.019
st_pierre_miquelon,1973,0.011
st_pierre_miquelon,1974,0.012
st_pierre_miquelon,1975,0.009
st_pierre_miquelon,1976,0.013
st_pierre_miquelon,1977,0.01
st_pierre_miquelon,1978,0.009
st_pierre_miquelon,1979,0.01
st_pierre_miquelon,1980,0.01
st_pierre_miquelon,1981,0.011
st_pierre_miquelon,1982,0.011
st_pierre_miquelon,1983,0.009
st_pierre_miquelon,1984,0.01
st_pierre_miquelon,1985,0.009
st_pierre_miquelon,1986,0.013
st_pierre_miquelon,1987,0.014
st_pierre_miquelon,1988,0.018
st_pierre_miquelon,1989,0.028
st_pierre_miquelon,1990,0.025
st_pierre_miquelon,1991,0.028
st_pierre_miquelon,1992,0.026
st_pierre_miquelon,1993,0.02
st_pierre_miquelon,1994,0.019
st_pierre_miquelon,1995,0.019
st_pierre_miquelon,1996,0.019
st_pierre_miquelon,1997,0.013
st_pierre_miquelon,1998,0.015
st_pierre_miquelon,1999,0.015
st_pierre_miquelon,2000,0.015
st_pierre_miquelon,2001,0.015
st_pierre_miquelon,2002,0.016
st_pierre_miquelon,2003,0.017
st_pierre_miquelon,2004,0.016
st_pierre_miquelon,2005,0.017
st_pierre_miquelon,2006,0.018
st_pierre_miquelon,2007,0.018
st_pierre_miquelon,2008,0.018
st_pierre_miquelon,2009,0.018
st_pierre_miquelon,2010,0.018
st_pierre_miquelon,2011,0.018
st_pierre_miquelon,2012,0.018
st_pierre_miquelon,2013,0.018
st_pierre_miquelon,2014,0.018
st_pierre_miquelon,2015,0.018
st_pierre_miquelon,2016,0.018
st_pierre_miquelon,2017,0.018
st_pierre_miquelon,2018,0.016
st_pierre_miquelon,2019,0.018
st_pierre_miquelon,2020,0.017
st_pierre_miquelon,2021,0.0163816455097445
st_pierre_miquelon,2022,0.016532622373843
st_vincent_the_grenadines,1950,0.001
st_vincent_the_grenadines,1951,0.001
st_vincent_the_grenadines,1952,0.003
st_vincent_the_grenadines,1953,0.002
st_vincent_the_grenadines,1954,0.002
st_vincent_the_grenadines,1955,0.002
st_vincent_the_grenadines,1956,0.002
st_vincent_the_grenadines,1957,0.002
st_vincent_the_grenadines,1958,0.003
st_vincent_the_grenadines,1959,0.003
st_vincent_the_grenadines,1960,0.003
st_vincent_the_grenadines,1961,0.003
st_vincent_the_grenadines,1962,0.003
st_vincent_the_grenadines,1963,0.004
st_vincent_the_grenadines,1964,0.005
st_vincent_the_grenadines,1965,0.004
st_vincent_the_grenadines,1966,0.005
st_vincent_the_grenadines,1967,0.005
st_vincent_the_grenadines,1968,0.006
st_vincent_the_grenadines,1969,0.008
st_vincent_the_grenadines,1970,0.008
st_vincent_the_grenadines,1971,0.008
st_vincent_the_grenadines,1972,0.01
st_vincent_the_grenadines,1973,0.011
st_vincent_the_grenadines,1974,0.009
st_vincent_the_grenadines,1975,0.009
st_vincent_the_grenadines,1976,0.009
st_vincent_the_grenadines,1977,0.009
st_vincent_the_grenadines,1978,0.01
st_vincent_the_grenadines,1979,0.008
st_vincent_the_grenadines,1980,0.01
st_vincent_the_grenadines,1981,0.01
st_vincent_the_grenadines,1982,0.011
st_vincent_the_grenadines,1983,0.013
st_vincent_the_grenadines,1984,0.018
st_vincent_the_grenadines,1985,0.018
st_vincent_the_grenadines,1986,0.018
st_vincent_the_grenadines,1987,0.021
st_vincent_the_grenadines,1988,0.018
st_vincent_the_grenadines,1989,0.021
st_vincent_the_grenadines,1990,0.022
st_vincent_the_grenadines,1991,0.023
st_vincent_the_grenadines,1992,0.023
st_vincent_the_grenadines,1993,0.028
st_vincent_the_grenadines,1994,0.033
st_vincent_the_grenadines,1995,0.035
st_vincent_the_grenadines,1996,0.036
st_vincent_the_grenadines,1997,0.036
st_vincent_the_grenadines,1998,0.044
st_vincent_the_grenadines,1999,0.045
st_vincent_the_grenadines,2000,0.04
st_vincent_the_grenadines,2001,0.049
st_vincent_the_grenadines,2002,0.051
st_vincent_the_grenadines,2003,0.054
st_vincent_the_grenadines,2004,0.06
st_vincent_the_grenadines,2005,0.06
st_vincent_the_grenadines,2006,0.059
st_vincent_the_grenadines,2007,0.064
st_vincent_the_grenadines,2008,0.06
st_vincent_the_grenadines,2009,0.076
st_vincent_the_grenadines,2010,0.06
st_vincent_the_grenadines,2011,0.059
st_vincent_the_grenadines,2012,0.063
st_vincent_the_grenadines,2013,0.06
st_vincent_the_grenadines,2014,0.069
st_vincent_the_grenadines,2015,0.064
st_vincent_the_grenadines,2016,0.066
st_vincent_the_grenadines,2017,0.059
st_vincent_the_grenadines,2018,0.066
st_vincent_the_grenadines,2019,0.062
st_vincent_the_grenadines,2020,0.067
st_vincent_the_grenadines,2021,0.0645629558325223
st_vincent_the_grenadines,2022,0.0651579822969107
suriname,1950,0.058
suriname,1951,0.064
suriname,1952,0.073
suriname,1953,0.085
suriname,1954,0.092
suriname,1955,0.085
suriname,1956,0.093
suriname,1957,0.102
suriname,1958,0.087
suriname,1959,0.1
suriname,1960,0.118
suriname,1961,0.117
suriname,1962,0.135
suriname,1963,0.145
suriname,1964,0.165
suriname,1965,0.217
suriname,1966,0.299
suriname,1967,0.364
suriname,1968,0.396
suriname,1969,0.415
suriname,1970,0.439
suriname,1971,0.467943228346457
suriname,1972,0.475935118110236
suriname,1973,0.574935118110236
suriname,1974,0.436951338582677
suriname,1975,0.550967559055118
suriname,1976,0.544903928312967
suriname,1977,0.517883967096695
suriname,1978,0.652800375138272
suriname,1979,0.625755460814284
suriname,1980,0.646674867325038
suriname,1981,0.55358128440356
suriname,1982,0.5105258973029
suriname,1983,0.374469754397915
suriname,1984,0.423589528045051
suriname,1985,0.435550228011562
suriname,1986,0.479510927978072
suriname,1987,0.479471627944583
suriname,1988,0.511432327911093
suriname,1989,0.505393027877604
suriname,1990,0.474172515604392
suriname,1991,0.552167596120743
suriname,1992,0.554162676637095
suriname,1993,0.556157757153446
suriname,1994,0.557383405203758
suriname,1995,0.56237750182338
suriname,1996,0.568371598443001
suriname,1997,0.574365695062623
suriname,1998,0.574359791682245
suriname,1999,0.579353888301867
suriname,2000,0.598347984921489
suriname,2001,0.644877861021875
suriname,2002,0.425795405045471
suriname,2003,0.419696202657584
suriname,2004,0.424613944629306
suriname,2005,0.433548037116258
suriname,2006,0.47449776255594
suriname,2007,0.479362428657858
suriname,2008,0.527174731194875
suriname,2009,0.543314335073701
suriname,2010,0.646849393098682
suriname,2011,0.751923685513235
suriname,2012,0.680152870373133
suriname,2013,0.859003388820725
suriname,2014,0.87354249818653
suriname,2015,0.740544137000546
suriname,2016,0.797152387236968
suriname,2017,0.662228580855452
suriname,2018,0.570228580855452
suriname,2019,0.719376778148285
suriname,2020,0.796382229126467
suriname,2021,1.00507223082676
suriname,2022,0.978853677538016
sweden,1850,0.055
sweden,1851,0.059
sweden,1852,0.059
sweden,1853,0.062
sweden,1854,0.092
sweden,1855,0.086
sweden,1856,0.13
sweden,1857,0.167
sweden,1858,0.14
sweden,1859,0.206
sweden,1860,0.205
sweden,1861,0.264
sweden,1862,0.269
sweden,1863,0.269
sweden,1864,0.283
sweden,1865,0.295
sweden,1866,0.304
sweden,1867,0.283
sweden,1868,0.334
sweden,1869,0.297
sweden,1870,0.366
sweden,1871,0.391
sweden,1872,0.467
sweden,1873,0.474
sweden,1874,0.511
sweden,1875,0.621
sweden,1876,0.663
sweden,1877,0.702
sweden,1878,0.595
sweden,1879,0.604
sweden,1880,0.772
sweden,1881,0.751
sweden,1882,0.859
sweden,1883,0.878
sweden,1884,0.969
sweden,1885,1.045
sweden,1886,1.024
sweden,1887,1.038
sweden,1888,1.159
sweden,1889,1.353
sweden,1890,1.35
sweden,1891,1.441
sweden,1892,1.433
sweden,1893,1.441
sweden,1894,1.608
sweden,1895,1.625
sweden,1896,1.68
sweden,1897,1.871
sweden,1898,1.992
sweden,1899,2.493
sweden,1900,2.503
sweden,1901,2.326
sweden,1902,2.436
sweden,1903,2.676
sweden,1904,2.818
sweden,1905,2.774
sweden,1906,3.082
sweden,1907,3.486
sweden,1908,3.75421058010619
sweden,1909,3.45793720580788
sweden,1910,3.58005664957052
sweden,1911,3.49147124416431
sweden,1912,3.872190191889
sweden,1913,4.35405773508262
sweden,1914,4.08984411536355
sweden,1915,4.12163204948415
sweden,1916,4.34822928623683
sweden,1917,1.88417828484164
sweden,1918,2.21488993563858
sweden,1919,2.12805878077277
sweden,1920,2.87720113403672
sweden,1921,1.67395873984339
sweden,1922,2.7638100212172
sweden,1923,3.35539666480969
sweden,1924,3.99630933284811
sweden,1925,3.58066937319469
sweden,1926,3.48508791199478
sweden,1927,4.87850033047475
sweden,1928,4.43365010509613
sweden,1929,5.28651018202075
sweden,1930,5.16712727581202
sweden,1931,5.17038265166608
sweden,1932,5.11378757544333
sweden,1933,5.32676367230838
sweden,1934,5.93135929133858
sweden,1935,6.24018086614173
sweden,1936,6.83612409448819
sweden,1937,7.89903488188976
sweden,1938,7.13290511811024
sweden,1939,7.9966942519685
sweden,1940,5.04222952755906
sweden,1941,4.10528647298927
sweden,1942,3.55409165354331
sweden,1943,4.32197834656595
sweden,1944,3.39583212598425
sweden,1945,1.24166073357678
sweden,1946,4.74238606299213
sweden,1947,6.84828874015748
sweden,1948,8.40636173228347
sweden,1949,7.32312653543307
sweden,1950,7.82085106209644
sweden,1951,9.12575346456693
sweden,1952,9.4216642519685
sweden,1953,8.88340472440945
sweden,1954,9.41428307086614
sweden,1955,10.6701854843272
sweden,1956,11.8382506299213
sweden,1957,10.6012992913386
sweden,1958,11.4822341686276
sweden,1959,11.5688856692913
sweden,1960,13.4199018897638
sweden,1961,13.3186426142229
sweden,1962,13.9936099212598
sweden,1963,15.0963582627624
sweden,1964,16.4760016535433
sweden,1965,17.0748396924109
sweden,1966,19.7918558786327
sweden,1967,18.8127015748032
sweden,1968,21.1806853543307
sweden,1969,23.5756366929134
sweden,1970,25.1875069291339
sweden,1971,23.0646467629247
sweden,1972,23.1176925081244
sweden,1973,23.8235602254341
sweden,1974,21.785708904725
sweden,1975,22.041516878681
sweden,1976,24.0832030895755
sweden,1977,23.4007624463329
sweden,1978,21.6911812924248
sweden,1979,23.1628217753552
sweden,1980,19.5725123819652
sweden,1981,18.9379104350332
sweden,1982,16.991469616948
sweden,1983,15.9029244608359
sweden,1984,15.6408537765368
sweden,1985,17.0207445879613
sweden,1986,16.9240663845712
sweden,1987,16.2922239595955
sweden,1988,15.672795352337
sweden,1989,15.1530498228455
sweden,1990,15.695933011509
sweden,1991,15.7586339282276
sweden,1992,15.7115837932827
sweden,1993,15.7098428743056
sweden,1994,16.3795158334352
sweden,1995,16.2407670357422
sweden,1996,17.2983237343522
sweden,1997,15.9342617513357
sweden,1998,16.048535653055
sweden,1999,15.2788235748076
sweden,2000,14.9918302810201
sweden,2001,15.2395140531711
sweden,2002,15.4709090667941
sweden,2003,15.6365203874513
sweden,2004,15.4249238743822
sweden,2005,14.7039668435445
sweden,2006,14.6665056304207
sweden,2007,14.4634666571012
sweden,2008,13.8828822922951
sweden,2009,12.8927148022475
sweden,2010,14.4979185654221
sweden,2011,13.4309434830611
sweden,2012,12.7489300647891
sweden,2013,12.3368133592873
sweden,2014,11.8650014279524
sweden,2015,11.8500937964613
sweden,2016,11.8488296167861
sweden,2017,11.5874967933601
sweden,2018,11.4728668017774
sweden,2019,11.1916047986233
sweden,2020,10.0126873034538
sweden,2021,10.5144067556784
sweden,2022,10.3849741537438
switzerland,1858,0.04
switzerland,1859,0.056
switzerland,1860,0.083
switzerland,1861,0.116
switzerland,1862,0.128
switzerland,1863,0.128
switzerland,1864,0.156
switzerland,1865,0.19
switzerland,1866,0.188
switzerland,1867,0.184
switzerland,1868,0.21
switzerland,1869,0.203
switzerland,1870,0.245
switzerland,1871,0.303
switzerland,1872,0.348
switzerland,1873,0.338
switzerland,1874,0.319
switzerland,1875,0.349
switzerland,1876,0.408
switzerland,1877,0.387
switzerland,1878,0.37
switzerland,1879,0.395
switzerland,1880,0.456
switzerland,1881,0.427
switzerland,1882,0.472
switzerland,1883,0.522
switzerland,1884,0.536
switzerland,1885,0.558
switzerland,1886,0.569
switzerland,1887,0.616
switzerland,1888,0.629
switzerland,1889,0.694
switzerland,1890,0.785
switzerland,1891,0.961
switzerland,1892,0.947
switzerland,1893,0.785
switzerland,1894,0.978
switzerland,1895,1.05
switzerland,1896,1.149
switzerland,1897,1.212
switzerland,1898,1.296
switzerland,1899,1.398
switzerland,1900,1.549
switzerland,1901,1.415
switzerland,1902,1.429
switzerland,1903,1.548
switzerland,1904,1.627
switzerland,1905,1.703
switzerland,1906,1.882
switzerland,1907,2.183
switzerland,1908,2.185
switzerland,1909,2.202
switzerland,1910,2.126
switzerland,1911,2.35
switzerland,1912,2.391
switzerland,1913,2.525
switzerland,1914,2.3
switzerland,1915,2.436
switzerland,1916,2.315
switzerland,1917,1.667
switzerland,1918,1.568
switzerland,1919,1.257
switzerland,1920,1.974
switzerland,1921,1.219
switzerland,1922,1.679
switzerland,1923,2.092
switzerland,1924,1.974
switzerland,1925,2.057
switzerland,1926,2.035
switzerland,1927,2.346
switzerland,1928,2.44630251968504
switzerland,1929,2.80123763779528
switzerland,1930,2.60813187198082
switzerland,1931,2.75505921259843
switzerland,1932,2.79011598425197
switzerland,1933,2.611
switzerland,1934,2.608
switzerland,1935,2.586
switzerland,1936,2.70744039370079
switzerland,1937,2.856
switzerland,1938,2.8542862992126
switzerland,1939,3.237
switzerland,1940,2.2682862992126
switzerland,1941,1.80821374172358
switzerland,1942,1.59351369091403
switzerland,1943,1.68459424738624
switzerland,1944,1.21452960629921
switzerland,1945,0.442545826771654
switzerland,1946,1.57323763779528
switzerland,1947,2.57794566929134
switzerland,1948,2.78687267716535
switzerland,1949,2.32792133858268
switzerland,1950,2.79280736842105
switzerland,1951,3.35654783526724
switzerland,1952,3.0634757728914
switzerland,1953,2.8202562992126
switzerland,1954,3.43699735398736
switzerland,1955,3.7156642519685
switzerland,1956,4.65637228346457
switzerland,1957,4.82923440944882
switzerland,1958,4.44459125984252
switzerland,1959,4.53103976377953
switzerland,1960,5.32165047244095
switzerland,1961,5.55702598425197
switzerland,1962,6.58388811023622
switzerland,1963,7.93405031496063
switzerland,1964,7.67723118110236
switzerland,1965,8.27754801786412
switzerland,1966,8.59423074271468
switzerland,1967,8.87539286700549
switzerland,1968,9.82023118110236
switzerland,1969,10.3839964658704
switzerland,1970,10.9837116447434
switzerland,1971,11.4323175700359
switzerland,1972,11.7128643350022
switzerland,1973,12.6099005905049
switzerland,1974,11.3065143513682
switzerland,1975,10.6581210022189
switzerland,1976,11.0363997714659
switzerland,1977,11.2003481801256
switzerland,1978,11.5093506866275
switzerland,1979,10.8801756831308
switzerland,1980,11.0509292986352
switzerland,1981,10.5929012464906
switzerland,1982,9.98519009437444
switzerland,1983,10.9232563792894
switzerland,1984,10.6792358014564
switzerland,1985,10.8572318505243
switzerland,1986,11.5301784737814
switzerland,1987,10.9730471150976
switzerland,1988,11.0978233774419
switzerland,1989,10.7584815641855
switzerland,1990,12.0526748457789
switzerland,1991,12.591952427319
switzerland,1992,12.5596496687385
switzerland,1993,11.9011516920693
switzerland,1994,11.6447326749985
switzerland,1995,11.8471049276782
switzerland,1996,12.0357755714752
switzerland,1997,11.7454012560569
switzerland,1998,12.1762288604244
switzerland,1999,12.1279951696671
switzerland,2000,11.9034354036339
switzerland,2001,12.3037453017435
switzerland,2002,11.8616081501164
switzerland,2003,12.1850665405794
switzerland,2004,12.3448168066947
switzerland,2005,12.4940748680526
switzerland,2006,12.3820146109114
switzerland,2007,11.8348514385077
switzerland,2008,12.2013591511955
switzerland,2009,11.8803794382293
switzerland,2010,12.293486016695
switzerland,2011,11.1847898912057
switzerland,2012,11.530745704584
switzerland,2013,11.7856115317953
switzerland,2014,10.7064930048306
switzerland,2015,10.569211950847
switzerland,2016,10.6928598912047
switzerland,2017,10.4181477290744
switzerland,2018,10.0620224073723
switzerland,2019,10.0237223415968
switzerland,2020,9.34367494930593
switzerland,2021,9.76728718880969
switzerland,2022,9.65615849404155
syrian_arab_republic,1931,0.000991889763779528
syrian_arab_republic,1932,0.00297566929133858
syrian_arab_republic,1933,0.00396755905511811
syrian_arab_republic,1934,0.00297566929133858
syrian_arab_republic,1935,0.00396755905511811
syrian_arab_republic,1936,0.00793511811023622
syrian_arab_republic,1937,0.016862125984252
syrian_arab_republic,1938,0.016862125984252
syrian_arab_republic,1939,0.0158702362204724
syrian_arab_republic,1940,0.00595133858267717
syrian_arab_republic,1941,0.00595133858267717
syrian_arab_republic,1942,0.0148783464566929
syrian_arab_republic,1943,0.00991889763779528
syrian_arab_republic,1944,0.00495944881889764
syrian_arab_republic,1945,0.00495944881889764
syrian_arab_republic,1946,0.00595133858267717
syrian_arab_republic,1947,0.00694322834645669
syrian_arab_republic,1948,0.00694322834645669
syrian_arab_republic,1949,0.00793511811023622
syrian_arab_republic,1950,0.112926356158605
syrian_arab_republic,1951,0.103927007874016
syrian_arab_republic,1952,0.12982968503937
syrian_arab_republic,1953,0.139756692913386
syrian_arab_republic,1954,0.157722495611615
syrian_arab_republic,1955,0.448708031496063
syrian_arab_republic,1956,0.546643149606299
syrian_arab_republic,1957,0.54065125984252
syrian_arab_republic,1958,0.591570157480315
syrian_arab_republic,1959,0.607504460558575
syrian_arab_republic,1960,0.878464724409449
syrian_arab_republic,1961,0.835407952755906
syrian_arab_republic,1962,0.873327619707537
syrian_arab_republic,1963,0.984245748031496
syrian_arab_republic,1964,1.19030251968504
syrian_arab_republic,1965,1.00225385826772
syrian_arab_republic,1966,1.34031874015748
syrian_arab_republic,1967,1.25633496062992
syrian_arab_republic,1968,1.62498622047244
syrian_arab_republic,1969,1.97397
syrian_arab_republic,1970,1.81493697368821
syrian_arab_republic,1971,2.42199433070866
syrian_arab_republic,1972,2.1168883727902
syrian_arab_republic,1973,2.1520677558324
syrian_arab_republic,1974,2.63493755905512
syrian_arab_republic,1975,3.04890511811024
syrian_arab_republic,1976,3.74922096410469
syrian_arab_republic,1977,3.99354684427942
syrian_arab_republic,1978,4.14339365903151
syrian_arab_republic,1979,6.13662626732386
syrian_arab_republic,1980,5.6568471433399
syrian_arab_republic,1981,7.24198039204972
syrian_arab_republic,1982,6.64968431354385
syrian_arab_republic,1983,7.5803770179177
syrian_arab_republic,1984,8.96534080848877
syrian_arab_republic,1985,8.0211181617941
syrian_arab_republic,1986,8.48068989515045
syrian_arab_republic,1987,9.80973449543802
syrian_arab_republic,1988,10.0106759576101
syrian_arab_republic,1989,9.35351547988668
syrian_arab_republic,1990,10.110626372456
syrian_arab_republic,1991,11.5176897102842
syrian_arab_republic,1992,11.6161960794331
syrian_arab_republic,1993,12.3421488002236
syrian_arab_republic,1994,12.4590876795973
syrian_arab_republic,1995,12.5771096084402
syrian_arab_republic,1996,12.8623657909383
syrian_arab_republic,1997,13.4434266549997
syrian_arab_republic,1998,14.5083024572494
syrian_arab_republic,1999,15.0520413674777
syrian_arab_republic,2000,14.7846831438214
syrian_arab_republic,2001,13.9058502141655
syrian_arab_republic,2002,11.0124511487557
syrian_arab_republic,2003,15.0048922338863
syrian_arab_republic,2004,13.9974424753593
syrian_arab_republic,2005,13.851266556949
syrian_arab_republic,2006,14.646216387494
syrian_arab_republic,2007,18.1933251598079
syrian_arab_republic,2008,18.4922568412017
syrian_arab_republic,2009,17.1856920314843
syrian_arab_republic,2010,16.8455103608891
syrian_arab_republic,2011,16.0577444482118
syrian_arab_republic,2012,12.5137026355692
syrian_arab_republic,2013,9.29118805031711
syrian_arab_republic,2014,8.44515554162348
syrian_arab_republic,2015,7.80656949012233
syrian_arab_republic,2016,7.35161016650023
syrian_arab_republic,2017,7.76300867393168
syrian_arab_republic,2018,8.8495170364153
syrian_arab_republic,2019,7.82672058700032
syrian_arab_republic,2020,7.18142522645551
syrian_arab_republic,2021,7.42822629036017
syrian_arab_republic,2022,7.54237340561006
taiwan,1896,0.001
taiwan,1897,0.014
taiwan,1898,0.031
taiwan,1899,0.022
taiwan,1900,0.03
taiwan,1901,0.048
taiwan,1902,0.07
taiwan,1903,0.059
taiwan,1904,0.06
taiwan,1905,0.069
taiwan,1906,0.075
taiwan,1907,0.098
taiwan,1908,0.112
taiwan,1909,0.133
taiwan,1910,0.168
taiwan,1911,0.185
taiwan,1912,0.202
taiwan,1913,0.233
taiwan,1914,0.251
taiwan,1915,0.277
taiwan,1916,0.378
taiwan,1917,0.491
taiwan,1918,0.585
taiwan,1919,0.794
taiwan,1920,0.831
taiwan,1921,0.752
taiwan,1922,0.975
taiwan,1923,1.046
taiwan,1924,1.09
taiwan,1925,1.225
taiwan,1926,1.297
taiwan,1927,1.345
taiwan,1928,1.147
taiwan,1929,1.144
taiwan,1930,1.158
taiwan,1931,1.03
taiwan,1932,0.981
taiwan,1933,1.145
taiwan,1934,1.139
taiwan,1935,1.191
taiwan,1936,1.292
taiwan,1937,1.433
taiwan,1938,1.61
taiwan,1939,1.96
taiwan,1940,2.12
taiwan,1941,2.16576469451365
taiwan,1942,1.75174843909217
taiwan,1943,1.75365956416986
taiwan,1944,1.26373236220472
taiwan,1945,0.597
taiwan,1946,0.781
taiwan,1947,0.987789133858268
taiwan,1948,1.23874068173736
taiwan,1949,1.22067585602536
taiwan,1950,1.03263468572606
taiwan,1951,1.33957015748032
taiwan,1952,1.7445049919183
taiwan,1953,1.76642417322835
taiwan,1954,1.77040828686835
taiwan,1955,1.96435118110236
taiwan,1956,2.09735118110236
taiwan,1957,2.23333496062992
taiwan,1958,2.61188121556248
taiwan,1959,2.99982401574803
taiwan,1960,3.2406942519685
taiwan,1961,3.4193374015748
taiwan,1962,3.86594
taiwan,1963,4.12352637795276
taiwan,1964,4.61440472440945
taiwan,1965,4.8703074015748
taiwan,1966,5.31156872449539
taiwan,1967,5.9961557480315
taiwan,1968,6.58859547367126
taiwan,1969,7.17549008053893
taiwan,1970,7.84225611635845
taiwan,1971,8.59032159785993
taiwan,1972,9.79026030416176
taiwan,1973,10.9838604945072
taiwan,1974,10.7286339928729
taiwan,1975,11.8597331329438
taiwan,1976,15.3111450548081
taiwan,1977,16.6839494833011
taiwan,1978,19.3852693526393
taiwan,1979,20.6784411542504
taiwan,1980,22.7932941097241
taiwan,1981,20.4835970163437
taiwan,1982,20.5744631674984
taiwan,1983,22.690518948735
taiwan,1984,23.1618271121569
taiwan,1985,23.1260820642899
taiwan,1986,25.7460141336916
taiwan,1987,26.8030017582146
taiwan,1988,30.8660967948918
taiwan,1989,33.6043735321814
taiwan,1990,33.8930131004367
taiwan,1991,36.4639737991266
taiwan,1992,38.806768558952
taiwan,1993,41.9781659388646
taiwan,1994,43.9885371179039
taiwan,1995,46.0936135371179
taiwan,1996,48.2516375545852
taiwan,1997,52.0079148471616
taiwan,1998,54.632096069869
taiwan,1999,56.7161572052402
taiwan,2000,61.9268558951965
taiwan,2001,62.7120633187773
taiwan,2002,64.7723799126638
taiwan,2003,67.7532751091703
taiwan,2004,70.3829148471616
taiwan,2005,72.7237991266375
taiwan,2006,75.3709061135371
taiwan,2007,76.3646288209607
taiwan,2008,72.7603711790393
taiwan,2009,68.9151200873362
taiwan,2010,73.7303493449782
taiwan,2011,75.4047489082969
taiwan,2012,74.4375
taiwan,2013,74.7469978165939
taiwan,2014,75.4287663755459
taiwan,2015,75.2914847161572
taiwan,2016,76.3457969432314
taiwan,2017,77.8512554585153
taiwan,2018,77.3515283842795
taiwan,2019,74.7691048034934
taiwan,2020,74.1781614609718
taiwan,2021,79.4763681805126
taiwan,2022,75.8463256393386
tajikistan,1850,0.00010135780122011
tajikistan,1851,0
tajikistan,1852,0
tajikistan,1853,0
tajikistan,1854,0
tajikistan,1855,0.000307343010151301
tajikistan,1856,0
tajikistan,1857,0
tajikistan,1858,0.00043158805680821
tajikistan,1859,0.00045774490873598
tajikistan,1860,0.000604877200829688
tajikistan,1861,0.000768357525378252
tajikistan,1862,0.000693156576085913
tajikistan,1863,0.000725852640995625
tajikistan,1864,0.00081413201625185
tajikistan,1865,0.000778166344851166
tajikistan,1866,0.00245874408121041
tajikistan,1867,0.00282167040170822
tajikistan,1868,0.00234757746051738
tajikistan,1869,0.00318459672220603
tajikistan,1870,0.00345597406095665
tajikistan,1871,0.00466572846261602
tajikistan,1872,0.00478997350927293
tajikistan,1873,0.00449570892508552
tajikistan,1874,0.00545697323343108
tajikistan,1875,0.00628091406915584
tajikistan,1876,0.00779801148096652
tajikistan,1877,0.00795822219902411
tajikistan,1878,0.0104006182477797
tajikistan,1879,0.0106719955865303
tajikistan,1880,0.0125193232539291
tajikistan,1881,0.0131863229780872
tajikistan,1882,0.013889288373646
tajikistan,1883,0.0158085473838462
tajikistan,1884,0.016050498264178
tajikistan,1885,0.0174825859072235
tajikistan,1886,0.0179305219964865
tajikistan,1887,0.0189735264671064
tajikistan,1888,0.0197909280898492
tajikistan,1889,0.0213734176314793
tajikistan,1890,0.0242048968526604
tajikistan,1891,0.026650562507907
tajikistan,1892,0.0282101648041003
tajikistan,1893,0.0330655304431926
tajikistan,1894,0.0336769468570042
tajikistan,1895,0.0386957928206452
tajikistan,1896,0.039392219003222
tajikistan,1897,0.04554561841923
tajikistan,1898,0.0510810622084444
tajikistan,1899,0.0592583480423636
tajikistan,1900,0.0671282908661315
tajikistan,1901,0.0689167656166928
tajikistan,1902,0.0665626489431934
tajikistan,1903,0.0651109436612022
tajikistan,1904,0.0724414014139598
tajikistan,1905,0.0646630075719391
tajikistan,1906,0.0737557832233303
tajikistan,1907,0.0826131472073715
tajikistan,1908,0.083119936213472
tajikistan,1909,0.0877431597917054
tajikistan,1910,0.0860495036293823
tajikistan,1911,0.0892144827126425
tajikistan,1912,0.101060267029432
tajikistan,1913,0.109783577147343
tajikistan,1914,0.0990821551023939
tajikistan,1915,0.0909441045463663
tajikistan,1916,0.0969307540313348
tajikistan,1917,0.0892079434996606
tajikistan,1918,0.0355765882282586
tajikistan,1919,0.0303877227270871
tajikistan,1920,0.0277099150109817
tajikistan,1921,0.0300509532585171
tajikistan,1922,0.0366490191572971
tajikistan,1923,0.0404842675712065
tajikistan,1924,0.0482332349548084
tajikistan,1925,0.0476054705085419
tajikistan,1926,0.0689756185335303
tajikistan,1927,0.0857552390451949
tajikistan,1928,0.0949436338823151
tajikistan,1929,0.102267462817997
tajikistan,1930,0.139266543630012
tajikistan,1931,0.167342178049095
tajikistan,1932,0.188416786198192
tajikistan,1933,0.210630698006284
tajikistan,1934,0.254696845431099
tajikistan,1935,0.288158592948182
tajikistan,1936,0.330244485982387
tajikistan,1937,0.337807110965588
tajikistan,1938,0.356554473070014
tajikistan,1939,0.360931290697217
tajikistan,1940,0.43267818830716
tajikistan,1941,0.380187925992306
tajikistan,1942,0.207224389791269
tajikistan,1943,0.216271390951787
tajikistan,1944,0.31363373303993
tajikistan,1945,0.331598555181217
tajikistan,1946,0.372341064368841
tajikistan,1947,0.448204217830439
tajikistan,1948,0.476656862473193
tajikistan,1949,0.541779194847617
tajikistan,1950,0.603580204834348
tajikistan,1951,0.653933988275125
tajikistan,1952,0.700262110419486
tajikistan,1953,0.740802164600399
tajikistan,1954,0.808869769804078
tajikistan,1955,0.917182335691589
tajikistan,1956,1.00594808498048
tajikistan,1957,1.10087817163597
tajikistan,1958,1.1752115938443
tajikistan,1959,1.23557309546535
tajikistan,1960,1.28651240255687
tajikistan,1961,1.32719523983726
tajikistan,1962,1.39373541987357
tajikistan,1963,1.49527626183767
tajikistan,1964,1.59065375685261
tajikistan,1965,1.68755779500934
tajikistan,1966,1.78241579004289
tajikistan,1967,1.86473533497006
tajikistan,1968,1.91806301487727
tajikistan,1969,1.99828963990745
tajikistan,1970,2.10226054069452
tajikistan,1971,2.23218786947636
tajikistan,1972,2.34994528570815
tajikistan,1973,2.45078596276381
tajikistan,1974,2.54584386560719
tajikistan,1975,2.67720100962176
tajikistan,1976,2.77971664479958
tajikistan,1977,2.87411277458025
tajikistan,1978,2.97340901567807
tajikistan,1979,2.99735259346717
tajikistan,1980,3.11445738623252
tajikistan,1981,3.05698731977847
tajikistan,1982,3.1143635738172
tajikistan,1983,3.15894638675645
tajikistan,1984,3.18687449444875
tajikistan,1985,3.43493546010176
tajikistan,1986,3.28654382993002
tajikistan,1987,3.22419443454426
tajikistan,1988,3.48162260682817
tajikistan,1989,3.45496315987859
tajikistan,1990,3.2655878713254
tajikistan,1991,2.63592750994723
tajikistan,1992,1.9945696590135
tajikistan,1993,1.41118875738787
tajikistan,1994,0.642767012847887
tajikistan,1995,0.667379052259228
tajikistan,1996,0.770687299047256
tajikistan,1997,0.586813251814727
tajikistan,1998,0.681405824157715
tajikistan,1999,0.68700837068011
tajikistan,2000,0.609678390717825
tajikistan,2001,0.624346629089654
tajikistan,2002,0.512347873106219
tajikistan,2003,0.565190105699719
tajikistan,2004,0.69882423580786
tajikistan,2005,0.665798855365886
tajikistan,2006,0.724663755458515
tajikistan,2007,0.880757641921397
tajikistan,2008,0.790398471615721
tajikistan,2009,0.66702347161572
tajikistan,2010,0.692253134861186
tajikistan,2011,0.638847161572052
tajikistan,2012,0.800603831259784
tajikistan,2013,0.793365952181464
tajikistan,2014,1.25549188465398
tajikistan,2015,1.4471294854756
tajikistan,2016,1.5536301608415
tajikistan,2017,1.87173808619708
tajikistan,2018,2.19991336418048
tajikistan,2019,2.4172429428986
tajikistan,2020,2.53792130244921
tajikistan,2021,2.72390244127251
tajikistan,2022,2.73400215822434
thailand,1931,0.00793511811023622
thailand,1932,0.00694322834645669
thailand,1933,0.00595133858267717
thailand,1934,0.00694322834645669
thailand,1935,0.00694322834645669
thailand,1936,0.00793511811023622
thailand,1937,0.00991889763779527
thailand,1938,0.0109107874015748
thailand,1939,0.0128945669291339
thailand,1940,0.0158702362204724
thailand,1941,0.0158702362204724
thailand,1943,0.00892700787401575
thailand,1944,0.00396755905511811
thailand,1947,0.00793511811023622
thailand,1948,0.0109107874015748
thailand,1949,0.016862125984252
thailand,1950,0.260812747122956
thailand,1951,0.29765937007874
thailand,1952,0.348725039820022
thailand,1953,0.448683700787402
thailand,1954,0.559577513275957
thailand,1955,0.647578267716535
thailand,1956,0.714562658909955
thailand,1957,0.797553377330343
thailand,1958,0.823497165354331
thailand,1959,0.906440393700787
thailand,1960,1.01241606299213
thailand,1961,1.13010787401575
thailand,1962,1.37193755905512
thailand,1963,1.51790511811024
thailand,1964,2.03883269819102
thailand,1965,2.03062193802263
thailand,1966,2.58336173228346
thailand,1967,3.31608656093644
thailand,1968,4.66038850393701
thailand,1969,3.96834795275591
thailand,1970,4.19010464566929
thailand,1971,5.24076906607679
thailand,1972,5.93873699570105
thailand,1973,6.64425765479988
thailand,1974,6.57855796056392
thailand,1975,6.61466672258048
thailand,1976,7.79332528030458
thailand,1977,8.69791291866064
thailand,1978,9.4817712793158
thailand,1979,9.92429539483048
thailand,1980,10.8399362096331
thailand,1981,10.241063190016
thailand,1982,10.1833535967872
thailand,1983,11.3935465353378
thailand,1984,12.3135372191952
thailand,1985,13.0435787212436
thailand,1986,13.310092963689
thailand,1987,14.6209877210095
thailand,1988,16.5094507253743
thailand,1989,19.4879401691228
thailand,1990,23.6253449834688
thailand,1991,25.9401871733089
thailand,1992,28.7973369941028
thailand,1993,33.2573872283652
thailand,1994,37.3553539676967
thailand,1995,41.9350505607788
thailand,1996,47.3705805940742
thailand,1997,49.4548900544168
thailand,1998,43.5873476216425
thailand,1999,45.6426636069475
thailand,2000,45.6747112465068
thailand,2001,47.0160600233724
thailand,2002,50.3999595911748
thailand,2003,52.152763432529
thailand,2004,56.5858864115737
thailand,2005,58.4948494400536
thailand,2006,58.9041140411017
thailand,2007,61.1579140046902
thailand,2008,61.2032493087913
thailand,2009,62.4553055982774
thailand,2010,65.7802908500237
thailand,2011,66.833557860958
thailand,2012,71.6014323854573
thailand,2013,71.9851241077976
thailand,2014,74.3689005610673
thailand,2015,75.6273761505078
thailand,2016,77.5232862362558
thailand,2017,77.3328698499242
thailand,2018,78.6971468923393
thailand,2019,76.9296751148224
thailand,2020,74.1954161172867
thailand,2021,72.9309568802169
thailand,2022,73.8936564677933
timor_leste_formerly_east_timor,1998,0.0165214748908297
timor_leste_formerly_east_timor,1999,0.0417506746724891
timor_leste_formerly_east_timor,2000,0.0600055054585153
timor_leste_formerly_east_timor,2001,0.0324355927947598
timor_leste_formerly_east_timor,2002,0.0714743733624454
timor_leste_formerly_east_timor,2003,0.067830231441048
timor_leste_formerly_east_timor,2004,0.135643660480349
timor_leste_formerly_east_timor,2005,0.0876488100436681
timor_leste_formerly_east_timor,2006,0.0864377576419214
timor_leste_formerly_east_timor,2007,0.0786208449781659
timor_leste_formerly_east_timor,2008,0.0778202445414847
timor_leste_formerly_east_timor,2009,0.0878229082969432
timor_leste_formerly_east_timor,2010,0.085462403930131
timor_leste_formerly_east_timor,2011,0.118419853093526
timor_leste_formerly_east_timor,2012,0.161379748116794
timor_leste_formerly_east_timor,2013,0.168869029414902
timor_leste_formerly_east_timor,2014,0.170377013159896
timor_leste_formerly_east_timor,2015,0.160922367875872
timor_leste_formerly_east_timor,2016,0.175482048989956
timor_leste_formerly_east_timor,2017,0.18822867746452
timor_leste_formerly_east_timor,2018,0.168401622447751
timor_leste_formerly_east_timor,2019,0.18434254356667
timor_leste_formerly_east_timor,2020,0.176444822893656
timor_leste_formerly_east_timor,2021,0.181139978218398
timor_leste_formerly_east_timor,2022,0.182557960763575
togo,1950,0.007
togo,1951,0.007
togo,1952,0.012
togo,1953,0.008
togo,1954,0.009
togo,1955,0.011
togo,1956,0.011
togo,1957,0.013
togo,1958,0.013
togo,1959,0.015
togo,1960,0.018
togo,1961,0.025
togo,1962,0.024
togo,1963,0.029
togo,1964,0.036
togo,1965,0.036
togo,1966,0.049
togo,1967,0.054
togo,1968,0.053
togo,1969,0.066
togo,1970,0.075
togo,1971,0.086
togo,1972,0.110521260123384
togo,1973,0.11234677207484
togo,1974,0.106568819529583
togo,1975,0.085
togo,1976,0.088
togo,1977,0.126
togo,1978,0.097
togo,1979,0.377
togo,1980,0.21682122407102
togo,1981,0.192817739985815
togo,1982,0.223218901640117
togo,1983,0.1702037831788
togo,1984,0.189569019803015
togo,1985,0.17986648151251
togo,1986,0.231417880616068
togo,1987,0.252449810610075
togo,1988,0.262950126167542
togo,1989,0.279525815925075
togo,1990,0.266824125948329
togo,1991,0.286519073973238
togo,1992,0.281249005612888
togo,1993,0.291705032126205
togo,1994,0.274748750774009
togo,1995,0.320617085152838
togo,1996,0.345297762008734
togo,1997,0.239897925764192
togo,1998,0.352065229257642
togo,1999,0.505031113537118
togo,2000,0.363365720524017
togo,2001,0.316297216157205
togo,2002,0.360936408296943
togo,2003,0.492557587336245
togo,2004,0.475963155021834
togo,2005,0.46986653930131
togo,2006,0.409526746724891
togo,2007,0.413960698689956
togo,2008,0.415605349344978
togo,2009,0.748045305676856
togo,2010,0.708432860262009
togo,2011,0.683384279475983
togo,2012,0.604702237991266
togo,2013,0.448294759825328
togo,2014,0.420823689956332
togo,2015,0.508553746136107
togo,2016,0.630998474897844
togo,2017,0.543501510438476
togo,2018,0.590935783932524
togo,2019,0.659114957827361
togo,2020,0.649895869474188
togo,2021,0.697559985733351
togo,2022,0.702936589180339
tonga,1950,0.002
tonga,1951,0.002
tonga,1952,0.002
tonga,1953,0.002
tonga,1954,0.002
tonga,1955,0.002
tonga,1956,0.002
tonga,1957,0.002
tonga,1958,0.002
tonga,1959,0.002
tonga,1960,0.003
tonga,1961,0.003
tonga,1962,0.003
tonga,1963,0.003
tonga,1964,0.003
tonga,1965,0.003
tonga,1966,0.003
tonga,1967,0.004
tonga,1968,0.004
tonga,1969,0.003
tonga,1970,0.007
tonga,1971,0.005
tonga,1972,0.006
tonga,1973,0.007
tonga,1974,0.006
tonga,1975,0.009
tonga,1976,0.008
tonga,1977,0.008
tonga,1978,0.01
tonga,1979,0.011
tonga,1980,0.011
tonga,1981,0.013
tonga,1982,0.012
tonga,1983,0.013
tonga,1984,0.013
tonga,1985,0.013
tonga,1986,0.013
tonga,1987,0.015
tonga,1988,0.019
tonga,1989,0.019
tonga,1990,0.023
tonga,1991,0.024
tonga,1992,0.019
tonga,1993,0.023
tonga,1994,0.025
tonga,1995,0.026
tonga,1996,0.021
tonga,1997,0.027
tonga,1998,0.024
tonga,1999,0.03
tonga,2000,0.026
tonga,2001,0.024
tonga,2002,0.028
tonga,2003,0.032
tonga,2004,0.03
tonga,2005,0.031
tonga,2006,0.035
tonga,2007,0.031
tonga,2008,0.033
tonga,2009,0.036
tonga,2010,0.032
tonga,2011,0.028
tonga,2012,0.029
tonga,2013,0.031
tonga,2014,0.031
tonga,2015,0.032
tonga,2016,0.034
tonga,2017,0.037
tonga,2018,0.037
tonga,2019,0.044
tonga,2020,0.05
tonga,2021,0.0521733631058792
tonga,2022,0.051585164440124
trinidad_and_tobago,1908,0
trinidad_and_tobago,1909,0.007
trinidad_and_tobago,1910,0.018
trinidad_and_tobago,1911,0.034
trinidad_and_tobago,1912,0.054
trinidad_and_tobago,1913,0.061
trinidad_and_tobago,1914,0.079
trinidad_and_tobago,1915,0.091
trinidad_and_tobago,1916,0.113
trinidad_and_tobago,1917,0.144
trinidad_and_tobago,1918,0.21
trinidad_and_tobago,1919,0.177
trinidad_and_tobago,1920,0.237
trinidad_and_tobago,1921,0.273
trinidad_and_tobago,1922,0.268
trinidad_and_tobago,1923,0.33
trinidad_and_tobago,1924,0.452
trinidad_and_tobago,1925,0.531
trinidad_and_tobago,1926,0.535
trinidad_and_tobago,1927,0.573
trinidad_and_tobago,1928,0.882
trinidad_and_tobago,1929,0.981
trinidad_and_tobago,1930,0.995
trinidad_and_tobago,1931,0.839
trinidad_and_tobago,1932,0.888
trinidad_and_tobago,1933,1.11
trinidad_and_tobago,1934,1.304
trinidad_and_tobago,1935,1.389
trinidad_and_tobago,1936,1.567
trinidad_and_tobago,1937,1.978
trinidad_and_tobago,1938,2.276
trinidad_and_tobago,1939,2.58
trinidad_and_tobago,1940,2.93
trinidad_and_tobago,1941,2.702
trinidad_and_tobago,1942,2.911
trinidad_and_tobago,1943,2.804
trinidad_and_tobago,1944,2.94
trinidad_and_tobago,1945,3.008
trinidad_and_tobago,1946,2.985
trinidad_and_tobago,1947,3.276
trinidad_and_tobago,1948,3.45
trinidad_and_tobago,1949,3.753
trinidad_and_tobago,1950,0.642
trinidad_and_tobago,1951,0.686
trinidad_and_tobago,1952,0.763
trinidad_and_tobago,1953,0.801
trinidad_and_tobago,1954,0.773975669291339
trinidad_and_tobago,1955,0.742861940170215
trinidad_and_tobago,1956,0.785846101311669
trinidad_and_tobago,1957,0.699854223999461
trinidad_and_tobago,1958,0.948837966017406
trinidad_and_tobago,1959,0.843805354330709
trinidad_and_tobago,1960,0.703805077452089
trinidad_and_tobago,1961,1.25489456692913
trinidad_and_tobago,1962,1.97382157480315
trinidad_and_tobago,1963,0.45782157480315
trinidad_and_tobago,1964,1.03480535433071
trinidad_and_tobago,1965,1.416789282565
trinidad_and_tobago,1966,1.10576480314961
trinidad_and_tobago,1967,1.26478913385827
trinidad_and_tobago,1968,1.10176480314961
trinidad_and_tobago,1969,1.06473236220472
trinidad_and_tobago,1970,2.45369979892852
trinidad_and_tobago,1971,2.20971614173228
trinidad_and_tobago,1972,2.2476837007874
trinidad_and_tobago,1973,2.5627242519685
trinidad_and_tobago,1974,2.74073236220472
trinidad_and_tobago,1975,2.62371614173228
trinidad_and_tobago,1976,4.34247220632729
trinidad_and_tobago,1977,4.41027840722922
trinidad_and_tobago,1978,4.17900219446873
trinidad_and_tobago,1979,4.55979207364956
trinidad_and_tobago,1980,4.61774960029591
trinidad_and_tobago,1981,4.7058899716569
trinidad_and_tobago,1982,5.02326302467012
trinidad_and_tobago,1983,4.44201563147439
trinidad_and_tobago,1984,4.77740419556228
trinidad_and_tobago,1985,5.65586254714681
trinidad_and_tobago,1986,4.73658469333445
trinidad_and_tobago,1987,4.773216758731
trinidad_and_tobago,1988,4.32126109980024
trinidad_and_tobago,1989,4.3954766955265
trinidad_and_tobago,1990,4.6345969275682
trinidad_and_tobago,1991,4.63104880383385
trinidad_and_tobago,1992,5.21363656234975
trinidad_and_tobago,1993,4.75196304919419
trinidad_and_tobago,1994,4.18923789767799
trinidad_and_tobago,1995,4.02088355066
trinidad_and_tobago,1996,5.03775334403458
trinidad_and_tobago,1997,5.16135189819182
trinidad_and_tobago,1998,5.43264105446171
trinidad_and_tobago,1999,6.16658346417901
trinidad_and_tobago,2000,6.65018901266211
trinidad_and_tobago,2001,7.30250994600518
trinidad_and_tobago,2002,7.83345938944485
trinidad_and_tobago,2003,8.84041769006728
trinidad_and_tobago,2004,8.92776774798043
trinidad_and_tobago,2005,10.4330766007543
trinidad_and_tobago,2006,11.6613115885923
trinidad_and_tobago,2007,12.4405280262018
trinidad_and_tobago,2008,12.1355417601863
trinidad_and_tobago,2009,12.1293920686707
trinidad_and_tobago,2010,12.8580341260703
trinidad_and_tobago,2011,12.8458904105148
trinidad_and_tobago,2012,12.6025896029657
trinidad_and_tobago,2013,12.5064535904619
trinidad_and_tobago,2014,12.7979602300615
trinidad_and_tobago,2015,12.4344104732329
trinidad_and_tobago,2016,10.8878553848939
trinidad_and_tobago,2017,11.0037911782775
trinidad_and_tobago,2018,11.0065181070254
trinidad_and_tobago,2019,11.1306914391533
trinidad_and_tobago,2020,9.5604973434037
trinidad_and_tobago,2021,9.69772702435384
trinidad_and_tobago,2022,9.37001547651245
tunisia,1916,0.003
tunisia,1917,0.008
tunisia,1918,0.011
tunisia,1920,0.008
tunisia,1921,0.006
tunisia,1922,0
tunisia,1923,0
tunisia,1924,0
tunisia,1932,0
tunisia,1933,0.00495944881889764
tunisia,1934,0.00495944881889764
tunisia,1935,0.00495944881889764
tunisia,1936,0.00694322834645669
tunisia,1937,0.00793511811023622
tunisia,1938,0.00892700787401575
tunisia,1939,0.00893430708661417
tunisia,1940,0.0159307926509186
tunisia,1941,0.0369351181102362
tunisia,1942,0.0439351181102362
tunisia,1943,0.0139737976983646
tunisia,1944,0.0249351181102362
tunisia,1945,0.0259351181102362
tunisia,1946,0.0359082384701912
tunisia,1947,0.0348702362204724
tunisia,1948,0.0398215748031496
tunisia,1949,0.0348134645669291
tunisia,1950,0.332813464566929
tunisia,1951,0.375797244094488
tunisia,1952,0.393772913385827
tunisia,1953,0.375748582677165
tunisia,1954,0.383682874940893
tunisia,1955,0.435578267716535
tunisia,1956,0.425602598425197
tunisia,1957,0.429553937007874
tunisia,1958,0.394619781476179
tunisia,1959,0.433514504480043
tunisia,1960,0.470552987937678
tunisia,1961,0.481635039370079
tunisia,1962,0.48960178574304
tunisia,1963,0.530602598425197
tunisia,1964,0.751497165354331
tunisia,1965,0.671496415973339
tunisia,1966,0.786472834645669
tunisia,1967,0.84148094488189
tunisia,1968,0.980440963564636
tunisia,1969,1.05133559219627
tunisia,1970,1.02039925413
tunisia,1971,1.1485080299615
tunisia,1972,1.29162949222135
tunisia,1973,1.31682404824061
tunisia,1974,1.47195613821872
tunisia,1975,1.51310722609715
tunisia,1976,1.59520512876845
tunisia,1977,1.84339243329637
tunisia,1978,2.04382902522992
tunisia,1979,2.39365174751892
tunisia,1980,2.5915805037251
tunisia,1981,2.68544866115243
tunisia,1982,2.6014904834303
tunisia,1983,3.08932256901234
tunisia,1984,3.15586925354844
tunisia,1985,3.26434078997874
tunisia,1986,3.29890520004238
tunisia,1987,3.21502156260874
tunisia,1988,3.41027440604977
tunisia,1989,3.62123296884756
tunisia,1990,3.67992061320572
tunisia,1991,4.36832658887428
tunisia,1992,4.16894500350091
tunisia,1993,4.53509508409667
tunisia,1994,4.40365911652104
tunisia,1995,4.44095672842631
tunisia,1996,4.53581589834395
tunisia,1997,4.69936150639763
tunisia,1998,4.85473392591569
tunisia,1999,5.08728313287636
tunisia,2000,5.33695768032788
tunisia,2001,5.5757750598182
tunisia,2002,5.64415483297942
tunisia,2003,5.7702970594215
tunisia,2004,6.03017890360853
tunisia,2005,6.15420105002873
tunisia,2006,6.26909047842694
tunisia,2007,6.71152766367185
tunisia,2008,6.97074050511502
tunisia,2009,6.93822307358891
tunisia,2010,7.67953361790393
tunisia,2011,7.21518246597658
tunisia,2012,7.76633568086146
tunisia,2013,7.73281191307966
tunisia,2014,8.10372863223438
tunisia,2015,8.57479330736824
tunisia,2016,8.34928653615525
tunisia,2017,8.53483216041634
tunisia,2018,8.49728545480623
tunisia,2019,8.28424265661484
tunisia,2020,7.77659973991672
tunisia,2021,9.61907306183919
tunisia,2022,9.70981958024126
turkiye,1865,0.041
turkiye,1866,0.057
turkiye,1867,0.062
turkiye,1868,0.048
turkiye,1869,0.073
turkiye,1870,0.043
turkiye,1871,0.054
turkiye,1872,0.067
turkiye,1873,0.065
turkiye,1874,0.07
turkiye,1875,0.096
turkiye,1876,0.075
turkiye,1877,0.122
turkiye,1878,0.089
turkiye,1879,0.034
turkiye,1880,0.038
turkiye,1881,0.05
turkiye,1882,0.042
turkiye,1883,0.044
turkiye,1884,0.048
turkiye,1885,0.053
turkiye,1886,0.037
turkiye,1887,0.067
turkiye,1888,0.073
turkiye,1889,0.11
turkiye,1890,0.1
turkiye,1891,0.11
turkiye,1892,0.112
turkiye,1893,0.116
turkiye,1894,0.107
turkiye,1895,0.102
turkiye,1896,0.121
turkiye,1897,0.086
turkiye,1898,0.143
turkiye,1899,0.183
turkiye,1900,0.283
turkiye,1901,0.259
turkiye,1902,0.286
turkiye,1903,0.329
turkiye,1904,0.373
turkiye,1905,0.418
turkiye,1906,0.431
turkiye,1907,0.513
turkiye,1908,0.47
turkiye,1909,0.534
turkiye,1910,0.514
turkiye,1911,0.608
turkiye,1912,0.545
turkiye,1913,0.556
turkiye,1914,0.454
turkiye,1915,0.283
turkiye,1916,0.14
turkiye,1917,0.107
turkiye,1918,0.125
turkiye,1919,0.256
turkiye,1920,0.383
turkiye,1921,0.23
turkiye,1922,0.276
turkiye,1923,0.402
turkiye,1924,0.669
turkiye,1925,0.646
turkiye,1926,0.821
turkiye,1927,0.895
turkiye,1928,0.852935118110236
turkiye,1929,0.968927007874016
turkiye,1930,1.08393511811024
turkiye,1931,1.07488656221643
turkiye,1932,1.09187845775911
turkiye,1933,1.27287023622047
turkiye,1934,1.58081346456693
turkiye,1935,1.61985401574803
turkiye,1936,1.60084590551181
turkiye,1937,1.15876480314961
turkiye,1938,1.26470780050832
turkiye,1939,1.3386837007874
turkiye,1940,1.49270783580672
turkiye,1941,1.53369972551376
turkiye,1942,1.34976480314961
turkiye,1943,1.66981346456693
turkiye,1944,1.9166837007874
turkiye,1945,1.9346837007874
turkiye,1946,1.9166431496063
turkiye,1947,2.0406108993036
turkiye,1948,2.10161881889764
turkiye,1949,2.17458637795276
turkiye,1950,2.58956187808505
turkiye,1951,2.77956220472441
turkiye,1952,2.85849716535433
turkiye,1953,3.53841606299213
turkiye,1954,3.66622120494349
turkiye,1955,3.71709140916707
turkiye,1956,3.9189294488189
turkiye,1957,4.35860503937008
turkiye,1958,4.37632890963681
turkiye,1959,4.69208639192305
turkiye,1960,4.58475346456693
turkiye,1961,4.73276157480315
turkiye,1962,5.89643716535433
turkiye,1963,6.17902354330709
turkiye,1964,7.17875590551181
turkiye,1965,7.4653265548177
turkiye,1966,8.59873401574803
turkiye,1967,9.13731279617555
turkiye,1968,9.89778564465324
turkiye,1969,10.5766097376816
turkiye,1970,11.6209684251969
turkiye,1971,13.0016807219028
turkiye,1972,14.6620740147956
turkiye,1973,16.1872269774043
turkiye,1974,16.6289968095106
turkiye,1975,17.8546202529942
turkiye,1976,20.0216698311693
turkiye,1977,22.139934723737
turkiye,1978,20.9371932917143
turkiye,1979,20.4797612302408
turkiye,1980,20.5273661721679
turkiye,1981,21.6118967655706
turkiye,1982,23.5289371760674
turkiye,1983,24.5120590323903
turkiye,1984,25.9023003927937
turkiye,1985,28.8379792120048
turkiye,1986,31.5550974596379
turkiye,1987,35.055181930769
turkiye,1988,34.0413498917298
turkiye,1989,37.5463831148795
turkiye,1990,41.379634526696
turkiye,1991,43.1567454394406
turkiye,1992,44.7775316273589
turkiye,1993,46.7082081153316
turkiye,1994,45.7329821919697
turkiye,1995,49.4965220811372
turkiye,1996,54.4887262726752
turkiye,1997,57.8897920318853
turkiye,1998,57.8971187571957
turkiye,1999,56.7488841704516
turkiye,2000,62.7556385655923
turkiye,2001,58.2918201344987
turkiye,2002,60.3781774985936
turkiye,2003,64.6194457067132
turkiye,2004,66.8036520391322
turkiye,2005,72.2900208280087
turkiye,2006,77.0655902548755
turkiye,2007,85.6150008015423
turkiye,2008,84.7767828203696
turkiye,2009,86.3570686176113
turkiye,2010,86.2972280250398
turkiye,2011,93.3562571083393
turkiye,2012,97.1908300205122
turkiye,2013,94.7957891496085
turkiye,2014,99.3526958751965
turkiye,2015,105.057221695463
turkiye,2016,110.794271410935
turkiye,2017,117.60395104813
turkiye,2018,115.190671393733
turkiye,2019,109.905091026225
turkiye,2020,112.698382118698
turkiye,2021,123.554254868336
turkiye,2022,118.909548674456
turkmenistan,1850,0.000259502699662768
turkmenistan,1851,0
turkmenistan,1852,0
turkmenistan,1853,0
turkmenistan,1854,0
turkmenistan,1855,0.000786879153816137
turkmenistan,1856,0
turkmenistan,1857,0
turkmenistan,1858,0.00110497923727372
turkmenistan,1859,0.00117194767589637
turkmenistan,1860,0.00154864514314878
turkmenistan,1861,0.00196719788454034
turkmenistan,1862,0.00177466362350022
turkmenistan,1863,0.00185837417177854
turkmenistan,1864,0.00208439265212998
turkmenistan,1865,0.00199231104902384
turkmenistan,1866,0.00629503323052909
turkmenistan,1867,0.00722422031641836
turkmenistan,1868,0.00601041736638283
turkmenistan,1869,0.00815340740230763
turkmenistan,1870,0.00884820495301762
turkmenistan,1871,0.0119454952393152
turkmenistan,1872,0.0122635953227728
turkmenistan,1873,0.011510200388268
turkmenistan,1874,0.0139712905076503
turkmenistan,1875,0.0160807963242638
turkmenistan,1876,0.0199649657643775
turkmenistan,1877,0.0203751474509412
turkmenistan,1878,0.0266283254073312
turkmenistan,1879,0.0273231229580412
turkmenistan,1880,0.0320527689357658
turkmenistan,1881,0.0337604641206434
turkmenistan,1882,0.0355602409086271
turkmenistan,1883,0.0404740500925641
turkmenistan,1884,0.0410935081498236
turkmenistan,1885,0.0447600301644136
turkmenistan,1886,0.0459068646758265
turkmenistan,1887,0.0485772311659047
turkmenistan,1888,0.0506699948728625
turkmenistan,1889,0.0547215854095328
turkmenistan,1890,0.0619709188904347
turkmenistan,1891,0.0682324679016525
turkmenistan,1892,0.0722254610545279
turkmenistan,1893,0.0846564774738573
turkmenistan,1894,0.0862218647266618
turkmenistan,1895,0.0990714338873828
turkmenistan,1896,0.100854468565711
turkmenistan,1897,0.116608793751689
turkmenistan,1898,0.130780989575208
turkmenistan,1899,0.151716997699613
turkmenistan,1900,0.171866126670203
turkmenistan,1901,0.176445093661027
turkmenistan,1902,0.170417934184988
turkmenistan,1903,0.166701185841431
turkmenistan,1904,0.185469090765429
turkmenistan,1905,0.165554351330018
turkmenistan,1906,0.188834254806217
turkmenistan,1907,0.211511442334812
turkmenistan,1908,0.212808955833126
turkmenistan,1909,0.224645627359679
turkmenistan,1910,0.220309420958863
turkmenistan,1911,0.228412602032203
turkmenistan,1912,0.258740933673436
turkmenistan,1913,0.28107490795409
turkmenistan,1914,0.253676445502598
turkmenistan,1915,0.232840890036126
turkmenistan,1916,0.248168291425885
turkmenistan,1917,0.228395859922548
turkmenistan,1918,0.0910854475816317
turkmenistan,1919,0.0778005835698636
turkmenistan,1920,0.0709446896658698
turkmenistan,1921,0.076938364922597
turkmenistan,1922,0.0938311535651604
turkmenistan,1923,0.103650400878206
turkmenistan,1924,0.123489800820167
turkmenistan,1925,0.121882558293223
turkmenistan,1926,0.176595772647928
turkmenistan,1927,0.219556026024358
turkmenistan,1928,0.2399798132428
turkmenistan,1929,0.258605349203738
turkmenistan,1930,0.353795913896625
turkmenistan,1931,0.42553754742174
turkmenistan,1932,0.478480431020008
turkmenistan,1933,0.535728781065023
turkmenistan,1934,0.647100201396224
turkmenistan,1935,0.730877054000267
turkmenistan,1936,0.836016233298472
turkmenistan,1937,0.856247489913907
turkmenistan,1938,0.903879274377161
turkmenistan,1939,0.915009847742187
turkmenistan,1940,1.09682281820957
turkmenistan,1941,0.963490123993126
turkmenistan,1942,0.530549083933116
turkmenistan,1943,0.553711792641725
turkmenistan,1944,0.802985063304884
turkmenistan,1945,0.844795123665498
turkmenistan,1946,0.945655518032997
turkmenistan,1947,1.13689431534429
turkmenistan,1948,1.20659173226777
turkmenistan,1949,1.37067346712144
turkmenistan,1950,1.52438176952316
turkmenistan,1951,1.6495078005635
turkmenistan,1952,1.76610293438295
turkmenistan,1953,1.86787743411341
turkmenistan,1954,2.03743505744509
turkmenistan,1955,2.31019958242346
turkmenistan,1956,2.53743009862973
turkmenistan,1957,2.77922819133284
turkmenistan,1958,2.97027841781342
turkmenistan,1959,3.12387566352342
turkmenistan,1960,3.25446027331031
turkmenistan,1961,3.36232577859879
turkmenistan,1962,3.53612197859731
turkmenistan,1963,3.79898975467378
turkmenistan,1964,4.04621120325607
turkmenistan,1965,4.29508767833547
turkmenistan,1966,4.53802986476875
turkmenistan,1967,4.75095085315594
turkmenistan,1968,4.89041319301417
turkmenistan,1969,5.09742529367526
turkmenistan,1970,5.35807077535142
turkmenistan,1971,5.69392895934891
turkmenistan,1972,5.99573594958715
turkmenistan,1973,6.25505257833747
turkmenistan,1974,6.4999063122478
turkmenistan,1975,6.83746473089305
turkmenistan,1976,7.09986211063956
turkmenistan,1977,7.34093216987958
turkmenistan,1978,7.59484392048081
turkmenistan,1979,7.65647899559493
turkmenistan,1980,7.95353521289268
turkmenistan,1981,7.80974795214457
turkmenistan,1982,7.95663946126484
turkmenistan,1983,8.07096639432161
turkmenistan,1984,8.14363829805713
turkmenistan,1985,8.77641263292928
turkmenistan,1986,9.6933633404014
turkmenistan,1987,9.76818937196215
turkmenistan,1988,10.0907797672376
turkmenistan,1989,10.2205907484702
turkmenistan,1990,8.65243637241996
turkmenistan,1991,8.84887913044775
turkmenistan,1992,8.73203638025726
turkmenistan,1993,7.50993349562408
turkmenistan,1994,9.33846666943908
turkmenistan,1995,9.43481839840716
turkmenistan,1996,8.63924706448496
turkmenistan,1997,8.51421244217924
turkmenistan,1998,9.12814120325465
turkmenistan,1999,10.8616019394173
turkmenistan,2000,10.7427666531647
turkmenistan,2001,9.28880539219459
turkmenistan,2002,8.22347148821136
turkmenistan,2003,11.0719322064989
turkmenistan,2004,13.4702796004546
turkmenistan,2005,13.0809677990932
turkmenistan,2006,13.5097145174143
turkmenistan,2007,13.423287685662
turkmenistan,2008,16.2222764026712
turkmenistan,2009,14.3183308255518
turkmenistan,2010,16.1528570351577
turkmenistan,2011,17.7824990382385
turkmenistan,2012,18.2692794070721
turkmenistan,2013,17.5599470434512
turkmenistan,2014,17.1395584321796
turkmenistan,2015,17.555343408196
turkmenistan,2016,17.5901584480706
turkmenistan,2017,17.5654713033021
turkmenistan,2018,17.4018022751192
turkmenistan,2019,17.828779050666
turkmenistan,2020,18.4763862453716
turkmenistan,2021,19.0979109873823
turkmenistan,2022,19.3663614357198
turks_and_caicos_islands,1970,0
turks_and_caicos_islands,1971,0
turks_and_caicos_islands,1972,0
turks_and_caicos_islands,1973,0
turks_and_caicos_islands,1974,0
turks_and_caicos_islands,1975,0
turks_and_caicos_islands,1976,0
turks_and_caicos_islands,1977,0
turks_and_caicos_islands,1978,0
turks_and_caicos_islands,1979,0
turks_and_caicos_islands,1980,0
turks_and_caicos_islands,1981,0
turks_and_caicos_islands,1982,0
turks_and_caicos_islands,1983,0
turks_and_caicos_islands,1984,0
turks_and_caicos_islands,1985,0
turks_and_caicos_islands,1986,0
turks_and_caicos_islands,1987,0
turks_and_caicos_islands,1988,0
turks_and_caicos_islands,1989,0
turks_and_caicos_islands,1990,0.017
turks_and_caicos_islands,1991,0.017
turks_and_caicos_islands,1992,0.018
turks_and_caicos_islands,1993,0.018
turks_and_caicos_islands,1994,0.019
turks_and_caicos_islands,1995,0.019
turks_and_caicos_islands,1996,0.019
turks_and_caicos_islands,1997,0.023
turks_and_caicos_islands,1998,0.024
turks_and_caicos_islands,1999,0.027
turks_and_caicos_islands,2000,0.03
turks_and_caicos_islands,2001,0.031
turks_and_caicos_islands,2002,0.041
turks_and_caicos_islands,2003,0.043
turks_and_caicos_islands,2004,0.044
turks_and_caicos_islands,2005,0.052
turks_and_caicos_islands,2006,0.059
turks_and_caicos_islands,2007,0.069
turks_and_caicos_islands,2008,0.072
turks_and_caicos_islands,2009,0.075
turks_and_caicos_islands,2010,0.077
turks_and_caicos_islands,2011,0.077
turks_and_caicos_islands,2012,0.077
turks_and_caicos_islands,2013,0.078
turks_and_caicos_islands,2014,0.084
turks_and_caicos_islands,2015,0.085
turks_and_caicos_islands,2016,0.09
turks_and_caicos_islands,2017,0.096
turks_and_caicos_islands,2018,0.099
turks_and_caicos_islands,2019,0.099
turks_and_caicos_islands,2020,0.098
turks_and_caicos_islands,2021,0.0944353682326445
turks_and_caicos_islands,2022,0.0953057054492127
tuvalu,1990,0.001
tuvalu,1991,0.001
tuvalu,1992,0.001
tuvalu,1993,0.001
tuvalu,1994,0.001
tuvalu,1995,0.001
tuvalu,1996,0.001
tuvalu,1997,0.001
tuvalu,1998,0.003
tuvalu,1999,0.003
tuvalu,2000,0.002
tuvalu,2001,0.003
tuvalu,2002,0.003
tuvalu,2003,0.003
tuvalu,2004,0.003
tuvalu,2005,0.003
tuvalu,2006,0.003
tuvalu,2007,0.003
tuvalu,2008,0.003
tuvalu,2009,0.003
tuvalu,2010,0.003
tuvalu,2011,0.003
tuvalu,2012,0.003
tuvalu,2013,0.003
tuvalu,2014,0.003
tuvalu,2015,0.003
tuvalu,2016,0.003
tuvalu,2017,0.003
tuvalu,2018,0.003
tuvalu,2019,0.003
tuvalu,2020,0.003
tuvalu,2021,0.00313040178635275
tuvalu,2022,0.00309510986640744
uganda,1950,0.029
uganda,1951,0.038
uganda,1952,0.039
uganda,1953,0.0569756692913386
uganda,1954,0.0599513385826772
uganda,1955,0.0719432283464567
uganda,1956,0.0719351181102362
uganda,1957,0.0759026771653543
uganda,1958,0.0798864566929134
uganda,1959,0.112910787401575
uganda,1960,0.114918897637795
uganda,1961,0.110927007874016
uganda,1962,0.116935118110236
uganda,1963,0.117943228346457
uganda,1964,0.133918897637795
uganda,1965,0.170854015748032
uganda,1966,0.199870236220472
uganda,1967,0.220845905511811
uganda,1968,0.26782968503937
uganda,1969,0.320805354330709
uganda,1970,0.393789133858268
uganda,1971,0.392397195683646
uganda,1972,0.376196214056203
uganda,1973,0.321081051618085
uganda,1974,0.324702531932827
uganda,1975,0.308022365120499
uganda,1976,0.268936545931174
uganda,1977,0.218877563720577
uganda,1978,0.189729960337577
uganda,1979,0.183097863516549
uganda,1980,0.170857704870143
uganda,1981,0.14384428638078
uganda,1982,0.148661735782832
uganda,1983,0.167452348206158
uganda,1984,0.158412092738067
uganda,1985,0.168371837269976
uganda,1986,0.191554387867923
uganda,1987,0.209763775444598
uganda,1988,0.235500713910469
uganda,1989,0.218473876931742
uganda,1990,0.207656904317997
uganda,1991,0.212828942681121
uganda,1992,0.217737692180767
uganda,1993,0.217646441680413
uganda,1994,0.193279737649642
uganda,1995,0.252588699155498
uganda,1996,0.277863450896752
uganda,1997,0.289832350138178
uganda,1998,0.329901014526882
uganda,1999,0.342446634427318
uganda,2000,0.371416431226033
uganda,2001,0.386759692780735
uganda,2002,0.39471089423352
uganda,2003,0.412867196057354
uganda,2004,0.438724357208777
uganda,2005,0.550748089519651
uganda,2006,0.650487513646288
uganda,2007,0.739626023471616
uganda,2008,0.758628343340611
uganda,2009,0.818722229803493
uganda,2010,0.974240925218341
uganda,2011,1.04368688591703
uganda,2012,0.989898130458515
uganda,2013,1.02470803766376
uganda,2014,1.11617515010917
uganda,2015,1.23514465065502
uganda,2016,1.30879783729456
uganda,2017,1.47049172792568
uganda,2018,1.50736931433929
uganda,2019,1.56439011875256
uganda,2020,1.511574304654
uganda,2021,1.65195278279545
uganda,2022,1.64349934551154
ukraine,1850,0.00601802701214708
ukraine,1851,0
ukraine,1852,0
ukraine,1853,0
ukraine,1854,0
ukraine,1855,0.0182482109400589
ukraine,1856,0
ukraine,1857,0
ukraine,1858,0.0256251472775295
ukraine,1859,0.0271781865064707
ukraine,1860,0.0359140321692648
ukraine,1861,0.0456205273501472
ukraine,1862,0.0411555395669413
ukraine,1863,0.0430968386031178
ukraine,1864,0.0483383460007943
ukraine,1865,0.0462029170610002
ukraine,1866,0.145985687520471
ukraine,1867,0.16753410682203
ukraine,1868,0.139385270797471
ukraine,1869,0.189082526123589
ukraine,1870,0.205195308123854
ukraine,1871,0.277023372462383
ukraine,1872,0.284400308799854
ukraine,1873,0.266928617474266
ukraine,1874,0.324002809137854
ukraine,1875,0.372923544849501
ukraine,1876,0.46299982012809
ukraine,1877,0.472512185405355
ukraine,1878,0.617527223407738
ukraine,1879,0.633640005408002
ukraine,1880,0.743323400951973
ukraine,1881,0.782925901289974
ukraine,1882,0.824663830567768
ukraine,1883,0.938618083991327
ukraine,1884,0.952983696859033
ukraine,1885,1.03801259464356
ukraine,1886,1.06460839143918
ukraine,1887,1.12653583069321
ukraine,1888,1.17506830659762
ukraine,1889,1.26902717994856
ukraine,1890,1.43714367648145
ukraine,1891,1.58235284438745
ukraine,1892,1.67495280841307
ukraine,1893,1.96323571528527
ukraine,1894,1.99953800726177
ukraine,1895,2.29752740931486
ukraine,1896,2.33887707878542
ukraine,1897,2.70422955739383
ukraine,1898,3.03289148421851
ukraine,1899,3.51841037316625
ukraine,1900,3.98568105117393
ukraine,1901,4.09187010845278
ukraine,1902,3.95209657784807
ukraine,1903,3.86590290064184
ukraine,1904,4.30114214455261
ukraine,1905,3.83930710384622
ukraine,1906,4.3791823658069
ukraine,1907,4.90508027470711
ukraine,1908,4.93517040976784
ukraine,1909,5.2096700934832
ukraine,1910,5.10911080340925
ukraine,1911,5.29702855011114
ukraine,1912,6.00036119091788
ukraine,1913,6.51829977376976
ukraine,1914,5.8829125992292
ukraine,1915,5.39972326912487
ukraine,1916,5.75517512264879
ukraine,1917,5.2966402903039
ukraine,1918,2.11232748126363
ukraine,1919,1.80424332422242
ukraine,1920,1.64525093315956
ukraine,1921,1.7842479441498
ukraine,1922,2.17600208965021
ukraine,1923,2.40371646659371
ukraine,1924,2.86380433816754
ukraine,1925,2.82653139667295
ukraine,1926,4.0953644467179
ukraine,1927,5.09163911208367
ukraine,1928,5.65631922174616
ukraine,1929,6.0916325996632
ukraine,1930,8.28215244573003
ukraine,1931,9.94977322272392
ukraine,1932,11.2096592666193
ukraine,1933,12.5274556807088
ukraine,1934,15.1532966921606
ukraine,1935,17.1524200114335
ukraine,1936,19.6682532728734
ukraine,1937,20.1117485754563
ukraine,1938,21.2270060013346
ukraine,1939,21.4873218878165
ukraine,1940,25.7624508747474
ukraine,1941,22.632217453088
ukraine,1942,12.3037591613829
ukraine,1943,12.8409166046929
ukraine,1944,18.6217168746193
ukraine,1945,19.7162514398679
ukraine,1946,22.1586135602868
ukraine,1947,26.6831332588319
ukraine,1948,28.3943069427818
ukraine,1949,32.2775917466838
ukraine,1950,35.9798153545586
ukraine,1951,38.9952582876984
ukraine,1952,41.7579025219068
ukraine,1953,44.1775810527166
ukraine,1954,48.2497953369449
ukraine,1955,54.7105353755937
ukraine,1956,59.9817597804258
ukraine,1957,65.6354072856934
ukraine,1958,70.0516837712005
ukraine,1959,73.6436200292386
ukraine,1960,76.6624688436161
ukraine,1961,79.0430030827049
ukraine,1962,82.9376029530899
ukraine,1963,88.9346394198433
ukraine,1964,94.5711276364139
ukraine,1965,100.307465277683
ukraine,1966,105.915897857513
ukraine,1967,110.731866616162
ukraine,1968,113.824426586264
ukraine,1969,118.531436628387
ukraine,1970,124.677954071903
ukraine,1971,132.297288026511
ukraine,1972,139.19244322153
ukraine,1973,145.059385915737
ukraine,1974,150.566597560454
ukraine,1975,158.260487749102
ukraine,1976,164.348356349473
ukraine,1977,169.925166154551
ukraine,1978,175.74195999722
ukraine,1979,177.200425543727
ukraine,1980,184.186598442291
ukraine,1981,180.615257815053
ukraine,1982,184.039247168103
ukraine,1983,186.628827440292
ukraine,1984,188.274255805071
ukraine,1985,203.120697995242
ukraine,1986,202.145966705117
ukraine,1987,200.281580374031
ukraine,1988,198.514635150278
ukraine,1989,186.452206424744
ukraine,1990,192.747513118936
ukraine,1991,172.741298561975
ukraine,1992,160.830465167622
ukraine,1993,139.27957943441
ukraine,1994,114.490202973019
ukraine,1995,106.460729861393
ukraine,1996,96.0070100513034
ukraine,1997,92.9351449777084
ukraine,1998,89.740065428361
ukraine,1999,81.4898729687339
ukraine,2000,77.9678519188703
ukraine,2001,82.939761708417
ukraine,2002,80.7589854616225
ukraine,2003,83.8551731223321
ukraine,2004,84.7777704900438
ukraine,2005,85.5705667218371
ukraine,2006,90.901102701358
ukraine,2007,91.9267352056239
ukraine,2008,88.9692689405512
ukraine,2009,75.7623796126014
ukraine,2010,80.340007485292
ukraine,2011,84.1638629721551
ukraine,2012,83.0851832919047
ukraine,2013,81.1896869259342
ukraine,2014,70.3163250141333
ukraine,2015,61.0773938828214
ukraine,2016,63.8539946628174
ukraine,2017,60.8845010485225
ukraine,2018,63.2270254673685
ukraine,2019,60.5740074646409
ukraine,2020,56.4475571187659
ukraine,2021,57.3562494041335
ukraine,2022,38.5515789341468
united_arab_emirates,1950,0
united_arab_emirates,1951,0
united_arab_emirates,1952,0
united_arab_emirates,1953,0
united_arab_emirates,1954,0
united_arab_emirates,1955,0
united_arab_emirates,1956,0
united_arab_emirates,1957,0
united_arab_emirates,1958,0
united_arab_emirates,1959,0.003
united_arab_emirates,1960,0.003
united_arab_emirates,1961,0.003
united_arab_emirates,1962,0.005
united_arab_emirates,1963,0.006
united_arab_emirates,1964,0.005
united_arab_emirates,1965,0.006
united_arab_emirates,1966,0.007
united_arab_emirates,1967,0.25
united_arab_emirates,1968,0.339
united_arab_emirates,1969,5.597
united_arab_emirates,1970,4.158
united_arab_emirates,1971,5.777
united_arab_emirates,1972,6.396
united_arab_emirates,1973,8.353
united_arab_emirates,1974,8.543
united_arab_emirates,1975,8.473
united_arab_emirates,1976,10.8125029998204
united_arab_emirates,1977,10.5762248108022
united_arab_emirates,1978,12.2144078378273
united_arab_emirates,1979,9.97446924952132
united_arab_emirates,1980,10.0500539006546
united_arab_emirates,1981,10.0346442042317
united_arab_emirates,1982,10.0307788759602
united_arab_emirates,1983,9.61256914097666
united_arab_emirates,1984,12.5970639139753
united_arab_emirates,1985,13.5514560174544
united_arab_emirates,1986,12.8357220916025
united_arab_emirates,1987,12.9504239510818
united_arab_emirates,1988,13.1265279316815
united_arab_emirates,1989,14.7887922084185
united_arab_emirates,1990,14.1112919926304
united_arab_emirates,1991,15.4676372468048
united_arab_emirates,1992,15.7633885967397
united_arab_emirates,1993,17.8945312661266
united_arab_emirates,1994,20.4722993127574
united_arab_emirates,1995,19.7771571351889
united_arab_emirates,1996,20.5819196703809
united_arab_emirates,1997,19.9016140862296
united_arab_emirates,1998,21.8630737442642
united_arab_emirates,1999,21.10157219816
united_arab_emirates,2000,30.5166761611741
united_arab_emirates,2001,27.6795742480939
united_arab_emirates,2002,23.102913219942
united_arab_emirates,2003,29.0510701587637
united_arab_emirates,2004,30.486513254249
united_arab_emirates,2005,31.2225481361011
united_arab_emirates,2006,33.2164508823299
united_arab_emirates,2007,36.3331100906764
united_arab_emirates,2008,41.944192057796
united_arab_emirates,2009,45.8551450074958
united_arab_emirates,2010,50.4482267353016
united_arab_emirates,2011,53.9227970577849
united_arab_emirates,2012,56.6026895053133
united_arab_emirates,2013,58.2246525281347
united_arab_emirates,2014,57.3097807581231
united_arab_emirates,2015,61.5948824350995
united_arab_emirates,2016,61.8462670871756
united_arab_emirates,2017,57.9941001415318
united_arab_emirates,2018,57.1174989497198
united_arab_emirates,2019,59.9226453263498
united_arab_emirates,2020,59.161662932009
united_arab_emirates,2021,64.7513580241442
united_arab_emirates,2022,66.5652901938301
united_kingdom,1850,33.3925089529614
united_kingdom,1851,31.77160918332
united_kingdom,1852,31.65873830895
united_kingdom,1853,31.4841893611538
united_kingdom,1854,37.9400333066774
united_kingdom,1855,35.526570293509
united_kingdom,1856,38.2317705939835
united_kingdom,1857,37.5472936367495
united_kingdom,1858,36.7995218253551
united_kingdom,1859,40.8577893745797
united_kingdom,1860,45.838
united_kingdom,1861,47.775
united_kingdom,1862,46.253
united_kingdom,1863,49.188
united_kingdom,1864,52.923
united_kingdom,1865,56.083
united_kingdom,1866,57.787
united_kingdom,1867,59.327
united_kingdom,1868,58.193
united_kingdom,1869,61.055
united_kingdom,1870,62.362
united_kingdom,1871,66.058
united_kingdom,1872,69.593
united_kingdom,1873,72.232
united_kingdom,1874,70.193
united_kingdom,1875,74.096
united_kingdom,1876,73.968
united_kingdom,1877,75.3
united_kingdom,1878,73.956
united_kingdom,1879,74.412
united_kingdom,1880,81.093
united_kingdom,1881,85.238
united_kingdom,1882,85.962
united_kingdom,1883,89.446
united_kingdom,1884,87.09
united_kingdom,1885,86.051
united_kingdom,1886,85.27
united_kingdom,1887,87.457
united_kingdom,1888,90.93
united_kingdom,1889,94.166
united_kingdom,1890,96.349
united_kingdom,1891,98.382
united_kingdom,1892,96.345
united_kingdom,1893,86.302
united_kingdom,1894,98.827
united_kingdom,1895,99.768
united_kingdom,1896,102.615
united_kingdom,1897,105.341
united_kingdom,1898,105.589
united_kingdom,1899,113.142
united_kingdom,1900,114.558
united_kingdom,1901,112.091
united_kingdom,1902,116.441
united_kingdom,1903,117.354
united_kingdom,1904,117.902
united_kingdom,1905,119.452
united_kingdom,1906,123.731
united_kingdom,1907,129.249
united_kingdom,1908,126.082
united_kingdom,1909,127.207
united_kingdom,1910,128.202
united_kingdom,1911,131.373
united_kingdom,1912,124.423
united_kingdom,1913,136.005
united_kingdom,1914,131.873
united_kingdom,1915,133.592
united_kingdom,1916,138.393
united_kingdom,1917,136.782
united_kingdom,1918,127.415
united_kingdom,1919,124.49
united_kingdom,1920,128.48
united_kingdom,1921,87.283
united_kingdom,1922,116.873
united_kingdom,1923,124.152
united_kingdom,1924,129.908
united_kingdom,1925,122.723
united_kingdom,1926,67.241
united_kingdom,1927,127.384
united_kingdom,1928,119.44315007874
united_kingdom,1929,125.729744566929
united_kingdom,1930,120.380363432648
united_kingdom,1931,112.503398267717
united_kingdom,1932,108.051231225235
united_kingdom,1933,107.029068976378
united_kingdom,1934,115.503176850394
united_kingdom,1935,117.114325275591
united_kingdom,1936,123.852611515151
united_kingdom,1937,127.764946598462
united_kingdom,1938,122.527289535214
united_kingdom,1939,123.487
united_kingdom,1940,129.679
united_kingdom,1941,128.179995134404
united_kingdom,1942,127.974865433071
united_kingdom,1943,124.132189779605
united_kingdom,1944,120.63989050883
united_kingdom,1945,113.980458267717
united_kingdom,1946,119.030627795276
united_kingdom,1947,125.892198014726
united_kingdom,1948,129.793454251969
united_kingdom,1949,132.398667559055
united_kingdom,1950,136.679067321531
united_kingdom,1951,148.813540159154
united_kingdom,1952,144.297518433001
united_kingdom,1953,147.437429133858
united_kingdom,1954,150.930593779528
united_kingdom,1955,157.464969202187
united_kingdom,1956,156.747693543307
united_kingdom,1957,155.762593779528
united_kingdom,1958,151.832926299213
united_kingdom,1959,149.182896299213
united_kingdom,1960,159.394109606299
united_kingdom,1961,160.648144488189
united_kingdom,1962,161.826282362205
united_kingdom,1963,164.679493228346
united_kingdom,1964,165.902289572258
united_kingdom,1965,169.790289685039
united_kingdom,1966,168.688500551181
united_kingdom,1967,161.587616655394
united_kingdom,1968,165.526283896633
united_kingdom,1969,171.501786962429
united_kingdom,1970,178.105184251969
united_kingdom,1971,180.236958758283
united_kingdom,1972,176.863076316147
united_kingdom,1973,180.015582763428
united_kingdom,1974,168.445311300057
united_kingdom,1975,164.641661569495
united_kingdom,1976,163.353163662085
united_kingdom,1977,164.945887202973
united_kingdom,1978,165.041896047118
united_kingdom,1979,175.904138257442
united_kingdom,1980,158.033683080582
united_kingdom,1981,152.989759072424
united_kingdom,1982,149.628921467195
united_kingdom,1983,148.8769475937
united_kingdom,1984,144.407252443762
united_kingdom,1985,152.736715360986
united_kingdom,1986,155.173027986943
united_kingdom,1987,156.022815969928
united_kingdom,1988,155.647852707192
united_kingdom,1989,158.727101620095
united_kingdom,1990,164.286320449369
united_kingdom,1991,166.324419607741
united_kingdom,1992,162.075852145461
united_kingdom,1993,158.19119451183
united_kingdom,1994,156.663998371207
united_kingdom,1995,154.51936646757
united_kingdom,1996,160.142105922904
united_kingdom,1997,153.57753971357
united_kingdom,1998,155.170223158278
united_kingdom,1999,153.288639209016
united_kingdom,2000,155.30396183804
united_kingdom,2001,157.743060424499
united_kingdom,2002,152.912991250529
united_kingdom,2003,156.00949302971
united_kingdom,2004,156.503755994011
united_kingdom,2005,155.660035390152
united_kingdom,2006,154.979710544242
united_kingdom,2007,152.720108168223
united_kingdom,2008,148.726093031552
united_kingdom,2009,134.854721938002
united_kingdom,2010,139.711949240164
united_kingdom,2011,128.196865469961
united_kingdom,2012,133.04497156513
united_kingdom,2013,130.35242021847
united_kingdom,2014,119.761757931342
united_kingdom,2015,115.300434907992
united_kingdom,2016,109.014773773453
united_kingdom,2017,105.722473026011
united_kingdom,2018,103.6380335883
united_kingdom,2019,99.5505747090612
united_kingdom,2020,89.045632967835
united_kingdom,2021,94.8321645100078
united_kingdom,2022,86.9689862311176
united_republic_of_tanzania,1950,0.136
united_republic_of_tanzania,1951,0.122
united_republic_of_tanzania,1952,0.147
united_republic_of_tanzania,1953,0.144
united_republic_of_tanzania,1954,0.147
united_republic_of_tanzania,1955,0.152
united_republic_of_tanzania,1956,0.18
united_republic_of_tanzania,1957,0.208
united_republic_of_tanzania,1958,0.219
united_republic_of_tanzania,1959,0.188
united_republic_of_tanzania,1960,0.226
united_republic_of_tanzania,1961,0.192
united_republic_of_tanzania,1962,0.209
united_republic_of_tanzania,1963,0.219
united_republic_of_tanzania,1964,0.282
united_republic_of_tanzania,1965,0.317
united_republic_of_tanzania,1966,0.373943379737533
united_republic_of_tanzania,1967,0.479837795275591
united_republic_of_tanzania,1968,0.45083006184238
united_republic_of_tanzania,1969,0.489813464566929
united_republic_of_tanzania,1970,0.481813464566929
united_republic_of_tanzania,1971,0.671805354330709
united_republic_of_tanzania,1972,0.590740472440945
united_republic_of_tanzania,1973,0.86865125984252
united_republic_of_tanzania,1974,0.628675590551181
united_republic_of_tanzania,1975,0.622707562093324
united_republic_of_tanzania,1976,0.760362579625096
united_republic_of_tanzania,1977,0.547931754442163
united_republic_of_tanzania,1978,0.599708616858605
united_republic_of_tanzania,1979,0.562988570050788
united_republic_of_tanzania,1980,0.5113652200772
united_republic_of_tanzania,1981,0.575006798076623
united_republic_of_tanzania,1982,0.586326355877442
united_republic_of_tanzania,1983,0.599427993616931
united_republic_of_tanzania,1984,0.64055199846677
united_republic_of_tanzania,1985,0.638073211901395
united_republic_of_tanzania,1986,0.621613785060039
united_republic_of_tanzania,1987,0.646154358218682
united_republic_of_tanzania,1988,0.620001663800255
united_republic_of_tanzania,1989,0.58995589832014
united_republic_of_tanzania,1990,0.576503533932795
united_republic_of_tanzania,1991,0.615520700848984
united_republic_of_tanzania,1992,0.594319919047224
united_republic_of_tanzania,1993,0.66212781220324
united_republic_of_tanzania,1994,0.563079510760964
united_republic_of_tanzania,1995,0.664271333415638
united_republic_of_tanzania,1996,0.689603060026731
united_republic_of_tanzania,1997,0.77084001410829
united_republic_of_tanzania,1998,0.677111740510771
united_republic_of_tanzania,1999,0.67105770993973
united_republic_of_tanzania,2000,0.701916088458544
united_republic_of_tanzania,2001,0.829915275171199
united_republic_of_tanzania,2002,0.95131445433095
united_republic_of_tanzania,2003,1.00634311567158
united_republic_of_tanzania,2004,1.15209692051975
united_republic_of_tanzania,2005,1.46174045725294
united_republic_of_tanzania,2006,1.60377761318166
united_republic_of_tanzania,2007,1.55735434499882
united_republic_of_tanzania,2008,1.61333931730323
united_republic_of_tanzania,2009,1.57401140072577
united_republic_of_tanzania,2010,1.88946294682004
united_republic_of_tanzania,2011,2.05346105881231
united_republic_of_tanzania,2012,2.39764084452021
united_republic_of_tanzania,2013,2.64383057041363
united_republic_of_tanzania,2014,2.51048298762386
united_republic_of_tanzania,2015,2.65374727969859
united_republic_of_tanzania,2016,2.78753606347345
united_republic_of_tanzania,2017,3.06603271892626
united_republic_of_tanzania,2018,3.23085755593264
united_republic_of_tanzania,2019,3.75090000429036
united_republic_of_tanzania,2020,3.86699638131258
united_republic_of_tanzania,2021,4.20774479573788
united_republic_of_tanzania,2022,4.24945388227652
united_states_of_america,1850,5.402
united_states_of_america,1851,6.723
united_states_of_america,1852,7.312
united_states_of_america,1853,8.232
united_states_of_america,1854,9.05
united_states_of_america,1855,10.415
united_states_of_america,1856,10.927
united_states_of_america,1857,11.205
united_states_of_america,1858,11.367
united_states_of_america,1859,12.369
united_states_of_america,1860,12.947
united_states_of_america,1861,12.467
united_states_of_america,1862,12.95
united_states_of_america,1863,14.959
united_states_of_america,1864,16.009
united_states_of_america,1865,16.054
united_states_of_america,1866,16.166
united_states_of_america,1867,19.887
united_states_of_america,1868,22.476
united_states_of_america,1869,25.572
united_states_of_america,1870,26.916
united_states_of_america,1871,28.117
united_states_of_america,1872,34.472
united_states_of_america,1873,38.075
united_states_of_america,1874,36.653
united_states_of_america,1875,37.049
united_states_of_america,1876,36.25
united_states_of_america,1877,40.168
united_states_of_america,1878,39.275
united_states_of_america,1879,47.89
united_states_of_america,1880,54.2260470316271
united_states_of_america,1881,57.3670567208398
united_states_of_america,1882,64.2450737370917
united_states_of_america,1883,69.2910950641275
united_states_of_america,1884,73.0320907533437
united_states_of_america,1885,74.2800941565941
united_states_of_america,1886,78.4561020975116
united_states_of_america,1887,83.8921518472241
united_states_of_america,1888,102.040147548942
united_states_of_america,1889,91.5781588183515
united_states_of_america,1890,109.647181506687
united_states_of_america,1891,116.655186561467
united_states_of_america,1892,122.939198718535
united_states_of_america,1893,123.93418156266
united_states_of_america,1894,116.007189725424
united_states_of_america,1895,130.990198100959
united_states_of_america,1896,131.245215844871
united_states_of_america,1897,136.541249332628
united_states_of_america,1898,148.832274783156
united_states_of_america,1899,170.72435213307
united_states_of_america,1900,180.878380628266
united_states_of_america,1901,196.923454754499
united_states_of_america,1902,208.650588976942
united_states_of_america,1903,244.106695536952
united_states_of_america,1904,240.736227786085
united_states_of_america,1905,269.23647440117
united_states_of_america,1906,282.606781467476
united_states_of_america,1907,328.56479846016
united_states_of_america,1908,287.339764036839
united_states_of_america,1909,318.151235456635
united_states_of_america,1910,347.047509382887
united_states_of_america,1911,343.522534583418
united_states_of_america,1912,366.693647269041
united_states_of_america,1913,393.706901674932
united_states_of_america,1914,359.71076803845
united_states_of_america,1915,373.279749020334
united_states_of_america,1916,414.568963325701
united_states_of_america,1917,456.050933702125
united_states_of_america,1918,476.997302253963
united_states_of_america,1919,403.700560493971
united_states_of_america,1920,474.412048573129
united_states_of_america,1921,388.555846382987
united_states_of_america,1922,391.855432060909
united_states_of_america,1923,517.668066840943
united_states_of_america,1924,463.515358517729
united_states_of_america,1925,479.854087198808
united_states_of_america,1926,520.209720553656
united_states_of_america,1927,508.416782060163
united_states_of_america,1928,499.717501244378
united_states_of_america,1929,535.891442880505
united_states_of_america,1930,476.232611652164
united_states_of_america,1931,405.283609229904
united_states_of_america,1932,343.289873052223
united_states_of_america,1933,368.143243134321
united_states_of_america,1934,391.986534385187
united_states_of_america,1935,407.292840351798
united_states_of_america,1936,467.634197364894
united_states_of_america,1937,489.249420510625
united_states_of_america,1938,413.68718184903
united_states_of_america,1939,456.037245411306
united_states_of_america,1940,511.731741038778
united_states_of_america,1941,557.74697061358
united_states_of_america,1942,599.963148145676
united_states_of_america,1943,620.103452378641
united_states_of_america,1944,667.277157063211
united_states_of_america,1945,643.982388192653
united_states_of_america,1946,616.12821073005
united_states_of_america,1947,678.453721500233
united_states_of_america,1948,704.846750080859
united_states_of_america,1949,590.846727820878
united_states_of_america,1950,693.63680814496
united_states_of_america,1951,714.713871007218
united_states_of_america,1952,696.293505861976
united_states_of_america,1953,713.147136917385
united_states_of_america,1954,679.438335451767
united_states_of_america,1955,744.681196521816
united_states_of_america,1956,780.566260138816
united_states_of_america,1957,773.955276303188
united_states_of_america,1958,749.756456696051
united_states_of_america,1959,772.904780926673
united_states_of_america,1960,790.751981491601
united_states_of_america,1961,787.901937819563
united_states_of_america,1962,817.112999843882
united_states_of_america,1963,853.298982106789
united_states_of_america,1964,890.915339668487
united_states_of_america,1965,927.823896170687
united_states_of_america,1966,974.732891425041
united_states_of_america,1967,1011.31576227397
united_states_of_america,1968,1048.28590509177
united_states_of_america,1969,1101.29512566032
united_states_of_america,1970,1184.41211979682
united_states_of_america,1971,1191.44794053902
united_states_of_america,1972,1248.09371705827
united_states_of_america,1973,1305.97789118847
united_states_of_america,1974,1261.21718647813
united_states_of_america,1975,1222.23661266922
united_states_of_america,1976,1295.80169568282
united_states_of_america,1977,1334.51563885922
united_states_of_america,1978,1348.64155684029
united_states_of_america,1979,1366.98738519009
united_states_of_america,1980,1312.37891823293
united_states_of_america,1981,1279.04481386519
united_states_of_america,1982,1213.78218843316
united_states_of_america,1983,1208.9036710003
united_states_of_america,1984,1272.42753567479
united_states_of_america,1985,1269.82341395677
united_states_of_america,1986,1272.77009965216
united_states_of_america,1987,1317.06103998453
united_states_of_america,1988,1378.42341191367
united_states_of_america,1989,1400.71132056777
united_states_of_america,1990,1397.64115912557
united_states_of_america,1991,1381.81133127467
united_states_of_america,1992,1412.17999633708
united_states_of_america,1993,1439.09683631293
united_states_of_america,1994,1464.05002327504
united_states_of_america,1995,1480.69314843964
united_states_of_america,1996,1531.92760688684
united_states_of_america,1997,1552.4406416552
united_states_of_america,1998,1564.75997557275
united_states_of_america,1999,1584.03871016269
united_states_of_america,2000,1640.32094102728
united_states_of_america,2001,1612.37443651301
united_states_of_america,2002,1622.90069447376
united_states_of_america,2003,1640.3235433543
united_states_of_america,2004,1668.30092363208
united_states_of_america,2005,1673.6308051908
united_states_of_america,2006,1651.9340106191
united_states_of_america,2007,1673.06843873381
united_states_of_america,2008,1614.38822739379
united_states_of_america,2009,1495.83125859017
united_states_of_america,2010,1550.14062461356
united_states_of_america,2011,1513.67796597177
united_states_of_america,2012,1458.5387499257
united_states_of_america,2013,1495.67591067323
united_states_of_america,2014,1508.9195052337
united_states_of_america,2015,1467.3780362115
united_states_of_america,2016,1433.66052813498
united_states_of_america,2017,1422.53339123398
united_states_of_america,2018,1467.73945227234
united_states_of_america,2019,1436.17496569772
united_states_of_america,2020,1286.74345848672
united_states_of_america,2021,1373.42052926611
united_states_of_america,2022,1380.26851687979
uruguay,1932,0.0208296850393701
uruguay,1933,0.0178540157480315
uruguay,1934,0.0138864566929134
uruguay,1935,0.0138864566929134
uruguay,1936,0.0148783464566929
uruguay,1937,0.0198377952755906
uruguay,1938,0.0208296850393701
uruguay,1939,0.0238053543307087
uruguay,1940,0.0228134645669291
uruguay,1941,0.0238053543307087
uruguay,1942,0.0198377952755906
uruguay,1943,0.0178540157480315
uruguay,1944,0.0257891338582677
uruguay,1945,0.0297566929133858
uruguay,1946,0.0386999212598425
uruguay,1947,0.039691811023622
uruguay,1948,0.0396837007874016
uruguay,1949,0.039683502976762
uruguay,1950,0.669667480314961
uruguay,1951,0.715667480314961
uruguay,1952,0.860667480314961
uruguay,1953,0.956675590551181
uruguay,1954,1.01967559055118
uruguay,1955,1.06970803149606
uruguay,1956,1.09762658905103
uruguay,1957,1.20953771653543
uruguay,1958,1.08552149606299
uruguay,1959,1.19753771653543
uruguay,1960,1.17754582677165
uruguay,1961,1.12357015748032
uruguay,1962,1.09358675568979
uruguay,1963,1.17762661216626
uruguay,1964,1.24255393700787
uruguay,1965,1.50553771653543
uruguay,1966,1.47348094488189
uruguay,1967,1.33153771653543
uruguay,1968,1.33143228346457
uruguay,1969,1.52548938972511
uruguay,1970,1.56544850393701
uruguay,1971,1.58349716535433
uruguay,1972,1.65648905511811
uruguay,1973,1.57443192278062
uruguay,1974,1.54939984251969
uruguay,1975,1.62729440944882
uruguay,1976,1.60673734354185
uruguay,1977,1.53920148999878
uruguay,1978,1.56367936098241
uruguay,1979,1.70915723196605
uruguay,1980,1.58802001424157
uruguay,1981,1.46177860609964
uruguay,1982,1.3247330757261
uruguay,1983,1.03808364918853
uruguay,1984,0.938361251718187
uruguay,1985,0.896240184800467
uruguay,1986,0.863789800793529
uruguay,1987,0.966848505278865
uruguay,1988,1.30621533525064
uruguay,1989,1.32441001695684
uruguay,1990,1.08277534191752
uruguay,1991,1.23571989936854
uruguay,1992,1.40362676637095
uruguay,1993,1.21157757153446
uruguay,1994,1.10000112465094
uruguay,1995,1.24377501823379
uruguay,1996,1.4752089115758
uruguay,1997,1.50482113006112
uruguay,1998,1.53896230578196
uruguay,1999,1.82374946220213
uruguay,2000,1.43777768289657
uruguay,2001,1.37293760102084
uruguay,2002,1.24392930839186
uruguay,2003,1.23550437509878
uruguay,2004,1.51878316488386
uruguay,2005,1.56295547768313
uruguay,2006,1.80051711976435
uruguay,2007,1.62322624258264
uruguay,2008,2.23843589755112
uruguay,2009,2.16887860872216
uruguay,2010,1.71887541876224
uruguay,2011,2.08860376045394
uruguay,2012,2.34492117502608
uruguay,2013,2.04486168318791
uruguay,2014,1.82432407033416
uruguay,2015,1.84007266438725
uruguay,2016,1.77981128915216
uruguay,2017,1.68192501863013
uruguay,2018,1.79338692182089
uruguay,2019,1.77127245892957
uruguay,2020,1.76778597352492
uruguay,2021,2.21130044927004
uruguay,2022,2.15422991807537
uzbekistan,1850,0.000806043723440193
uzbekistan,1851,0
uzbekistan,1852,0
uzbekistan,1853,0
uzbekistan,1854,0
uzbekistan,1855,0.00244413258075413
uzbekistan,1856,0
uzbekistan,1857,0
uzbekistan,1858,0.00343218617722921
uzbekistan,1859,0.00364019746069764
uzbekistan,1860,0.0048102609302076
uzbekistan,1861,0.00611033145188533
uzbekistan,1862,0.00551229901191358
uzbekistan,1863,0.00577231311624912
uzbekistan,1864,0.0064743511979551
uzbekistan,1865,0.006188335683186
uzbekistan,1866,0.0195530606460331
uzbekistan,1867,0.0224392172041576
uzbekistan,1868,0.0186690126912922
uzbekistan,1869,0.0253253737622822
uzbekistan,1870,0.0274834908282672
uzbekistan,1871,0.0371040126886824
uzbekistan,1872,0.0380920662851575
uzbekistan,1873,0.0357519393461376
uzbekistan,1874,0.0433963540136026
uzbekistan,1875,0.0499487094428584
uzbekistan,1876,0.0620133638840277
uzbekistan,1877,0.0632874329952719
uzbekistan,1878,0.0827104865891372
uzbekistan,1879,0.0848686036551222
uzbekistan,1880,0.0995594005500806
uzbekistan,1881,0.104863688278526
uzbekistan,1882,0.11045399152174
uzbekistan,1883,0.125716819446237
uzbekistan,1884,0.12764092381832
uzbekistan,1885,0.139029541588216
uzbekistan,1886,0.142591734817613
uzbekistan,1887,0.150886184745917
uzbekistan,1888,0.157386537354306
uzbekistan,1889,0.169971220004146
uzbekistan,1890,0.192488441439605
uzbekistan,1891,0.211937496443904
uzbekistan,1892,0.224340169220709
uzbekistan,1893,0.262952263714538
uzbekistan,1894,0.267814527465612
uzbekistan,1895,0.307726692481119
uzbekistan,1896,0.313264992903466
uzbekistan,1897,0.362199647339416
uzbekistan,1898,0.406220035203424
uzbekistan,1899,0.471249562697744
uzbekistan,1900,0.53383495761131
uzbekistan,1901,0.548057729118464
uzbekistan,1902,0.529336713606305
uzbekistan,1903,0.517792087373806
uzbekistan,1904,0.576087249565836
uzbekistan,1905,0.514229894144409
uzbekistan,1906,0.586539816560125
uzbekistan,1907,0.656977637424624
uzbekistan,1908,0.661007856041825
uzbekistan,1909,0.697773850394871
uzbekistan,1910,0.68430511979029
uzbekistan,1911,0.709474485089971
uzbekistan,1912,0.803677595090739
uzbekistan,1913,0.873049358127463
uzbekistan,1914,0.787946741778439
uzbekistan,1915,0.723229231209321
uzbekistan,1916,0.77083781371316
uzbekistan,1917,0.709422482269104
uzbekistan,1918,0.282921346927508
uzbekistan,1919,0.241657108569456
uzbekistan,1920,0.220361953424375
uzbekistan,1921,0.2389789632948
uzbekistan,1922,0.291449809549714
uzbekistan,1923,0.321949463988273
uzbekistan,1924,0.383572806715798
uzbekistan,1925,0.378580535912555
uzbekistan,1926,0.548525754506268
uzbekistan,1927,0.68196499285127
uzbekistan,1928,0.732816705950218
uzbekistan,1929,0.788601858142128
uzbekistan,1930,1.08211605739144
uzbekistan,1931,1.30393184620392
uzbekistan,1932,1.46578212064497
uzbekistan,1933,1.64698077424146
uzbekistan,1934,1.98744933206961
uzbekistan,1935,2.2413309896038
uzbekistan,1936,2.55921738256653
uzbekistan,1937,2.62460494086749
uzbekistan,1938,2.77085208117835
uzbekistan,1939,2.80528655105066
uzbekistan,1940,3.36829311752115
uzbekistan,1941,2.95147029097426
uzbekistan,1942,1.64794339186826
uzbekistan,1943,1.7198892945379
uzbekistan,1944,2.49415929442829
uzbekistan,1945,2.61171955842151
uzbekistan,1946,2.91475011595597
uzbekistan,1947,3.49987634731899
uzbekistan,1948,3.70582232064937
uzbekistan,1949,4.20619568095684
uzbekistan,1950,4.67060881935385
uzbekistan,1951,5.04842835476003
uzbekistan,1952,5.40049595522298
uzbekistan,1953,5.7069586722794
uzbekistan,1954,6.21720005481205
uzbekistan,1955,7.04666437816657
uzbekistan,1956,7.74626889546891
uzbekistan,1957,8.49162796488052
uzbekistan,1958,9.08509742880486
uzbekistan,1959,9.55671019331672
uzbekistan,1960,9.96013916614624
uzbekistan,1961,10.3064835651908
uzbekistan,1962,10.8544237232191
uzbekistan,1963,11.6813757875971
uzbekistan,1964,12.4621224363667
uzbekistan,1965,13.2396022812117
uzbekistan,1966,13.9946525155575
uzbekistan,1967,14.6605770583118
uzbekistan,1968,15.1024663142983
uzbekistan,1969,15.749297504318
uzbekistan,1970,16.5289510082263
uzbekistan,1971,17.5827699984316
uzbekistan,1972,18.5022611382489
uzbekistan,1973,19.2944994873186
uzbekistan,1974,20.0410811846982
uzbekistan,1975,21.0756081564791
uzbekistan,1976,21.8887600319402
uzbekistan,1977,22.6303678454058
uzbekistan,1978,23.4106513176209
uzbekistan,1979,23.598419309577
uzbekistan,1980,24.5048963291062
uzbekistan,1981,24.0702797307617
uzbekistan,1982,24.5292697817443
uzbekistan,1983,24.882146737785
uzbekistan,1984,25.1125926801773
uzbekistan,1985,27.0686262883284
uzbekistan,1986,26.0330044064606
uzbekistan,1987,26.610016012737
uzbekistan,1988,27.4895814599426
uzbekistan,1989,28.3970291220455
uzbekistan,1990,28.3251503231745
uzbekistan,1991,27.9172702306566
uzbekistan,1992,30.2904821718888
uzbekistan,1993,31.5549241266376
uzbekistan,1994,29.9631459475983
uzbekistan,1995,28.6034181834061
uzbekistan,1996,29.5262502780718
uzbekistan,1997,29.7565056386463
uzbekistan,1998,33.0171285900421
uzbekistan,1999,33.7299586604803
uzbekistan,2000,33.7001404875695
uzbekistan,2001,34.4490197827511
uzbekistan,2002,36.1831943298069
uzbekistan,2003,35.560703050897
uzbekistan,2004,35.2340484619687
uzbekistan,2005,33.1877321670306
uzbekistan,2006,34.0885776539301
uzbekistan,2007,33.7938782958515
uzbekistan,2008,35.0404730240175
uzbekistan,2009,29.8109674276238
uzbekistan,2010,29.3848113649955
uzbekistan,2011,31.8657398893639
uzbekistan,2012,32.4385121564571
uzbekistan,2013,30.6446445572332
uzbekistan,2014,29.3120822263603
uzbekistan,2015,28.3012884717646
uzbekistan,2016,30.0597912399742
uzbekistan,2017,29.7300483872823
uzbekistan,2018,27.9170593497143
uzbekistan,2019,29.5930894807189
uzbekistan,2020,29.9213875808949
uzbekistan,2021,31.7652688397932
uzbekistan,2022,32.9176276062406
vanuatu,1950,0
vanuatu,1951,0
vanuatu,1952,0
vanuatu,1953,0
vanuatu,1954,0
vanuatu,1955,0
vanuatu,1956,0
vanuatu,1957,0
vanuatu,1958,0
vanuatu,1959,0
vanuatu,1960,0
vanuatu,1961,0
vanuatu,1962,0.011
vanuatu,1963,0.009
vanuatu,1964,0.017
vanuatu,1965,0.013
vanuatu,1966,0.021
vanuatu,1967,0.023
vanuatu,1968,0.017
vanuatu,1969,0.012
vanuatu,1970,0.011
vanuatu,1971,0.016
vanuatu,1972,0.017
vanuatu,1973,0.015
vanuatu,1974,0.017
vanuatu,1975,0.015
vanuatu,1976,0.012
vanuatu,1977,0.014
vanuatu,1978,0.016
vanuatu,1979,0.017
vanuatu,1980,0.017
vanuatu,1981,0.014
vanuatu,1982,0.014
vanuatu,1983,0.015
vanuatu,1984,0.015
vanuatu,1985,0.033
vanuatu,1986,0.016
vanuatu,1987,0.013
vanuatu,1988,0.018
vanuatu,1989,0.017
vanuatu,1990,0.018
vanuatu,1991,0.018
vanuatu,1992,0.018
vanuatu,1993,0.018
vanuatu,1994,0.018
vanuatu,1995,0.018
vanuatu,1996,0.023
vanuatu,1997,0.024
vanuatu,1998,0.023
vanuatu,1999,0.024
vanuatu,2000,0.024
vanuatu,2001,0.025
vanuatu,2002,0.023
vanuatu,2003,0.023
vanuatu,2004,0.016
vanuatu,2005,0.016
vanuatu,2006,0.013
vanuatu,2007,0.027
vanuatu,2008,0.026
vanuatu,2009,0.033
vanuatu,2010,0.033
vanuatu,2011,0.037
vanuatu,2012,0.032
vanuatu,2013,0.03
vanuatu,2014,0.043
vanuatu,2015,0.037
vanuatu,2016,0.041
vanuatu,2017,0.039
vanuatu,2018,0.049
vanuatu,2019,0.045
vanuatu,2020,0.055
vanuatu,2021,0.0573906994164671
vanuatu,2022,0.0567436808841364
venezuela,1904,0.001
venezuela,1908,0.001
venezuela,1913,0.004
venezuela,1914,0.008
venezuela,1915,0.014
venezuela,1916,0.022
venezuela,1917,0.022
venezuela,1918,0.059
venezuela,1919,0.058
venezuela,1920,0.041
venezuela,1921,0.044
venezuela,1922,0.056
venezuela,1923,0.123
venezuela,1924,0.105
venezuela,1925,0.184
venezuela,1926,0.292
venezuela,1927,0.277
venezuela,1928,0.519
venezuela,1929,0.532
venezuela,1930,0.007
venezuela,1931,0.00101449275362319
venezuela,1932,1.039
venezuela,1933,0.77
venezuela,1934,1.426
venezuela,1935,1.63497568416341
venezuela,1936,0.863959448818898
venezuela,1937,2.56495133858268
venezuela,1938,1.67095942453675
venezuela,1939,1.90990267716535
venezuela,1940,3.36890267716535
venezuela,1941,4.10987023622047
venezuela,1942,3.15186216971214
venezuela,1943,2.81987834645669
venezuela,1944,4.12787023622047
venezuela,1945,4.29987026639108
venezuela,1946,21.8478621259843
venezuela,1947,5.59383782426661
venezuela,1948,6.97376476941996
venezuela,1949,7.83768366042767
venezuela,1950,10.446448503937
venezuela,1951,12.9313187401575
venezuela,1952,13.8490754330709
venezuela,1953,13.0609132283465
venezuela,1954,13.9736619067727
venezuela,1955,16.3075888188976
venezuela,1956,17.7424023735021
venezuela,1957,18.9910696621454
venezuela,1958,14.8622158680619
venezuela,1959,17.7809317734602
venezuela,1960,15.5613617322835
venezuela,1961,14.1593292913386
venezuela,1962,14.7533048457432
venezuela,1963,15.3252562992126
venezuela,1964,15.4339560880604
venezuela,1965,16.5746722217826
venezuela,1966,15.5496723622047
venezuela,1967,17.9455181294354
venezuela,1968,17.8963072511335
venezuela,1969,18.8136400466825
venezuela,1970,20.330080458547
venezuela,1971,17.0579101811042
venezuela,1972,17.0617074370369
venezuela,1973,18.1312368503937
venezuela,1974,20.4851474497651
venezuela,1975,17.3991395275591
venezuela,1976,15.6313989247658
venezuela,1977,17.3717418498957
venezuela,1978,18.7203718518044
venezuela,1979,20.864463037566
venezuela,1980,24.7381562671382
venezuela,1981,25.052288160845
venezuela,1982,25.4369651861089
venezuela,1983,25.3569719041391
venezuela,1984,25.3828847470405
venezuela,1985,27.5727377383321
venezuela,1986,29.8143636684075
venezuela,1987,30.2022746888498
venezuela,1988,31.5916360612931
venezuela,1989,29.6318465841387
venezuela,1990,33.2486451322194
venezuela,1991,31.4007030450754
venezuela,1992,28.8146245131054
venezuela,1993,33.8336056949562
venezuela,1994,32.6870470124943
venezuela,1995,34.04225358395
venezuela,1996,32.2743602738228
venezuela,1997,35.3894607780293
venezuela,1998,46.4975831736179
venezuela,1999,39.0419512118402
venezuela,2000,38.9833235334338
venezuela,2001,35.6260726526794
venezuela,2002,44.8015428301404
venezuela,2003,42.1021152942382
venezuela,2004,38.9647626807087
venezuela,2005,40.477793695184
venezuela,2006,42.4664109414452
venezuela,2007,42.0202293658008
venezuela,2008,42.4413675892195
venezuela,2009,41.443279214559
venezuela,2010,51.6694118825938
venezuela,2011,45.9642870796972
venezuela,2012,47.9583952310934
venezuela,2013,54.1558483172349
venezuela,2014,48.0243935486637
venezuela,2015,45.2655861147955
venezuela,2016,41.5898769611758
venezuela,2017,37.7256817096537
venezuela,2018,27.493034080383
venezuela,2019,23.91146928251
venezuela,2020,16.909453829778
venezuela,2021,19.5450858063888
venezuela,2022,20.9858071589909
viet_nam,1850,0
viet_nam,1851,0
viet_nam,1852,0
viet_nam,1853,0
viet_nam,1854,0
viet_nam,1855,0
viet_nam,1856,0
viet_nam,1857,0
viet_nam,1858,0
viet_nam,1859,0
viet_nam,1860,0
viet_nam,1861,0
viet_nam,1862,0
viet_nam,1863,0
viet_nam,1864,0
viet_nam,1865,0
viet_nam,1866,0
viet_nam,1867,0
viet_nam,1868,0
viet_nam,1869,0
viet_nam,1870,0
viet_nam,1871,0
viet_nam,1872,0
viet_nam,1873,0
viet_nam,1874,0
viet_nam,1875,0
viet_nam,1876,0
viet_nam,1877,0
viet_nam,1878,0
viet_nam,1879,0
viet_nam,1880,0
viet_nam,1881,0
viet_nam,1882,0
viet_nam,1883,0
viet_nam,1884,0
viet_nam,1885,0
viet_nam,1886,0
viet_nam,1887,0
viet_nam,1888,0
viet_nam,1889,0
viet_nam,1890,0
viet_nam,1891,0
viet_nam,1892,0.058
viet_nam,1893,0.181
viet_nam,1894,0.083
viet_nam,1895,0.049
viet_nam,1896,0.099
viet_nam,1897,0.143
viet_nam,1898,0.179
viet_nam,1899,0.2
viet_nam,1900,0.14
viet_nam,1901,0.137
viet_nam,1902,0.109
viet_nam,1903,0.152
viet_nam,1904,0.219
viet_nam,1905,0.216
viet_nam,1906,0.228
viet_nam,1907,0.232
viet_nam,1908,0.251
viet_nam,1909,0.278
viet_nam,1910,0.361
viet_nam,1911,0.316
viet_nam,1912,0.311
viet_nam,1913,0.369
viet_nam,1914,0.449
viet_nam,1915,0.466
viet_nam,1916,0.496
viet_nam,1917,0.474
viet_nam,1918,0.461
viet_nam,1919,0.482
viet_nam,1920,0.507
viet_nam,1921,0.667
viet_nam,1922,0.717
viet_nam,1923,0.765
viet_nam,1924,0.895
viet_nam,1925,0.987
viet_nam,1926,0.934
viet_nam,1927,1.08
viet_nam,1928,1.44582157480315
viet_nam,1929,1.45279724409449
viet_nam,1930,1.43881346456693
viet_nam,1931,1.27082968503937
viet_nam,1932,1.26281346456693
viet_nam,1933,1.16687834645669
viet_nam,1934,1.16887023622047
viet_nam,1935,1.29987834645669
viet_nam,1936,1.60283779527559
viet_nam,1937,1.70274047244095
viet_nam,1938,1.73370803149606
viet_nam,1939,1.93565937007874
viet_nam,1940,1.84769181102362
viet_nam,1941,1.72666748031496
viet_nam,1942,0.923805354330709
viet_nam,1943,0.755862125984252
viet_nam,1944,0.389
viet_nam,1945,0.16799188976378
viet_nam,1946,0.194959448818898
viet_nam,1947,0.193959238709151
viet_nam,1948,0.272894566929134
viet_nam,1949,0.29382968503937
viet_nam,1950,0.403837392782478
viet_nam,1951,0.350764803149606
viet_nam,1952,0.508748582677165
viet_nam,1953,0.477675590551181
viet_nam,1954,0.728716141732283
viet_nam,1955,0.961667480314961
viet_nam,1956,0.793781023622047
viet_nam,1957,0.784821801807217
viet_nam,1958,1.36866748031496
viet_nam,1959,1.80257826771654
viet_nam,1960,2.04255393700787
viet_nam,1961,2.17749716535433
viet_nam,1962,2.54848905511811
viet_nam,1963,2.48645661417323
viet_nam,1964,3.21720519685039
viet_nam,1965,3.58895377952756
viet_nam,1966,5.23502658574555
viet_nam,1967,6.26697
viet_nam,1968,6.44129440944882
viet_nam,1969,7.38418086614173
viet_nam,1970,7.68913220472441
viet_nam,1971,6.68766239986883
viet_nam,1972,6.28680232666069
viet_nam,1973,6.84167412874034
viet_nam,1974,5.20142452713072
viet_nam,1975,5.94197316753463
viet_nam,1976,3.79330157621932
viet_nam,1977,4.16124252351527
viet_nam,1978,4.1996961236125
viet_nam,1979,4.43496367519359
viet_nam,1980,4.58216077540179
viet_nam,1981,4.82953228146879
viet_nam,1982,5.00590269505088
viet_nam,1983,5.2591954750994
viet_nam,1984,4.77488035569728
viet_nam,1985,5.75802915717904
viet_nam,1986,5.61808571170415
viet_nam,1987,6.35832426169711
viet_nam,1988,6.29708949570762
viet_nam,1989,4.74833766425074
viet_nam,1990,5.81294960567083
viet_nam,1991,5.83393417003008
viet_nam,1992,5.85874968047219
viet_nam,1993,6.2371730779802
viet_nam,1994,7.4678363201428
viet_nam,1995,8.21201408284861
viet_nam,1996,9.68381864511992
viet_nam,1997,12.4186874813998
viet_nam,1998,13.0639605273054
viet_nam,1999,13.2500883307475
viet_nam,2000,14.7203779072489
viet_nam,2001,16.6440590666703
viet_nam,2002,18.9759255731941
viet_nam,2003,21.0866724264408
viet_nam,2004,24.2737945161028
viet_nam,2005,26.158765563286
viet_nam,2006,27.1976681018886
viet_nam,2007,27.6827334312273
viet_nam,2008,31.1961511582096
viet_nam,2009,33.9774543730786
viet_nam,2010,38.0905680103712
viet_nam,2011,41.6376268216526
viet_nam,2012,39.376951615193
viet_nam,2013,41.3313285263031
viet_nam,2014,49.6296073362388
viet_nam,2015,58.8051185278219
viet_nam,2016,60.9181039002626
viet_nam,2017,62.6753539941131
viet_nam,2018,70.3390535949436
viet_nam,2019,93.28296345872
viet_nam,2020,99.1655723358688
viet_nam,2021,96.2208078925626
viet_nam,2022,93.7790977352286
wallis_and_futuna_islands,1990,0.005
wallis_and_futuna_islands,1991,0.005
wallis_and_futuna_islands,1992,0.005
wallis_and_futuna_islands,1993,0.005
wallis_and_futuna_islands,1994,0.005
wallis_and_futuna_islands,1995,0.005
wallis_and_futuna_islands,1996,0.006
wallis_and_futuna_islands,1997,0.006
wallis_and_futuna_islands,1998,0.006
wallis_and_futuna_islands,1999,0.007
wallis_and_futuna_islands,2000,0.007
wallis_and_futuna_islands,2001,0.007
wallis_and_futuna_islands,2002,0.007
wallis_and_futuna_islands,2003,0.007
wallis_and_futuna_islands,2004,0.007
wallis_and_futuna_islands,2005,0.008
wallis_and_futuna_islands,2006,0.008
wallis_and_futuna_islands,2007,0.008
wallis_and_futuna_islands,2008,0.006
wallis_and_futuna_islands,2009,0.008
wallis_and_futuna_islands,2010,0.008
wallis_and_futuna_islands,2011,0.007
wallis_and_futuna_islands,2012,0.007
wallis_and_futuna_islands,2013,0.006
wallis_and_futuna_islands,2014,0.006
wallis_and_futuna_islands,2015,0.006
wallis_and_futuna_islands,2016,0.007
wallis_and_futuna_islands,2017,0.007
wallis_and_futuna_islands,2018,0.007
wallis_and_futuna_islands,2019,0.007
wallis_and_futuna_islands,2020,0.007
wallis_and_futuna_islands,2021,0.00730427083482308
wallis_and_futuna_islands,2022,0.00722192302161736
yemen,1950,0.016
yemen,1951,0.011
yemen,1952,0.016
yemen,1953,0.019
yemen,1954,1.216
yemen,1955,0.678
yemen,1956,0.636
yemen,1957,0.807
yemen,1958,0.514
yemen,1959,0.71
yemen,1960,0.991
yemen,1961,0.727
yemen,1962,1.06
yemen,1963,0.796
yemen,1964,0.991
yemen,1965,1.072
yemen,1966,0.945
yemen,1967,0.833
yemen,1968,3.176
yemen,1969,1.276
yemen,1970,0.685
yemen,1971,0.538
yemen,1972,0.408
yemen,1973,0.744983779527559
yemen,1974,0.612935118110236
yemen,1975,0.591935118110236
yemen,1976,0.699852727068794
yemen,1977,0.812770336027351
yemen,1978,0.846648938109147
yemen,1979,0.878408330916698
yemen,1980,0.904344348991656
yemen,1981,1.15323106130967
yemen,1982,1.61943352328055
yemen,1983,1.71550185179108
yemen,1984,1.93694877016758
yemen,1985,2.33989118277548
yemen,1986,2.23581912892375
yemen,1987,2.3544352297664
yemen,1988,2.6065043802863
yemen,1989,2.71153201691921
yemen,1990,2.59830361039815
yemen,1991,2.49109607249759
yemen,1992,2.69477212528283
yemen,1993,2.354100888215
yemen,1994,2.7047179873917
yemen,1995,3.01922798244919
yemen,1996,3.08477224735059
yemen,1997,3.32189583545395
yemen,1998,3.50514904741939
yemen,1999,4.00864754484836
yemen,2000,4.29184528348302
yemen,2001,4.66083609637397
yemen,2002,4.52550084565017
yemen,2003,5.04409632520644
yemen,2004,5.45228764995945
yemen,2005,5.91199720137951
yemen,2006,6.49316522009194
yemen,2007,6.43303776112056
yemen,2008,6.66132597503478
yemen,2009,7.30804949705955
yemen,2010,7.01784962492261
yemen,2011,6.14501341370791
yemen,2012,5.55562025930711
yemen,2013,7.41277248032815
yemen,2014,7.2261369193405
yemen,2015,3.84376091495743
yemen,2016,2.73125724709029
yemen,2017,2.64590742721967
yemen,2018,3.16374874511177
yemen,2019,3.23067509044214
yemen,2020,2.97052017586996
yemen,2021,3.16264083243887
yemen,2022,3.09943979766474
zambia,1950,0.635968109882494
zambia,1951,0.701265041966361
zambia,1952,0.788850276281698
zambia,1953,0.859807226614417
zambia,1954,0.945366954403892
zambia,1955,1.11488335002504
zambia,1956,1.21544425170073
zambia,1957,1.25110349716491
zambia,1958,1.11760348264706
zambia,1959,1.2466707183869
zambia,1960,1.18866223822835
zambia,1961,1.01227396451729
zambia,1962,0.977808623509593
zambia,1963,0.940090379954313
zambia,1964,0.89382968503937
zambia,1965,1.06775669291339
zambia,1966,0.954756692913386
zambia,1967,1.3066677345349
zambia,1968,1.24662722806885
zambia,1969,1.16563503937008
zambia,1970,1.02780535433071
zambia,1971,1.03348144638442
zambia,1972,1.10846472440945
zambia,1973,1.25154618924031
zambia,1974,1.14551338582677
zambia,1975,1.11250527559055
zambia,1976,1.0969955800153
zambia,1977,1.01935184971077
zambia,1978,0.947290643815735
zambia,1979,0.981569370718136
zambia,1980,0.961588966204388
zambia,1981,0.916493131349669
zambia,1982,0.958182471730116
zambia,1983,0.88994715554308
zambia,1984,0.765404318988069
zambia,1985,0.745832880774634
zambia,1986,0.782088300675652
zambia,1987,0.729738444787019
zambia,1988,0.848532100252742
zambia,1989,0.701420639899278
zambia,1990,0.656963045053021
zambia,1991,0.650057599299691
zambia,1992,0.661761133165531
zambia,1993,0.673036739002876
zambia,1994,0.653181787343079
zambia,1995,0.584692375882012
zambia,1996,0.501636177533474
zambia,1997,0.642494982774609
zambia,1998,0.621849898353831
zambia,1999,0.48515403719318
zambia,2000,0.486930508540512
zambia,2001,0.514629760179786
zambia,2002,0.53517770418725
zambia,2003,0.566160743897034
zambia,2004,0.574271591999072
zambia,2005,0.612047656592262
zambia,2006,0.608929620592679
zambia,2007,0.626161018135163
zambia,2008,0.696787026019252
zambia,2009,0.802493576836001
zambia,2010,0.85161031520696
zambia,2011,0.920405806771472
zambia,2012,1.13696594953412
zambia,2013,1.20528369575327
zambia,2014,1.33093798098736
zambia,2015,1.3823622977775
zambia,2016,1.60051366419722
zambia,2017,1.86959693048873
zambia,2018,2.02493704510328
zambia,2019,2.11540034785988
zambia,2020,2.22280185937982
zambia,2021,2.36439871629549
zambia,2022,2.43501346699583
zimbabwe,1903,0.031
zimbabwe,1904,0.039
zimbabwe,1905,0.064
zimbabwe,1906,0.069
zimbabwe,1907,0.076
zimbabwe,1908,0.108
zimbabwe,1909,0.112
zimbabwe,1910,0.118
zimbabwe,1911,0.14
zimbabwe,1912,0.142
zimbabwe,1913,0.159
zimbabwe,1914,0.23
zimbabwe,1915,0.269
zimbabwe,1916,0.323
zimbabwe,1917,0.361
zimbabwe,1918,0.322
zimbabwe,1919,0.335
zimbabwe,1920,0.379
zimbabwe,1921,0.378
zimbabwe,1922,0.339
zimbabwe,1923,0.405
zimbabwe,1924,0.428
zimbabwe,1925,0.499
zimbabwe,1926,0.634
zimbabwe,1927,0.658
zimbabwe,1928,0.793
zimbabwe,1929,0.751
zimbabwe,1930,0.68
zimbabwe,1931,0.425
zimbabwe,1932,0.317
zimbabwe,1933,0.35
zimbabwe,1934,0.466
zimbabwe,1935,0.503
zimbabwe,1936,0.51
zimbabwe,1937,0.746
zimbabwe,1938,0.756
zimbabwe,1939,0.81
zimbabwe,1940,0.935
zimbabwe,1941,1.022
zimbabwe,1942,1.13
zimbabwe,1943,1.288
zimbabwe,1944,1.309
zimbabwe,1945,1.21792700787402
zimbabwe,1946,1.17692700787402
zimbabwe,1947,1.1019188976378
zimbabwe,1948,1.2379188976378
zimbabwe,1949,1.39991078740158
zimbabwe,1950,0.867852037066562
zimbabwe,1951,0.956957976399186
zimbabwe,1952,1.07646953689359
zimbabwe,1953,1.17329088361268
zimbabwe,1954,1.29003970336108
zimbabwe,1955,1.52135606233935
zimbabwe,1956,1.65857751013913
zimbabwe,1957,1.70722687209375
zimbabwe,1958,1.52504016456298
zimbabwe,1959,1.7011916139727
zimbabwe,1960,1.62203184658696
zimbabwe,1961,1.3813492004132
zimbabwe,1962,1.33432296865648
zimbabwe,1963,1.28285387217452
zimbabwe,1964,1.21972402576011
zimbabwe,1965,1.42172444574787
zimbabwe,1966,1.6487242519685
zimbabwe,1967,1.445
zimbabwe,1968,1.74062692913386
zimbabwe,1969,1.84057826771654
zimbabwe,1970,2.22547283464567
zimbabwe,1971,2.38338388048664
zimbabwe,1972,2.24231062992126
zimbabwe,1973,2.53025385826772
zimbabwe,1974,2.46916464566929
zimbabwe,1975,2.26826196850394
zimbabwe,1976,2.96258994886764
zimbabwe,1977,2.53395507278928
zimbabwe,1978,2.53266421868811
zimbabwe,1979,2.57414165217744
zimbabwe,1980,2.62389517441277
zimbabwe,1981,2.56697252539868
zimbabwe,1982,2.39624918071186
zimbabwe,1983,2.84527739466206
zimbabwe,1984,2.69640797257593
zimbabwe,1985,2.78758427147884
zimbabwe,1986,3.56660014819815
zimbabwe,1987,4.14031279623875
zimbabwe,1988,4.37485287303949
zimbabwe,1989,4.39783120596402
zimbabwe,1990,4.24443050694992
zimbabwe,1991,4.23077063595159
zimbabwe,1992,4.56153319841204
zimbabwe,1993,4.37953354000822
zimbabwe,1994,4.74715897306105
zimbabwe,1995,4.10163532004419
zimbabwe,1996,4.06902349865941
zimbabwe,1997,3.79693883336412
zimbabwe,1998,3.85675181820289
zimbabwe,1999,4.2925134573106
zimbabwe,2000,3.77134344352766
zimbabwe,2001,3.41395245058402
zimbabwe,2002,3.246680967445
zimbabwe,2003,2.89562848563602
zimbabwe,2004,2.57331943439531
zimbabwe,2005,2.9198933194376
zimbabwe,2006,2.82900133529977
zimbabwe,2007,2.68426882731062
zimbabwe,2008,2.10701251317392
zimbabwe,2009,2.25157443611955
zimbabwe,2010,2.38919543226758
zimbabwe,2011,2.82838400116742
zimbabwe,2012,3.07144350331906
zimbabwe,2013,3.18541856240132
zimbabwe,2014,3.26041161097722
zimbabwe,2015,3.3446928164689
zimbabwe,2016,2.87485063019735
zimbabwe,2017,2.53701657424381
zimbabwe,2018,2.924289838222
zimbabwe,2019,2.66796612862242
zimbabwe,2020,2.14236874508622
zimbabwe,2021,2.29152772401113
zimbabwe,2022,2.41702529105827
